record_id,data_source,dataset_version,department,department_code_enc,work_type,work_type_enc,user_priority,user_priority_enc,asset_condition,asset_age_years,asset_criticality,defect_severity,defect_age_days,days_until_due,overdue_days,failure_history_count,maintenance_frequency_days,last_maintenance_age_days,operational_importance,train_traffic_density,section_utilization,historical_delay_impact_min,maintenance_duration_min,safety_impact,current_priority_score,request_age_days,maintenance_risk
SIM-REQ-00001,SIMULATED,SIM-MRISK-2026.1,TRD,1,RAIL_REPLACEMENT,1,MEDIUM,1,87.5,11.8,91.2,1,6,-4,4,3,90,22,68.5,65,73.3,75.4,180,44.1,85.5,17,39.7
SIM-REQ-00002,SIMULATED,SIM-MRISK-2026.1,ENGG,0,RAIL_REPLACEMENT,1,MEDIUM,1,85.9,9.4,85.2,2,7,0,0,7,30,43,87.0,105,94.8,97.8,180,60.5,49.7,21,46.9
SIM-REQ-00003,SIMULATED,SIM-MRISK-2026.1,ENGG,0,WELD_REPAIR,6,MEDIUM,1,93.7,6.4,55.8,2,5,22,0,4,60,27,50.3,44,46.3,68.8,180,58.6,85.9,14,31.2
SIM-REQ-00004,SIMULATED,SIM-MRISK-2026.1,ENGG,0,TRACK_TAMPING,0,MEDIUM,1,95.3,5.3,81.2,2,23,14,0,3,180,283,86.0,57,64.2,30.8,60,58.2,70.9,9,46.1
SIM-REQ-00005,SIMULATED,SIM-MRISK-2026.1,SNT,2,TRACK_CIRCUIT,5,MEDIUM,1,80.1,15.8,42.3,1,3,-1,1,5,45,66,43.8,72,79.5,101.4,240,46.0,51.9,11,30.4
SIM-REQ-00006,SIMULATED,SIM-MRISK-2026.1,ENGG,0,WELD_REPAIR,6,HIGH,2,69.1,14.0,64.4,1,0,28,0,2,60,57,61.2,114,98.0,44.9,150,48.7,45.0,9,30.4
SIM-REQ-00007,SIMULATED,SIM-MRISK-2026.1,TRD,1,WELD_REPAIR,6,LOW,0,65.3,12.0,79.6,1,25,7,0,10,45,13,64.2,48,59.1,202.9,240,49.7,76.9,21,31.0
SIM-REQ-00008,SIMULATED,SIM-MRISK-2026.1,SNT,2,POINT_OVERHAUL,3,HIGH,2,92.2,6.0,74.7,1,15,2,0,3,60,67,43.3,22,31.1,45.6,120,43.0,64.1,2,26.9
SIM-REQ-00009,SIMULATED,SIM-MRISK-2026.1,ENGG,0,TRACK_TAMPING,0,MEDIUM,1,75.4,6.6,51.0,2,11,16,0,6,90,111,96.2,108,88.5,109.5,150,63.1,43.3,14,42.6
SIM-REQ-00010,SIMULATED,SIM-MRISK-2026.1,ENGG,0,RAIL_REPLACEMENT,1,MEDIUM,1,78.2,13.9,88.6,1,19,15,0,3,60,52,40.9,97,86.1,47.1,90,46.5,39.6,20,33.8
SIM-REQ-00011,SIMULATED,SIM-MRISK-2026.1,OPTG,3,BALLAST_CLEANING,4,MEDIUM,1,97.6,2.2,50.7,1,10,2,0,2,30,43,78.4,68,63.1,21.1,180,41.6,68.5,3,24.2
SIM-REQ-00012,SIMULATED,SIM-MRISK-2026.1,TRD,1,BALLAST_CLEANING,4,LOW,0,84.9,6.8,62.4,1,15,7,0,4,30,29,58.5,34,48.9,63.8,180,44.8,80.2,21,27.7
SIM-REQ-00013,SIMULATED,SIM-MRISK-2026.1,TRD,1,RAIL_REPLACEMENT,1,MEDIUM,1,50.2,21.4,82.1,2,15,16,0,4,90,51,53.3,28,41.1,75.8,60,69.5,43.1,23,40.5
SIM-REQ-00014,SIMULATED,SIM-MRISK-2026.1,ENGG,0,POINT_OVERHAUL,3,MEDIUM,1,86.2,8.2,88.4,1,9,13,0,5,180,97,83.8,51,49.7,57.8,180,44.5,60.8,15,29.0
SIM-REQ-00015,SIMULATED,SIM-MRISK-2026.1,SNT,2,WELD_REPAIR,6,LOW,0,60.7,15.8,75.9,3,1,1,0,3,180,231,82.7,56,61.0,42.7,90,82.8,48.6,7,53.1
SIM-REQ-00016,SIMULATED,SIM-MRISK-2026.1,ENGG,0,WELD_REPAIR,6,MEDIUM,1,79.0,10.6,55.3,1,33,-9,9,4,30,13,68.4,81,81.4,107.1,180,46.2,73.7,8,46.2
SIM-REQ-00017,SIMULATED,SIM-MRISK-2026.1,ENGG,0,POINT_OVERHAUL,3,HIGH,2,71.5,15.1,78.2,2,0,-4,4,8,180,202,94.9,46,54.4,106.5,150,64.1,83.7,10,49.2
SIM-REQ-00018,SIMULATED,SIM-MRISK-2026.1,OPTG,3,RAIL_REPLACEMENT,1,MEDIUM,1,99.4,5.3,86.1,2,5,4,0,2,30,20,48.4,42,46.9,40.9,120,57.1,89.6,23,34.7
SIM-REQ-00019,SIMULATED,SIM-MRISK-2026.1,ENGG,0,TRACK_TAMPING,0,MEDIUM,1,70.1,13.6,76.9,1,12,20,0,5,180,98,62.1,49,58.9,131.3,180,48.5,36.5,7,29.0
SIM-REQ-00020,SIMULATED,SIM-MRISK-2026.1,ENGG,0,BALLAST_CLEANING,4,LOW,0,45.9,22.0,74.0,2,20,-1,1,6,30,33,72.0,113,98.0,166.6,60,70.5,76.4,9,56.5
SIM-REQ-00021,SIMULATED,SIM-MRISK-2026.1,ENGG,0,TRACK_TAMPING,0,LOW,0,77.6,3.7,66.3,1,30,23,0,7,45,52,45.1,81,77.2,117.5,240,46.6,45.5,14,28.4
SIM-REQ-00022,SIMULATED,SIM-MRISK-2026.1,SNT,2,OHE_INSPECTION,2,MEDIUM,1,88.2,4.9,49.7,1,68,5,0,5,90,87,67.7,114,98.0,103.3,240,44.0,58.0,7,40.2
SIM-REQ-00023,SIMULATED,SIM-MRISK-2026.1,SNT,2,OHE_INSPECTION,2,MEDIUM,1,90.1,14.3,40.1,1,6,3,0,6,90,33,75.1,79,77.9,91.7,240,43.5,69.0,8,31.4
SIM-REQ-00024,SIMULATED,SIM-MRISK-2026.1,TRD,1,POINT_OVERHAUL,3,MEDIUM,1,95.1,7.6,80.6,1,50,9,0,3,90,62,65.1,101,89.0,60.7,150,42.2,56.1,8,35.8
SIM-REQ-00025,SIMULATED,SIM-MRISK-2026.1,TRD,1,TRACK_TAMPING,0,MEDIUM,1,91.6,7.3,70.8,1,13,11,0,3,90,142,59.6,88,81.5,70.2,90,43.1,48.4,9,31.7
SIM-REQ-00026,SIMULATED,SIM-MRISK-2026.1,OPTG,3,POINT_OVERHAUL,3,MEDIUM,1,59.6,12.9,93.1,2,11,-12,12,0,30,24,40.9,30,53.3,16.2,120,67.1,57.0,10,55.1
SIM-REQ-00027,SIMULATED,SIM-MRISK-2026.1,SNT,2,TRACK_CIRCUIT,5,MEDIUM,1,100.0,6.9,32.0,1,12,1,0,3,30,13,52.1,93,94.1,28.5,60,41.0,47.6,1,25.2
SIM-REQ-00028,SIMULATED,SIM-MRISK-2026.1,SNT,2,BALLAST_CLEANING,4,LOW,0,53.4,16.1,70.3,1,5,12,0,6,45,40,85.1,20,32.0,143.6,240,52.6,77.5,14,23.2
SIM-REQ-00029,SIMULATED,SIM-MRISK-2026.1,ENGG,0,TRACK_TAMPING,0,MEDIUM,1,89.5,2.7,66.1,1,36,6,0,7,60,45,51.4,21,36.3,67.2,120,43.6,88.9,1,20.7
SIM-REQ-00030,SIMULATED,SIM-MRISK-2026.1,OPTG,3,TRACK_CIRCUIT,5,HIGH,2,62.0,3.5,58.6,2,0,0,0,4,45,57,94.7,84,83.6,70.6,150,66.5,86.6,4,40.0
SIM-REQ-00031,SIMULATED,SIM-MRISK-2026.1,SNT,2,RAIL_REPLACEMENT,1,MEDIUM,1,64.3,19.6,80.6,2,24,-11,11,5,180,99,53.1,88,82.9,119.0,180,65.9,60.8,15,66.4
SIM-REQ-00032,SIMULATED,SIM-MRISK-2026.1,ENGG,0,TRACK_TAMPING,0,MEDIUM,1,83.4,9.3,63.5,1,8,8,0,3,90,82,95.1,84,81.1,40.9,150,45.1,37.3,5,27.8
SIM-REQ-00033,SIMULATED,SIM-MRISK-2026.1,ENGG,0,TRACK_TAMPING,0,HIGH,2,56.4,17.3,58.3,1,14,-3,3,3,60,37,88.1,36,53.6,80.8,150,51.9,63.1,15,36.1
SIM-REQ-00034,SIMULATED,SIM-MRISK-2026.1,ENGG,0,OHE_INSPECTION,2,MEDIUM,1,54.4,24.0,33.9,2,5,13,0,3,90,119,61.1,111,98.0,89.6,180,68.4,50.6,15,37.6
SIM-REQ-00035,SIMULATED,SIM-MRISK-2026.1,TRD,1,WELD_REPAIR,6,MEDIUM,1,58.4,20.4,76.5,2,22,15,0,4,60,46,59.4,69,71.1,56.6,90,67.4,79.4,11,44.7
SIM-REQ-00036,SIMULATED,SIM-MRISK-2026.1,ENGG,0,RAIL_REPLACEMENT,1,LOW,0,70.4,12.9,81.7,1,13,4,0,5,90,124,55.0,67,74.5,104.8,120,48.4,87.5,16,35.0
SIM-REQ-00037,SIMULATED,SIM-MRISK-2026.1,OPTG,3,POINT_OVERHAUL,3,MEDIUM,1,92.3,3.8,88.1,2,41,22,0,4,45,43,49.5,35,48.3,67.8,150,58.9,69.8,12,38.1
SIM-REQ-00038,SIMULATED,SIM-MRISK-2026.1,TRD,1,OHE_INSPECTION,2,MEDIUM,1,19.4,23.1,53.1,2,46,1,0,7,45,39,52.3,36,46.0,114.8,180,77.2,42.3,3,48.4
SIM-REQ-00039,SIMULATED,SIM-MRISK-2026.1,OPTG,3,OHE_INSPECTION,2,MEDIUM,1,53.7,19.3,36.5,1,16,14,0,3,60,72,83.5,48,53.5,58.9,240,52.6,46.5,11,18.1
SIM-REQ-00040,SIMULATED,SIM-MRISK-2026.1,ENGG,0,POINT_OVERHAUL,3,MEDIUM,1,79.5,8.6,76.4,1,5,-6,6,6,180,196,64.7,80,79.7,112.8,60,46.1,80.0,18,40.2
SIM-REQ-00041,SIMULATED,SIM-MRISK-2026.1,ENGG,0,WELD_REPAIR,6,MEDIUM,1,85.9,6.3,75.1,1,5,17,0,5,90,47,81.3,32,46.7,109.5,180,44.5,58.4,20,25.7
SIM-REQ-00042,SIMULATED,SIM-MRISK-2026.1,ENGG,0,OHE_INSPECTION,2,LOW,0,88.9,6.5,63.9,1,26,5,0,5,45,56,89.1,88,83.4,45.4,120,43.8,47.4,3,26.1
SIM-REQ-00043,SIMULATED,SIM-MRISK-2026.1,ENGG,0,OHE_INSPECTION,2,MEDIUM,1,90.2,6.8,41.0,1,6,0,0,3,180,170,61.9,103,91.7,56.7,60,43.5,89.0,6,30.5
SIM-REQ-00044,SIMULATED,SIM-MRISK-2026.1,OPTG,3,OHE_INSPECTION,2,LOW,0,76.6,7.4,31.2,1,12,-2,2,5,180,96,43.0,102,94.0,130.8,60,46.9,89.2,7,28.2
SIM-REQ-00045,SIMULATED,SIM-MRISK-2026.1,TRD,1,WELD_REPAIR,6,LOW,0,56.9,18.0,55.5,1,23,-10,10,8,180,52,91.4,73,76.0,160.2,150,51.8,93.6,18,55.3
SIM-REQ-00046,SIMULATED,SIM-MRISK-2026.1,TRD,1,RAIL_REPLACEMENT,1,HIGH,2,84.3,5.5,77.3,1,30,7,0,5,45,33,54.8,107,98.0,87.6,60,44.9,85.2,4,36.0
SIM-REQ-00047,SIMULATED,SIM-MRISK-2026.1,ENGG,0,WELD_REPAIR,6,MEDIUM,1,90.4,7.7,51.3,2,4,13,0,2,180,226,72.0,38,56.4,47.5,120,59.4,77.7,22,30.3
SIM-REQ-00048,SIMULATED,SIM-MRISK-2026.1,SNT,2,POINT_OVERHAUL,3,MEDIUM,1,68.4,10.2,75.6,1,18,11,0,3,90,42,92.0,100,93.3,65.5,120,48.9,86.3,2,35.7
SIM-REQ-00049,SIMULATED,SIM-MRISK-2026.1,ENGG,0,OHE_INSPECTION,2,MEDIUM,1,92.6,7.6,32.4,1,0,16,0,2,60,44,77.0,88,79.7,42.5,120,42.9,45.8,21,18.6
SIM-REQ-00050,SIMULATED,SIM-MRISK-2026.1,SNT,2,WELD_REPAIR,6,MEDIUM,1,99.9,4.3,52.4,1,34,2,0,3,180,59,55.5,52,64.6,25.1,150,41.0,35.3,3,25.9
SIM-REQ-00051,SIMULATED,SIM-MRISK-2026.1,TRD,1,RAIL_REPLACEMENT,1,HIGH,2,74.2,7.7,79.5,1,10,22,0,6,90,106,74.3,51,55.5,79.4,180,47.5,50.2,5,27.3
SIM-REQ-00052,SIMULATED,SIM-MRISK-2026.1,ENGG,0,WELD_REPAIR,6,MEDIUM,1,86.0,3.7,78.7,2,0,-11,11,4,45,12,64.2,109,93.7,87.9,60,60.5,88.3,2,61.2
SIM-REQ-00053,SIMULATED,SIM-MRISK-2026.1,SNT,2,TRACK_TAMPING,0,HIGH,2,91.0,9.4,59.8,2,19,11,0,4,180,95,71.0,94,80.4,38.2,60,59.2,35.7,2,37.0
SIM-REQ-00054,SIMULATED,SIM-MRISK-2026.1,SNT,2,BALLAST_CLEANING,4,LOW,0,64.8,8.5,55.0,2,44,2,0,5,180,57,85.1,84,78.2,106.6,90,65.8,71.4,7,42.2
SIM-REQ-00055,SIMULATED,SIM-MRISK-2026.1,ENGG,0,OHE_INSPECTION,2,HIGH,2,79.4,17.0,54.0,2,4,10,0,4,60,75,83.9,85,75.2,78.8,150,62.1,55.3,3,34.5
SIM-REQ-00056,SIMULATED,SIM-MRISK-2026.1,TRD,1,WELD_REPAIR,6,LOW,0,47.6,23.9,67.1,2,32,5,0,3,90,30,50.4,71,74.4,84.4,240,70.1,38.1,18,40.7
SIM-REQ-00057,SIMULATED,SIM-MRISK-2026.1,ENGG,0,POINT_OVERHAUL,3,HIGH,2,98.1,4.6,77.1,1,9,6,0,4,90,87,56.4,41,45.1,95.1,90,41.5,75.3,16,27.8
SIM-REQ-00058,SIMULATED,SIM-MRISK-2026.1,TRD,1,POINT_OVERHAUL,3,LOW,0,87.2,14.8,82.5,2,14,-2,2,3,90,73,65.8,69,65.3,30.4,60,60.2,76.8,10,47.6
SIM-REQ-00059,SIMULATED,SIM-MRISK-2026.1,ENGG,0,RAIL_REPLACEMENT,1,MEDIUM,1,80.7,8.9,86.9,1,10,0,0,4,60,21,67.3,39,50.8,80.4,120,45.8,51.5,9,27.9
SIM-REQ-00060,SIMULATED,SIM-MRISK-2026.1,SNT,2,POINT_OVERHAUL,3,MEDIUM,1,100.0,1.9,76.7,1,5,39,0,2,45,30,49.5,66,64.5,19.2,240,41.0,51.5,11,23.4
SIM-REQ-00061,SIMULATED,SIM-MRISK-2026.1,SNT,2,RAIL_REPLACEMENT,1,LOW,0,62.5,19.9,96.6,2,8,9,0,5,60,36,90.3,73,70.3,85.0,180,66.4,77.9,13,43.6
SIM-REQ-00062,SIMULATED,SIM-MRISK-2026.1,ENGG,0,WELD_REPAIR,6,LOW,0,93.4,5.1,57.3,2,25,19,0,3,90,142,96.1,68,68.0,76.3,240,58.6,71.6,20,38.8
SIM-REQ-00063,SIMULATED,SIM-MRISK-2026.1,TRD,1,TRACK_CIRCUIT,5,MEDIUM,1,96.1,5.4,65.4,1,1,2,0,4,180,241,47.2,97,89.5,34.1,120,42.0,51.0,18,33.2
SIM-REQ-00064,SIMULATED,SIM-MRISK-2026.1,TRD,1,RAIL_REPLACEMENT,1,MEDIUM,1,97.4,4.9,97.7,1,21,6,0,3,60,90,60.9,99,84.2,46.8,240,41.6,41.5,13,36.5
SIM-REQ-00065,SIMULATED,SIM-MRISK-2026.1,TRD,1,TRACK_TAMPING,0,MEDIUM,1,88.0,4.4,60.7,1,21,0,0,3,180,217,80.9,41,47.8,55.4,150,44.0,68.0,12,27.3
SIM-REQ-00066,SIMULATED,SIM-MRISK-2026.1,OPTG,3,TRACK_CIRCUIT,5,LOW,0,68.1,14.2,62.4,1,16,-1,1,5,30,34,85.3,83,79.2,117.0,60,49.0,52.6,6,34.2
SIM-REQ-00067,SIMULATED,SIM-MRISK-2026.1,ENGG,0,OHE_INSPECTION,2,MEDIUM,1,62.1,11.4,71.2,2,14,9,0,5,60,92,45.7,31,41.5,132.6,180,66.5,82.9,14,31.4
SIM-REQ-00068,SIMULATED,SIM-MRISK-2026.1,TRD,1,RAIL_REPLACEMENT,1,HIGH,2,54.9,12.2,80.2,1,25,16,0,2,90,59,57.4,99,90.9,42.9,150,52.3,45.0,6,35.2
SIM-REQ-00069,SIMULATED,SIM-MRISK-2026.1,TRD,1,BALLAST_CLEANING,4,LOW,0,73.7,9.2,52.8,1,5,-4,4,6,180,251,41.8,64,64.9,115.6,120,47.6,35.8,9,43.2
SIM-REQ-00070,SIMULATED,SIM-MRISK-2026.1,ENGG,0,BALLAST_CLEANING,4,LOW,0,95.1,2.0,83.3,1,18,5,0,1,180,212,96.5,80,71.9,24.5,60,42.2,77.0,20,31.2
SIM-REQ-00071,SIMULATED,SIM-MRISK-2026.1,OPTG,3,BALLAST_CLEANING,4,MEDIUM,1,79.0,7.6,61.3,2,34,12,0,3,60,21,92.7,102,78.0,58.7,120,62.2,76.9,3,41.8
SIM-REQ-00072,SIMULATED,SIM-MRISK-2026.1,TRD,1,OHE_INSPECTION,2,MEDIUM,1,83.3,5.2,62.5,2,29,20,0,6,90,59,42.3,105,89.4,145.1,180,61.2,59.2,15,42.3
SIM-REQ-00073,SIMULATED,SIM-MRISK-2026.1,SNT,2,POINT_OVERHAUL,3,MEDIUM,1,67.9,7.4,88.4,2,9,-2,2,3,45,20,86.1,75,65.8,44.2,60,65.0,89.3,20,45.8
SIM-REQ-00074,SIMULATED,SIM-MRISK-2026.1,ENGG,0,TRACK_TAMPING,0,MEDIUM,1,59.7,12.3,65.7,2,1,11,0,8,60,52,42.1,104,91.5,147.0,180,67.1,84.1,0,45.8
SIM-REQ-00075,SIMULATED,SIM-MRISK-2026.1,ENGG,0,TRACK_TAMPING,0,LOW,0,70.7,3.4,72.0,1,11,-4,4,6,90,59,97.0,39,45.0,137.1,120,48.3,52.5,9,42.5
SIM-REQ-00076,SIMULATED,SIM-MRISK-2026.1,OPTG,3,BALLAST_CLEANING,4,MEDIUM,1,74.2,7.4,60.1,2,19,-1,1,4,30,31,66.6,108,98.0,91.0,150,63.5,41.7,20,49.7
SIM-REQ-00077,SIMULATED,SIM-MRISK-2026.1,ENGG,0,BALLAST_CLEANING,4,MEDIUM,1,61.3,6.6,78.3,3,2,-3,3,5,90,93,44.2,70,71.4,65.1,90,82.7,74.5,13,60.6
SIM-REQ-00078,SIMULATED,SIM-MRISK-2026.1,TRD,1,POINT_OVERHAUL,3,MEDIUM,1,48.7,15.5,75.3,3,9,6,0,11,45,14,42.4,21,30.5,262.8,60,85.8,47.7,9,54.3
SIM-REQ-00079,SIMULATED,SIM-MRISK-2026.1,SNT,2,TRACK_CIRCUIT,5,LOW,0,86.2,9.1,59.6,2,14,-6,6,3,60,50,89.3,60,61.6,64.4,120,60.5,92.0,15,54.2
SIM-REQ-00080,SIMULATED,SIM-MRISK-2026.1,SNT,2,TRACK_TAMPING,0,LOW,0,70.1,4.9,52.4,1,26,16,0,7,90,126,52.6,40,53.5,138.9,90,48.5,73.3,23,20.5
SIM-REQ-00081,SIMULATED,SIM-MRISK-2026.1,TRD,1,BALLAST_CLEANING,4,MEDIUM,1,68.1,15.5,58.9,1,7,-15,15,3,30,23,97.6,48,60.2,48.5,60,49.0,79.4,21,40.8
SIM-REQ-00082,SIMULATED,SIM-MRISK-2026.1,TRD,1,BALLAST_CLEANING,4,HIGH,2,65.1,7.9,52.3,1,21,0,0,4,45,38,78.6,66,67.5,93.7,90,49.7,74.1,8,26.2
SIM-REQ-00083,SIMULATED,SIM-MRISK-2026.1,ENGG,0,OHE_INSPECTION,2,MEDIUM,1,71.4,19.9,66.6,2,4,7,0,2,45,49,54.1,46,56.5,49.8,150,64.2,46.6,15,35.2
SIM-REQ-00084,SIMULATED,SIM-MRISK-2026.1,TRD,1,TRACK_TAMPING,0,MEDIUM,1,77.9,3.7,79.0,2,7,-1,1,6,60,17,78.3,40,56.6,110.0,180,62.5,84.9,12,42.0
SIM-REQ-00085,SIMULATED,SIM-MRISK-2026.1,ENGG,0,TRACK_TAMPING,0,LOW,0,66.5,21.3,52.0,1,3,25,0,5,90,90,66.3,53,62.8,123.9,150,49.4,87.5,4,21.2
SIM-REQ-00086,SIMULATED,SIM-MRISK-2026.1,ENGG,0,BALLAST_CLEANING,4,MEDIUM,1,74.0,14.0,67.9,1,27,11,0,5,180,146,90.2,58,66.4,76.8,150,47.5,49.1,12,30.9
SIM-REQ-00087,SIMULATED,SIM-MRISK-2026.1,ENGG,0,OHE_INSPECTION,2,LOW,0,49.7,23.4,68.1,3,36,12,0,11,60,86,56.6,38,45.6,164.1,180,85.6,35.3,16,56.2
SIM-REQ-00088,SIMULATED,SIM-MRISK-2026.1,TRD,1,OHE_INSPECTION,2,MEDIUM,1,79.5,12.9,59.8,1,1,7,0,3,90,55,41.5,48,44.6,42.8,90,46.1,92.7,2,26.0
SIM-REQ-00089,SIMULATED,SIM-MRISK-2026.1,ENGG,0,POINT_OVERHAUL,3,MEDIUM,1,83.8,3.9,92.2,1,3,9,0,2,180,18,68.6,45,54.6,39.1,180,45.0,89.2,23,30.7
SIM-REQ-00090,SIMULATED,SIM-MRISK-2026.1,TRD,1,POINT_OVERHAUL,3,MEDIUM,1,73.0,9.4,80.6,2,2,3,0,1,90,40,72.0,37,46.9,23.6,60,63.8,84.2,16,36.7
SIM-REQ-00091,SIMULATED,SIM-MRISK-2026.1,ENGG,0,WELD_REPAIR,6,LOW,0,70.9,9.3,76.9,2,12,10,0,8,45,14,78.5,45,54.2,153.3,150,64.3,83.3,3,36.2
SIM-REQ-00092,SIMULATED,SIM-MRISK-2026.1,TRD,1,POINT_OVERHAUL,3,HIGH,2,66.4,11.8,87.7,1,23,12,0,3,60,50,67.0,80,78.6,39.1,90,49.4,80.6,14,32.8
SIM-REQ-00093,SIMULATED,SIM-MRISK-2026.1,OPTG,3,OHE_INSPECTION,2,MEDIUM,1,89.1,5.8,38.2,1,7,5,0,6,60,89,67.9,43,49.8,102.9,60,43.7,91.0,5,22.3
SIM-REQ-00094,SIMULATED,SIM-MRISK-2026.1,ENGG,0,TRACK_TAMPING,0,LOW,0,65.4,14.4,70.3,1,20,-5,5,6,60,27,67.9,31,37.0,134.4,240,49.6,41.3,14,37.9
SIM-REQ-00095,SIMULATED,SIM-MRISK-2026.1,ENGG,0,BALLAST_CLEANING,4,MEDIUM,1,90.8,8.9,82.4,2,0,15,0,2,180,214,48.7,23,43.5,48.8,240,59.3,42.0,21,30.5
SIM-REQ-00096,SIMULATED,SIM-MRISK-2026.1,ENGG,0,BALLAST_CLEANING,4,MEDIUM,1,75.1,11.3,56.3,1,14,8,0,2,90,97,62.3,85,87.0,26.8,90,47.2,71.8,1,27.8
SIM-REQ-00097,SIMULATED,SIM-MRISK-2026.1,TRD,1,WELD_REPAIR,6,LOW,0,82.3,3.8,77.4,2,3,8,0,3,90,71,54.5,59,61.4,56.5,150,61.4,35.9,13,31.2
SIM-REQ-00098,SIMULATED,SIM-MRISK-2026.1,SNT,2,POINT_OVERHAUL,3,HIGH,2,83.9,10.6,78.5,1,29,0,0,3,180,190,77.9,99,84.5,41.0,180,45.0,83.5,17,38.7
SIM-REQ-00099,SIMULATED,SIM-MRISK-2026.1,TRD,1,OHE_INSPECTION,2,MEDIUM,1,77.2,17.4,72.5,1,4,-8,8,2,60,28,88.7,68,59.3,32.1,120,46.7,68.8,7,44.1
SIM-REQ-00100,SIMULATED,SIM-MRISK-2026.1,SNT,2,OHE_INSPECTION,2,MEDIUM,1,71.5,8.3,74.2,2,13,15,0,7,30,30,91.5,77,72.4,183.4,60,64.1,75.1,23,39.0
SIM-REQ-00101,SIMULATED,SIM-MRISK-2026.1,ENGG,0,RAIL_REPLACEMENT,1,MEDIUM,1,85.4,11.4,72.7,1,3,1,0,2,180,101,57.7,48,55.9,22.7,180,44.6,35.4,3,23.5
SIM-REQ-00102,SIMULATED,SIM-MRISK-2026.1,SNT,2,TRACK_TAMPING,0,HIGH,2,93.1,1.7,62.8,1,0,10,0,6,60,68,89.1,66,61.8,99.1,60,42.7,35.6,2,27.2
SIM-REQ-00103,SIMULATED,SIM-MRISK-2026.1,SNT,2,BALLAST_CLEANING,4,HIGH,2,56.9,9.9,52.5,2,2,8,0,5,90,117,85.7,102,80.7,84.4,240,67.8,89.1,19,40.0
SIM-REQ-00104,SIMULATED,SIM-MRISK-2026.1,OPTG,3,TRACK_CIRCUIT,5,HIGH,2,71.9,15.1,45.3,2,3,-3,3,4,180,154,59.1,66,78.8,46.8,60,64.0,86.7,23,44.0
SIM-REQ-00105,SIMULATED,SIM-MRISK-2026.1,TRD,1,TRACK_CIRCUIT,5,MEDIUM,1,62.0,17.5,30.4,1,12,8,0,2,60,54,46.8,69,64.5,38.5,120,50.5,57.2,18,18.9
SIM-REQ-00106,SIMULATED,SIM-MRISK-2026.1,SNT,2,TRACK_TAMPING,0,HIGH,2,73.1,13.6,69.6,1,6,3,0,5,45,25,50.8,57,66.1,57.4,150,47.7,65.1,14,27.2
SIM-REQ-00107,SIMULATED,SIM-MRISK-2026.1,ENGG,0,BALLAST_CLEANING,4,MEDIUM,1,75.4,16.2,76.6,1,31,-12,12,3,90,29,62.3,68,67.1,40.3,60,47.1,77.6,6,51.7
SIM-REQ-00108,SIMULATED,SIM-MRISK-2026.1,ENGG,0,OHE_INSPECTION,2,LOW,0,84.4,12.5,70.2,1,23,2,0,4,180,133,76.7,30,43.8,102.1,180,44.9,80.2,17,28.0
SIM-REQ-00109,SIMULATED,SIM-MRISK-2026.1,SNT,2,RAIL_REPLACEMENT,1,LOW,0,87.2,5.4,87.9,1,6,17,0,6,45,52,50.5,99,86.8,58.1,240,44.2,87.2,23,31.3
SIM-REQ-00110,SIMULATED,SIM-MRISK-2026.1,ENGG,0,RAIL_REPLACEMENT,1,LOW,0,59.1,5.3,93.1,2,3,35,0,2,30,16,58.4,52,46.6,36.4,240,67.2,82.3,22,39.4
SIM-REQ-00111,SIMULATED,SIM-MRISK-2026.1,ENGG,0,OHE_INSPECTION,2,MEDIUM,1,64.6,14.2,35.0,1,3,13,0,7,60,12,86.7,44,51.1,71.7,60,49.9,47.5,6,20.5
SIM-REQ-00112,SIMULATED,SIM-MRISK-2026.1,TRD,1,RAIL_REPLACEMENT,1,HIGH,2,93.1,17.0,97.0,1,10,8,0,1,180,18,64.1,57,65.6,26.3,240,42.7,68.8,15,31.3
SIM-REQ-00113,SIMULATED,SIM-MRISK-2026.1,SNT,2,OHE_INSPECTION,2,MEDIUM,1,61.5,15.2,32.8,2,10,-5,5,4,30,26,55.2,56,66.3,72.8,60,66.6,64.7,9,41.5
SIM-REQ-00114,SIMULATED,SIM-MRISK-2026.1,OPTG,3,TRACK_CIRCUIT,5,LOW,0,67.7,6.5,45.2,1,34,26,0,5,45,43,75.2,54,57.2,119.1,60,49.1,35.6,5,25.6
SIM-REQ-00115,SIMULATED,SIM-MRISK-2026.1,ENGG,0,RAIL_REPLACEMENT,1,HIGH,2,46.6,12.6,81.0,3,12,1,0,6,180,22,72.1,51,66.4,168.3,240,86.3,52.1,15,56.6
SIM-REQ-00116,SIMULATED,SIM-MRISK-2026.1,ENGG,0,BALLAST_CLEANING,4,HIGH,2,69.6,8.7,69.4,1,2,15,0,4,30,37,48.7,90,92.4,59.3,150,48.6,92.4,20,28.8
SIM-REQ-00117,SIMULATED,SIM-MRISK-2026.1,TRD,1,OHE_INSPECTION,2,HIGH,2,41.7,13.4,62.2,1,23,18,0,7,45,43,89.0,88,92.2,119.7,240,55.6,58.7,20,34.5
SIM-REQ-00118,SIMULATED,SIM-MRISK-2026.1,ENGG,0,WELD_REPAIR,6,HIGH,2,23.9,25.5,84.5,4,32,-9,9,2,30,14,82.4,57,51.5,77.8,240,98.0,71.4,16,98.5
SIM-REQ-00119,SIMULATED,SIM-MRISK-2026.1,TRD,1,OHE_INSPECTION,2,MEDIUM,1,69.8,9.6,59.7,1,7,11,0,1,60,73,95.4,43,48.3,27.6,240,48.5,79.1,9,23.4
SIM-REQ-00120,SIMULATED,SIM-MRISK-2026.1,ENGG,0,RAIL_REPLACEMENT,1,LOW,0,72.8,11.4,80.4,2,9,-12,12,4,30,29,68.0,41,46.0,75.7,60,63.8,85.1,3,55.3
SIM-REQ-00121,SIMULATED,SIM-MRISK-2026.1,ENGG,0,TRACK_CIRCUIT,5,MEDIUM,1,56.2,8.4,73.6,2,33,-13,13,4,60,16,97.0,29,37.5,87.3,120,68.0,59.8,1,60.1
SIM-REQ-00122,SIMULATED,SIM-MRISK-2026.1,TRD,1,WELD_REPAIR,6,LOW,0,72.3,6.2,72.3,1,12,-8,8,9,60,88,42.3,92,90.4,215.3,180,47.9,92.5,4,50.6
SIM-REQ-00123,SIMULATED,SIM-MRISK-2026.1,TRD,1,TRACK_TAMPING,0,MEDIUM,1,61.7,10.0,78.1,1,30,-8,8,9,180,152,93.5,22,41.5,217.3,240,50.6,39.7,18,48.7
SIM-REQ-00124,SIMULATED,SIM-MRISK-2026.1,OPTG,3,BALLAST_CLEANING,4,MEDIUM,1,89.5,6.7,82.8,1,6,-5,5,3,90,50,46.6,31,48.2,42.5,90,43.6,70.7,14,38.0
SIM-REQ-00125,SIMULATED,SIM-MRISK-2026.1,TRD,1,TRACK_CIRCUIT,5,HIGH,2,29.9,23.3,32.0,2,14,15,0,8,60,45,45.7,109,88.2,111.6,90,74.5,88.0,9,43.7
SIM-REQ-00126,SIMULATED,SIM-MRISK-2026.1,ENGG,0,POINT_OVERHAUL,3,MEDIUM,1,93.8,7.0,96.3,1,8,3,0,3,30,45,72.1,69,72.5,44.8,180,42.5,37.5,7,35.5
SIM-REQ-00127,SIMULATED,SIM-MRISK-2026.1,SNT,2,RAIL_REPLACEMENT,1,MEDIUM,1,87.3,6.2,78.2,1,19,-8,8,3,60,25,89.8,77,75.9,59.7,150,44.2,54.3,24,46.8
SIM-REQ-00128,SIMULATED,SIM-MRISK-2026.1,ENGG,0,RAIL_REPLACEMENT,1,LOW,0,28.1,28.0,88.5,3,76,2,0,1,30,30,71.5,59,49.5,39.8,120,91.0,90.1,14,79.4
SIM-REQ-00129,SIMULATED,SIM-MRISK-2026.1,ENGG,0,TRACK_TAMPING,0,MEDIUM,1,55.9,17.1,52.4,3,14,-1,1,4,90,96,74.7,61,60.9,57.0,240,84.0,54.3,20,55.6
SIM-REQ-00130,SIMULATED,SIM-MRISK-2026.1,ENGG,0,TRACK_TAMPING,0,LOW,0,57.3,17.3,75.6,2,25,17,0,5,45,26,69.3,45,58.3,88.3,180,67.7,64.1,14,40.2
SIM-REQ-00131,SIMULATED,SIM-MRISK-2026.1,TRD,1,RAIL_REPLACEMENT,1,MEDIUM,1,45.8,14.6,96.2,2,0,11,0,4,60,55,53.1,80,80.4,69.5,90,70.5,50.0,13,46.4
SIM-REQ-00132,SIMULATED,SIM-MRISK-2026.1,SNT,2,WELD_REPAIR,6,MEDIUM,1,52.9,12.7,76.8,2,0,10,0,4,90,53,58.2,35,47.6,62.7,150,68.8,81.6,10,33.4
SIM-REQ-00133,SIMULATED,SIM-MRISK-2026.1,ENGG,0,BALLAST_CLEANING,4,MEDIUM,1,94.8,5.6,68.8,1,1,-2,2,2,60,33,53.6,29,52.5,38.5,240,42.3,62.1,7,30.5
SIM-REQ-00134,SIMULATED,SIM-MRISK-2026.1,ENGG,0,BALLAST_CLEANING,4,HIGH,2,85.9,3.8,81.6,1,2,-10,10,7,45,15,46.4,75,68.2,165.8,120,44.5,62.9,4,47.9
SIM-REQ-00135,SIMULATED,SIM-MRISK-2026.1,ENGG,0,TRACK_TAMPING,0,LOW,0,88.6,3.8,74.9,1,59,7,0,8,90,84,63.4,94,88.1,76.1,90,43.9,68.7,8,39.6
SIM-REQ-00136,SIMULATED,SIM-MRISK-2026.1,ENGG,0,RAIL_REPLACEMENT,1,MEDIUM,1,46.5,14.4,80.3,2,53,-9,9,4,30,34,41.0,69,75.2,83.2,180,70.4,64.5,3,62.0
SIM-REQ-00137,SIMULATED,SIM-MRISK-2026.1,ENGG,0,BALLAST_CLEANING,4,LOW,0,88.6,5.7,69.3,2,1,27,0,1,90,39,41.1,106,93.8,20.4,180,59.9,86.2,16,34.3
SIM-REQ-00138,SIMULATED,SIM-MRISK-2026.1,SNT,2,TRACK_CIRCUIT,5,HIGH,2,77.8,12.4,38.8,1,4,8,0,2,30,15,45.3,49,47.8,54.1,90,46.5,87.1,22,23.2
SIM-REQ-00139,SIMULATED,SIM-MRISK-2026.1,OPTG,3,WELD_REPAIR,6,MEDIUM,1,89.8,3.4,66.2,2,72,-4,4,4,180,27,58.3,23,33.7,81.5,150,59.5,54.8,16,55.4
SIM-REQ-00140,SIMULATED,SIM-MRISK-2026.1,OPTG,3,TRACK_CIRCUIT,5,LOW,0,81.0,7.1,67.1,1,24,-13,13,3,30,19,59.6,37,40.9,76.5,120,45.8,91.2,4,40.9
SIM-REQ-00141,SIMULATED,SIM-MRISK-2026.1,ENGG,0,POINT_OVERHAUL,3,LOW,0,78.2,3.3,95.0,1,13,3,0,3,45,12,82.2,39,42.2,81.9,180,46.5,93.7,4,25.1
SIM-REQ-00142,SIMULATED,SIM-MRISK-2026.1,TRD,1,WELD_REPAIR,6,LOW,0,94.1,7.8,75.5,1,9,4,0,3,30,10,96.5,43,49.0,31.9,180,42.5,67.8,22,23.4
SIM-REQ-00143,SIMULATED,SIM-MRISK-2026.1,ENGG,0,TRACK_CIRCUIT,5,MEDIUM,1,45.3,10.0,51.5,3,2,4,0,7,45,18,55.7,101,84.4,132.4,150,86.7,83.2,12,55.9
SIM-REQ-00144,SIMULATED,SIM-MRISK-2026.1,ENGG,0,RAIL_REPLACEMENT,1,MEDIUM,1,56.7,16.2,79.9,1,10,5,0,8,45,63,69.2,68,64.6,215.0,180,51.8,83.6,7,33.9
SIM-REQ-00145,SIMULATED,SIM-MRISK-2026.1,TRD,1,TRACK_TAMPING,0,HIGH,2,86.2,9.1,54.7,1,34,-4,4,6,90,25,50.6,94,89.1,78.8,180,44.5,65.1,10,41.5
SIM-REQ-00146,SIMULATED,SIM-MRISK-2026.1,TRD,1,TRACK_CIRCUIT,5,LOW,0,60.4,16.5,58.5,2,12,7,0,4,90,29,43.3,82,80.9,74.6,150,66.9,68.5,4,41.0
SIM-REQ-00147,SIMULATED,SIM-MRISK-2026.1,SNT,2,POINT_OVERHAUL,3,MEDIUM,1,98.6,8.1,91.1,1,7,25,0,3,45,19,82.1,32,55.8,70.9,60,41.4,83.4,17,23.2
SIM-REQ-00148,SIMULATED,SIM-MRISK-2026.1,ENGG,0,RAIL_REPLACEMENT,1,HIGH,2,44.4,16.5,80.8,2,13,14,0,6,60,91,46.2,42,43.2,114.4,150,70.9,50.8,4,42.5
SIM-REQ-00149,SIMULATED,SIM-MRISK-2026.1,SNT,2,TRACK_TAMPING,0,MEDIUM,1,74.6,7.4,62.0,2,4,-3,3,6,90,10,71.4,56,70.6,71.7,150,63.4,56.6,3,41.8
SIM-REQ-00150,SIMULATED,SIM-MRISK-2026.1,OPTG,3,BALLAST_CLEANING,4,HIGH,2,55.8,15.5,78.4,2,5,7,0,5,60,14,59.5,114,98.0,130.4,120,68.0,57.2,14,46.9
SIM-REQ-00151,SIMULATED,SIM-MRISK-2026.1,TRD,1,BALLAST_CLEANING,4,HIGH,2,53.6,21.5,55.8,1,6,16,0,5,60,81,95.8,62,69.0,101.4,60,52.6,53.0,1,30.7
SIM-REQ-00152,SIMULATED,SIM-MRISK-2026.1,OPTG,3,BALLAST_CLEANING,4,MEDIUM,1,79.3,6.5,84.9,1,6,4,0,4,90,134,51.1,30,32.6,73.8,60,46.2,47.9,10,32.0
SIM-REQ-00153,SIMULATED,SIM-MRISK-2026.1,ENGG,0,TRACK_TAMPING,0,LOW,0,72.8,17.9,69.8,2,9,-1,1,3,180,36,94.3,44,48.9,53.5,180,63.8,59.0,24,46.3
SIM-REQ-00154,SIMULATED,SIM-MRISK-2026.1,ENGG,0,RAIL_REPLACEMENT,1,LOW,0,77.1,8.3,74.9,1,0,-7,7,2,60,28,57.7,23,36.2,40.9,240,46.7,79.1,4,40.6
SIM-REQ-00155,SIMULATED,SIM-MRISK-2026.1,TRD,1,TRACK_TAMPING,0,LOW,0,74.5,14.3,74.9,1,2,10,0,5,30,23,82.0,70,70.2,110.6,90,47.4,35.5,9,31.0
SIM-REQ-00156,SIMULATED,SIM-MRISK-2026.1,ENGG,0,BALLAST_CLEANING,4,LOW,0,76.3,12.2,63.5,1,14,10,0,3,90,42,77.5,49,58.3,61.7,150,46.9,56.0,15,26.8
SIM-REQ-00157,SIMULATED,SIM-MRISK-2026.1,ENGG,0,TRACK_CIRCUIT,5,MEDIUM,1,29.8,14.9,57.0,3,36,14,0,4,45,56,86.9,28,52.7,77.0,60,90.5,69.6,23,55.1
SIM-REQ-00158,SIMULATED,SIM-MRISK-2026.1,TRD,1,WELD_REPAIR,6,MEDIUM,1,73.7,9.8,75.8,2,0,21,0,6,60,85,92.9,42,59.8,106.6,240,63.6,58.5,0,36.9
SIM-REQ-00159,SIMULATED,SIM-MRISK-2026.1,SNT,2,TRACK_TAMPING,0,HIGH,2,66.0,11.9,51.8,2,39,-9,9,3,90,66,68.5,59,57.8,71.5,180,65.5,41.9,21,58.2
SIM-REQ-00160,SIMULATED,SIM-MRISK-2026.1,OPTG,3,TRACK_TAMPING,0,MEDIUM,1,14.5,34.1,51.6,3,17,10,0,9,180,34,80.6,72,72.3,193.5,120,94.4,65.3,11,57.8
SIM-REQ-00161,SIMULATED,SIM-MRISK-2026.1,ENGG,0,OHE_INSPECTION,2,MEDIUM,1,63.9,17.7,33.0,3,7,18,0,7,60,60,67.7,114,91.1,77.3,120,82.0,60.3,18,54.0
SIM-REQ-00162,SIMULATED,SIM-MRISK-2026.1,TRD,1,WELD_REPAIR,6,HIGH,2,85.0,4.8,54.2,2,2,-3,3,7,180,80,92.1,50,48.6,151.2,240,60.8,85.0,16,44.4
SIM-REQ-00163,SIMULATED,SIM-MRISK-2026.1,TRD,1,TRACK_CIRCUIT,5,MEDIUM,1,73.0,10.4,67.3,1,1,4,0,3,30,42,97.5,98,85.3,62.4,120,47.8,42.1,21,34.0
SIM-REQ-00164,SIMULATED,SIM-MRISK-2026.1,TRD,1,WELD_REPAIR,6,LOW,0,100.0,5.9,67.3,1,44,4,0,2,30,17,83.6,105,83.7,19.4,240,41.0,63.4,6,33.4
SIM-REQ-00165,SIMULATED,SIM-MRISK-2026.1,ENGG,0,TRACK_TAMPING,0,MEDIUM,1,66.8,12.7,50.7,2,9,-4,4,5,180,47,90.0,54,60.0,98.7,150,65.3,46.9,22,44.1
SIM-REQ-00166,SIMULATED,SIM-MRISK-2026.1,SNT,2,BALLAST_CLEANING,4,LOW,0,91.7,5.3,64.0,2,4,0,0,3,180,215,82.2,104,92.7,73.5,90,59.1,93.0,6,43.7
SIM-REQ-00167,SIMULATED,SIM-MRISK-2026.1,TRD,1,OHE_INSPECTION,2,MEDIUM,1,77.5,10.3,73.4,1,4,12,0,6,60,75,50.2,85,83.3,95.3,150,46.6,75.1,2,36.4
SIM-REQ-00168,SIMULATED,SIM-MRISK-2026.1,ENGG,0,BALLAST_CLEANING,4,HIGH,2,62.5,9.4,68.2,2,10,-5,5,9,60,66,76.9,31,53.5,149.5,90,66.4,46.3,21,53.0
SIM-REQ-00169,SIMULATED,SIM-MRISK-2026.1,ENGG,0,TRACK_CIRCUIT,5,HIGH,2,45.9,21.1,68.9,3,3,26,0,2,180,135,74.6,63,62.9,43.1,240,86.5,59.1,1,45.5
SIM-REQ-00170,SIMULATED,SIM-MRISK-2026.1,ENGG,0,RAIL_REPLACEMENT,1,HIGH,2,99.1,5.7,71.0,2,2,3,0,1,45,38,87.3,46,50.3,11.9,120,57.2,37.1,1,29.9
SIM-REQ-00171,SIMULATED,SIM-MRISK-2026.1,ENGG,0,TRACK_TAMPING,0,HIGH,2,83.7,8.0,73.9,2,19,-2,2,4,90,92,76.3,58,72.8,59.5,60,61.1,90.0,6,40.1
SIM-REQ-00172,SIMULATED,SIM-MRISK-2026.1,TRD,1,OHE_INSPECTION,2,MEDIUM,1,88.7,1.0,51.9,1,5,-3,3,5,60,70,43.3,34,38.3,115.6,90,43.8,73.7,3,29.7
SIM-REQ-00173,SIMULATED,SIM-MRISK-2026.1,ENGG,0,POINT_OVERHAUL,3,HIGH,2,69.1,6.1,97.9,2,9,-14,14,1,45,45,42.2,111,95.3,22.2,180,64.7,65.2,15,67.6
SIM-REQ-00174,SIMULATED,SIM-MRISK-2026.1,TRD,1,WELD_REPAIR,6,HIGH,2,63.8,13.5,58.3,3,26,2,0,6,60,45,58.9,21,46.2,105.2,120,82.0,77.9,8,50.1
SIM-REQ-00175,SIMULATED,SIM-MRISK-2026.1,TRD,1,TRACK_CIRCUIT,5,LOW,0,51.7,14.7,42.8,2,42,15,0,8,90,82,69.5,71,69.0,135.0,60,69.1,56.4,3,41.6
SIM-REQ-00176,SIMULATED,SIM-MRISK-2026.1,SNT,2,POINT_OVERHAUL,3,LOW,0,98.6,6.9,70.1,1,2,33,0,2,45,52,84.6,76,69.1,48.1,120,41.4,55.6,9,24.9
SIM-REQ-00177,SIMULATED,SIM-MRISK-2026.1,TRD,1,BALLAST_CLEANING,4,MEDIUM,1,64.6,10.3,79.2,2,15,11,0,4,30,25,67.8,78,68.4,67.9,60,65.8,85.8,7,41.5
SIM-REQ-00178,SIMULATED,SIM-MRISK-2026.1,SNT,2,WELD_REPAIR,6,MEDIUM,1,70.0,7.0,69.8,2,17,-9,9,3,90,126,55.1,26,44.3,70.4,240,64.5,69.1,6,51.0
SIM-REQ-00179,SIMULATED,SIM-MRISK-2026.1,OPTG,3,RAIL_REPLACEMENT,1,MEDIUM,1,68.6,15.9,92.9,1,36,19,0,8,180,15,61.1,33,48.6,200.0,240,48.9,68.4,17,29.8
SIM-REQ-00180,SIMULATED,SIM-MRISK-2026.1,SNT,2,TRACK_TAMPING,0,LOW,0,79.0,3.1,54.2,2,24,8,0,4,180,258,86.6,82,88.0,53.8,90,62.2,84.0,22,40.5
SIM-REQ-00181,SIMULATED,SIM-MRISK-2026.1,ENGG,0,POINT_OVERHAUL,3,LOW,0,72.8,13.3,72.6,1,32,8,0,3,60,73,65.6,107,89.2,71.4,120,47.8,85.6,15,41.1
SIM-REQ-00182,SIMULATED,SIM-MRISK-2026.1,OPTG,3,WELD_REPAIR,6,MEDIUM,1,88.7,2.4,69.7,1,0,-22,22,6,30,41,73.6,109,98.0,61.0,60,43.8,59.3,15,50.7
SIM-REQ-00183,SIMULATED,SIM-MRISK-2026.1,TRD,1,TRACK_TAMPING,0,MEDIUM,1,93.2,3.4,76.6,1,6,-18,18,2,90,98,52.9,74,72.5,45.2,240,42.7,59.5,6,43.0
SIM-REQ-00184,SIMULATED,SIM-MRISK-2026.1,ENGG,0,OHE_INSPECTION,2,LOW,0,55.4,18.1,41.9,2,0,-3,3,2,90,63,76.4,37,51.2,57.4,120,68.2,76.2,15,42.4
SIM-REQ-00185,SIMULATED,SIM-MRISK-2026.1,TRD,1,OHE_INSPECTION,2,MEDIUM,1,72.7,6.7,62.9,1,22,-4,4,3,45,61,54.9,52,58.9,79.4,60,47.8,90.0,22,40.8
SIM-REQ-00186,SIMULATED,SIM-MRISK-2026.1,ENGG,0,RAIL_REPLACEMENT,1,LOW,0,91.7,6.2,70.8,1,21,4,0,4,30,34,54.3,57,61.3,73.9,120,43.1,76.1,15,26.9
SIM-REQ-00187,SIMULATED,SIM-MRISK-2026.1,ENGG,0,WELD_REPAIR,6,HIGH,2,63.4,8.4,59.1,3,29,2,0,4,30,32,59.7,38,54.9,92.3,90,82.2,40.2,0,48.7
SIM-REQ-00188,SIMULATED,SIM-MRISK-2026.1,TRD,1,TRACK_TAMPING,0,LOW,0,85.9,10.7,59.0,2,2,3,0,5,60,92,52.3,36,49.3,61.6,120,60.5,65.1,19,35.2
SIM-REQ-00189,SIMULATED,SIM-MRISK-2026.1,ENGG,0,RAIL_REPLACEMENT,1,MEDIUM,1,73.3,10.7,70.9,1,0,6,0,2,180,286,85.0,36,50.6,39.5,240,47.7,76.8,20,26.8
SIM-REQ-00190,SIMULATED,SIM-MRISK-2026.1,ENGG,0,TRACK_CIRCUIT,5,LOW,0,60.2,11.1,74.8,1,9,8,0,6,30,15,40.9,103,92.5,112.1,60,51.0,86.3,4,37.8
SIM-REQ-00191,SIMULATED,SIM-MRISK-2026.1,ENGG,0,TRACK_TAMPING,0,MEDIUM,1,67.2,12.6,68.1,2,7,-2,2,7,45,63,78.1,88,81.2,111.0,150,65.2,86.3,14,45.5
SIM-REQ-00192,SIMULATED,SIM-MRISK-2026.1,ENGG,0,BALLAST_CLEANING,4,HIGH,2,62.7,8.6,70.2,2,14,-11,11,5,60,47,79.0,55,62.0,69.9,180,66.3,43.1,17,56.4
SIM-REQ-00193,SIMULATED,SIM-MRISK-2026.1,OPTG,3,TRACK_TAMPING,0,HIGH,2,55.3,19.0,84.2,3,1,21,0,9,180,216,43.8,104,89.9,186.6,90,84.2,45.2,4,60.3
SIM-REQ-00194,SIMULATED,SIM-MRISK-2026.1,ENGG,0,TRACK_CIRCUIT,5,MEDIUM,1,63.4,14.4,73.0,2,7,8,0,8,30,42,78.8,43,51.1,114.8,60,66.2,72.2,20,41.6
SIM-REQ-00195,SIMULATED,SIM-MRISK-2026.1,TRD,1,TRACK_CIRCUIT,5,LOW,0,61.5,14.4,52.0,1,6,5,0,1,45,17,94.7,29,47.1,36.6,60,50.6,60.3,2,25.1
SIM-REQ-00196,SIMULATED,SIM-MRISK-2026.1,ENGG,0,TRACK_CIRCUIT,5,MEDIUM,1,50.7,15.5,31.5,1,8,15,0,10,30,28,69.9,43,48.7,203.7,90,53.3,84.4,16,28.6
SIM-REQ-00197,SIMULATED,SIM-MRISK-2026.1,SNT,2,TRACK_TAMPING,0,MEDIUM,1,11.3,34.1,63.5,3,5,3,0,3,180,99,49.8,100,87.6,70.0,180,95.2,74.2,21,59.1
SIM-REQ-00198,SIMULATED,SIM-MRISK-2026.1,OPTG,3,RAIL_REPLACEMENT,1,LOW,0,83.4,3.3,88.5,1,10,18,0,2,90,112,75.6,98,91.5,23.3,180,45.1,66.7,16,32.6
SIM-REQ-00199,SIMULATED,SIM-MRISK-2026.1,TRD,1,TRACK_CIRCUIT,5,LOW,0,33.8,38.0,40.8,3,41,11,0,6,45,13,85.6,104,94.7,158.7,120,89.5,92.9,2,66.3
SIM-REQ-00200,SIMULATED,SIM-MRISK-2026.1,OPTG,3,POINT_OVERHAUL,3,LOW,0,57.5,14.3,84.1,2,9,10,0,4,90,49,89.0,70,83.6,99.3,60,67.6,54.8,23,41.3
SIM-REQ-00201,SIMULATED,SIM-MRISK-2026.1,TRD,1,BALLAST_CLEANING,4,LOW,0,82.7,3.2,77.0,1,7,-6,6,1,60,90,57.7,109,98.0,22.7,120,45.3,61.2,17,48.2
SIM-REQ-00202,SIMULATED,SIM-MRISK-2026.1,ENGG,0,BALLAST_CLEANING,4,LOW,0,77.0,4.4,80.0,2,5,21,0,6,60,88,60.4,98,86.9,149.7,120,62.8,93.7,8,42.1
SIM-REQ-00203,SIMULATED,SIM-MRISK-2026.1,ENGG,0,OHE_INSPECTION,2,HIGH,2,75.7,8.6,45.2,2,2,5,0,4,180,250,62.4,78,76.6,55.8,120,63.1,65.1,8,36.4
SIM-REQ-00204,SIMULATED,SIM-MRISK-2026.1,SNT,2,RAIL_REPLACEMENT,1,LOW,0,100.0,6.7,78.8,2,7,-1,1,5,60,70,96.0,104,98.0,90.9,120,57.0,87.6,17,50.1
SIM-REQ-00205,SIMULATED,SIM-MRISK-2026.1,ENGG,0,RAIL_REPLACEMENT,1,MEDIUM,1,53.5,16.2,84.8,2,3,5,0,8,30,33,96.6,41,46.8,195.7,180,68.6,82.0,21,42.7
SIM-REQ-00206,SIMULATED,SIM-MRISK-2026.1,OPTG,3,TRACK_CIRCUIT,5,HIGH,2,90.3,8.0,68.6,1,19,4,0,2,30,15,49.8,20,35.5,24.9,60,43.4,39.6,2,27.1
SIM-REQ-00207,SIMULATED,SIM-MRISK-2026.1,TRD,1,OHE_INSPECTION,2,LOW,0,57.9,17.1,66.2,2,42,15,0,3,90,141,90.3,93,76.4,89.0,180,67.5,55.6,18,46.1
SIM-REQ-00208,SIMULATED,SIM-MRISK-2026.1,TRD,1,TRACK_CIRCUIT,5,HIGH,2,77.2,8.2,30.6,1,5,11,0,4,30,17,69.4,85,74.9,58.2,150,46.7,80.8,13,19.5
SIM-REQ-00209,SIMULATED,SIM-MRISK-2026.1,ENGG,0,TRACK_CIRCUIT,5,HIGH,2,48.7,18.8,37.2,1,3,-1,1,7,45,23,81.6,62,67.0,141.1,120,53.8,60.1,5,30.7
SIM-REQ-00210,SIMULATED,SIM-MRISK-2026.1,TRD,1,POINT_OVERHAUL,3,LOW,0,14.5,30.9,91.7,2,0,21,0,9,180,118,97.9,94,94.0,221.3,150,78.4,89.1,0,56.7
SIM-REQ-00211,SIMULATED,SIM-MRISK-2026.1,OPTG,3,TRACK_TAMPING,0,MEDIUM,1,80.9,8.6,67.8,1,18,-3,3,6,60,22,66.6,93,83.5,106.2,60,45.8,56.8,21,38.5
SIM-REQ-00212,SIMULATED,SIM-MRISK-2026.1,TRD,1,WELD_REPAIR,6,HIGH,2,76.3,10.3,59.8,1,16,-1,1,5,45,40,83.6,71,78.9,133.0,120,46.9,62.1,9,36.1
SIM-REQ-00213,SIMULATED,SIM-MRISK-2026.1,SNT,2,TRACK_TAMPING,0,MEDIUM,1,77.4,8.5,71.7,1,7,7,0,7,60,88,87.9,26,44.2,147.4,90,46.6,82.1,1,25.6
SIM-REQ-00214,SIMULATED,SIM-MRISK-2026.1,SNT,2,RAIL_REPLACEMENT,1,MEDIUM,1,62.3,3.3,82.1,1,1,4,0,3,180,190,86.3,107,98.0,52.3,240,50.4,73.3,19,37.5
SIM-REQ-00215,SIMULATED,SIM-MRISK-2026.1,ENGG,0,OHE_INSPECTION,2,HIGH,2,81.4,5.7,42.5,1,2,-12,12,4,180,156,65.6,67,61.8,64.3,120,45.6,81.7,0,37.0
SIM-REQ-00216,SIMULATED,SIM-MRISK-2026.1,ENGG,0,WELD_REPAIR,6,HIGH,2,100.0,5.1,62.1,1,9,6,0,7,90,32,52.1,49,49.5,93.7,60,41.0,83.8,2,26.9
SIM-REQ-00217,SIMULATED,SIM-MRISK-2026.1,TRD,1,WELD_REPAIR,6,MEDIUM,1,89.8,5.9,66.2,1,7,3,0,1,60,26,96.4,99,86.7,14.2,60,43.5,44.7,19,32.7
SIM-REQ-00218,SIMULATED,SIM-MRISK-2026.1,ENGG,0,POINT_OVERHAUL,3,LOW,0,62.4,15.6,73.3,2,0,12,0,3,90,84,72.4,83,76.1,68.5,180,66.4,35.0,12,38.5
SIM-REQ-00219,SIMULATED,SIM-MRISK-2026.1,ENGG,0,TRACK_CIRCUIT,5,MEDIUM,1,40.6,29.6,40.4,2,28,16,0,7,180,125,94.0,73,70.1,114.3,150,71.8,50.0,1,37.9
SIM-REQ-00220,SIMULATED,SIM-MRISK-2026.1,TRD,1,BALLAST_CLEANING,4,LOW,0,53.9,16.1,57.8,2,6,-5,5,10,30,24,74.1,82,69.4,160.5,60,68.5,84.1,12,57.7
SIM-REQ-00221,SIMULATED,SIM-MRISK-2026.1,OPTG,3,TRACK_CIRCUIT,5,MEDIUM,1,51.6,12.0,49.6,2,10,-7,7,1,180,237,44.0,62,65.3,28.9,90,69.1,60.7,24,51.1
SIM-REQ-00222,SIMULATED,SIM-MRISK-2026.1,OPTG,3,OHE_INSPECTION,2,MEDIUM,1,79.0,4.0,57.3,1,1,-4,4,6,30,29,60.4,66,71.5,64.1,240,46.2,86.3,1,36.8
SIM-REQ-00223,SIMULATED,SIM-MRISK-2026.1,TRD,1,WELD_REPAIR,6,HIGH,2,55.4,15.4,74.5,2,17,4,0,3,90,33,44.0,76,79.7,51.9,120,68.2,37.5,17,48.3
SIM-REQ-00224,SIMULATED,SIM-MRISK-2026.1,TRD,1,WELD_REPAIR,6,HIGH,2,97.1,2.3,57.0,1,1,19,0,4,90,54,55.3,81,89.3,62.9,180,41.7,74.1,16,30.2
SIM-REQ-00225,SIMULATED,SIM-MRISK-2026.1,SNT,2,WELD_REPAIR,6,HIGH,2,86.7,6.2,72.9,1,5,23,0,5,45,11,93.5,67,71.1,100.2,150,44.3,93.3,17,24.9
SIM-REQ-00226,SIMULATED,SIM-MRISK-2026.1,ENGG,0,TRACK_TAMPING,0,HIGH,2,69.7,15.9,57.2,2,18,4,0,3,45,54,56.9,62,62.9,83.3,60,64.6,88.8,12,34.0
SIM-REQ-00227,SIMULATED,SIM-MRISK-2026.1,ENGG,0,TRACK_TAMPING,0,HIGH,2,71.6,7.3,59.1,1,24,11,0,4,45,19,96.7,25,40.4,70.9,180,48.1,68.3,3,25.0
SIM-REQ-00228,SIMULATED,SIM-MRISK-2026.1,ENGG,0,POINT_OVERHAUL,3,LOW,0,72.1,6.6,70.5,1,20,3,0,1,90,26,78.8,79,82.9,26.6,90,48.0,52.9,15,32.2
SIM-REQ-00229,SIMULATED,SIM-MRISK-2026.1,SNT,2,TRACK_CIRCUIT,5,MEDIUM,1,86.3,17.5,58.5,1,3,9,0,3,30,21,66.0,70,73.7,75.7,60,44.4,44.5,4,27.7
SIM-REQ-00230,SIMULATED,SIM-MRISK-2026.1,SNT,2,WELD_REPAIR,6,MEDIUM,1,76.9,4.7,84.1,1,5,10,0,1,180,270,54.3,70,54.9,24.1,180,46.8,94.5,22,26.3
SIM-REQ-00231,SIMULATED,SIM-MRISK-2026.1,TRD,1,TRACK_TAMPING,0,MEDIUM,1,96.6,3.8,66.5,1,8,10,0,5,180,86,90.6,44,47.9,75.7,240,41.9,77.3,10,26.6
SIM-REQ-00232,SIMULATED,SIM-MRISK-2026.1,ENGG,0,BALLAST_CLEANING,4,LOW,0,85.6,7.2,60.3,1,23,4,0,7,60,74,91.6,101,90.9,85.5,120,44.6,68.7,4,31.5
SIM-REQ-00233,SIMULATED,SIM-MRISK-2026.1,SNT,2,TRACK_CIRCUIT,5,MEDIUM,1,91.6,6.0,35.5,1,25,8,0,5,90,131,80.7,48,53.9,113.4,180,43.1,89.3,19,24.5
SIM-REQ-00234,SIMULATED,SIM-MRISK-2026.1,ENGG,0,OHE_INSPECTION,2,HIGH,2,95.3,3.5,65.9,1,11,5,0,2,60,29,50.0,68,68.6,49.4,180,42.2,63.3,7,22.9
SIM-REQ-00235,SIMULATED,SIM-MRISK-2026.1,SNT,2,OHE_INSPECTION,2,MEDIUM,1,64.1,9.0,52.3,1,4,1,0,5,60,94,65.9,36,44.3,113.2,60,50.0,56.4,4,29.2
SIM-REQ-00236,SIMULATED,SIM-MRISK-2026.1,OPTG,3,WELD_REPAIR,6,HIGH,2,66.6,10.7,82.0,1,27,3,0,10,60,28,93.5,51,61.9,195.6,90,49.4,85.7,13,37.7
SIM-REQ-00237,SIMULATED,SIM-MRISK-2026.1,SNT,2,POINT_OVERHAUL,3,MEDIUM,1,83.8,10.7,78.4,1,14,0,0,3,180,29,87.5,112,98.0,70.0,60,45.0,60.3,1,42.4
SIM-REQ-00238,SIMULATED,SIM-MRISK-2026.1,ENGG,0,TRACK_CIRCUIT,5,LOW,0,79.0,6.6,32.6,2,22,26,0,3,45,26,59.9,89,82.6,70.4,180,62.2,75.3,20,31.1
SIM-REQ-00239,SIMULATED,SIM-MRISK-2026.1,ENGG,0,TRACK_TAMPING,0,HIGH,2,50.3,13.5,71.0,3,0,1,0,6,60,72,59.9,94,87.9,136.0,180,85.4,62.3,11,58.0
SIM-REQ-00240,SIMULATED,SIM-MRISK-2026.1,TRD,1,BALLAST_CLEANING,4,MEDIUM,1,95.9,5.6,73.3,1,3,0,0,4,60,78,68.2,72,73.3,98.5,150,42.0,76.3,24,30.9
SIM-REQ-00241,SIMULATED,SIM-MRISK-2026.1,OPTG,3,POINT_OVERHAUL,3,HIGH,2,40.7,26.5,94.1,2,6,0,0,4,30,21,71.1,56,60.4,104.1,150,71.8,49.0,17,44.6
SIM-REQ-00242,SIMULATED,SIM-MRISK-2026.1,ENGG,0,TRACK_CIRCUIT,5,MEDIUM,1,50.7,11.8,55.1,1,0,10,0,7,60,29,52.9,44,53.9,167.4,90,53.3,55.8,18,30.1
SIM-REQ-00243,SIMULATED,SIM-MRISK-2026.1,ENGG,0,POINT_OVERHAUL,3,MEDIUM,1,50.4,8.8,91.8,2,2,7,0,0,60,17,41.6,114,98.0,19.8,240,69.4,77.2,6,52.2
SIM-REQ-00244,SIMULATED,SIM-MRISK-2026.1,ENGG,0,WELD_REPAIR,6,MEDIUM,1,64.8,11.3,60.7,2,2,1,0,2,60,57,91.5,43,55.9,30.5,90,65.8,63.8,15,37.9
SIM-REQ-00245,SIMULATED,SIM-MRISK-2026.1,ENGG,0,POINT_OVERHAUL,3,HIGH,2,77.4,9.8,92.1,1,10,10,0,4,30,45,79.9,86,85.2,63.1,90,46.6,78.8,17,35.3
SIM-REQ-00246,SIMULATED,SIM-MRISK-2026.1,TRD,1,TRACK_TAMPING,0,HIGH,2,66.4,13.6,71.3,1,31,5,0,8,30,29,66.4,60,62.5,176.6,90,49.4,89.7,8,33.2
SIM-REQ-00247,SIMULATED,SIM-MRISK-2026.1,TRD,1,TRACK_CIRCUIT,5,MEDIUM,1,70.7,13.9,42.7,1,4,12,0,2,45,33,42.6,36,56.3,39.2,60,48.3,40.1,3,19.6
SIM-REQ-00248,SIMULATED,SIM-MRISK-2026.1,ENGG,0,BALLAST_CLEANING,4,LOW,0,67.3,6.5,57.5,1,21,-2,2,5,90,118,40.6,78,74.3,84.4,60,49.2,68.8,2,38.8
SIM-REQ-00249,SIMULATED,SIM-MRISK-2026.1,SNT,2,BALLAST_CLEANING,4,MEDIUM,1,50.1,4.5,54.4,1,10,-5,5,4,30,44,96.3,80,71.9,104.1,120,53.5,74.2,3,45.3
SIM-REQ-00250,SIMULATED,SIM-MRISK-2026.1,TRD,1,POINT_OVERHAUL,3,MEDIUM,1,79.6,10.6,83.5,1,3,20,0,4,30,28,44.3,67,68.3,57.9,90,46.1,75.7,6,31.4
SIM-REQ-00251,SIMULATED,SIM-MRISK-2026.1,SNT,2,RAIL_REPLACEMENT,1,MEDIUM,1,86.2,5.8,79.2,1,6,15,0,6,30,31,82.2,62,73.3,123.0,240,44.5,38.0,11,31.7
SIM-REQ-00252,SIMULATED,SIM-MRISK-2026.1,ENGG,0,OHE_INSPECTION,2,LOW,0,48.0,18.7,33.2,3,15,13,0,2,90,11,62.6,92,79.3,46.5,120,86.0,68.6,21,48.6
SIM-REQ-00253,SIMULATED,SIM-MRISK-2026.1,ENGG,0,TRACK_TAMPING,0,MEDIUM,1,43.9,12.0,65.4,2,13,7,0,4,90,122,48.7,33,48.4,112.5,180,71.0,39.2,11,38.5
SIM-REQ-00254,SIMULATED,SIM-MRISK-2026.1,SNT,2,BALLAST_CLEANING,4,LOW,0,86.0,7.9,81.2,2,1,0,0,2,60,28,62.4,24,37.7,41.6,60,60.5,93.5,8,32.2
SIM-REQ-00255,SIMULATED,SIM-MRISK-2026.1,ENGG,0,RAIL_REPLACEMENT,1,MEDIUM,1,77.4,7.5,70.5,1,5,12,0,4,45,35,51.6,70,69.8,67.7,180,46.6,76.0,8,26.8
SIM-REQ-00256,SIMULATED,SIM-MRISK-2026.1,ENGG,0,OHE_INSPECTION,2,MEDIUM,1,69.9,21.1,57.4,1,23,22,0,5,180,133,80.0,64,74.7,93.2,90,48.5,66.5,8,28.6
SIM-REQ-00257,SIMULATED,SIM-MRISK-2026.1,SNT,2,OHE_INSPECTION,2,HIGH,2,65.5,7.6,37.0,1,36,-10,10,4,180,131,41.4,64,56.5,55.6,90,49.6,56.0,14,40.8
SIM-REQ-00258,SIMULATED,SIM-MRISK-2026.1,TRD,1,WELD_REPAIR,6,MEDIUM,1,81.9,12.7,70.3,1,28,23,0,7,90,38,57.8,67,70.0,77.8,180,45.5,94.0,14,26.7
SIM-REQ-00259,SIMULATED,SIM-MRISK-2026.1,ENGG,0,RAIL_REPLACEMENT,1,MEDIUM,1,70.8,10.0,71.3,1,20,29,0,1,180,49,66.9,68,71.4,22.2,180,48.3,74.2,0,26.2
SIM-REQ-00260,SIMULATED,SIM-MRISK-2026.1,ENGG,0,OHE_INSPECTION,2,HIGH,2,71.6,10.1,55.3,2,16,0,0,6,180,178,82.5,72,71.1,94.0,60,64.1,87.6,7,42.3
SIM-REQ-00261,SIMULATED,SIM-MRISK-2026.1,SNT,2,BALLAST_CLEANING,4,LOW,0,64.6,14.4,83.5,1,20,6,0,3,60,39,84.4,70,79.0,87.4,240,49.9,65.3,14,35.0
SIM-REQ-00262,SIMULATED,SIM-MRISK-2026.1,TRD,1,RAIL_REPLACEMENT,1,HIGH,2,59.8,8.2,82.8,1,3,-7,7,8,90,91,53.8,108,98.0,175.2,90,51.0,54.6,19,56.1
SIM-REQ-00263,SIMULATED,SIM-MRISK-2026.1,ENGG,0,OHE_INSPECTION,2,LOW,0,59.7,15.6,54.0,2,2,15,0,2,180,242,79.3,27,47.6,43.9,240,67.1,61.9,17,30.6
SIM-REQ-00264,SIMULATED,SIM-MRISK-2026.1,TRD,1,TRACK_TAMPING,0,HIGH,2,65.5,20.5,55.5,2,0,4,0,7,90,25,80.9,49,65.1,123.7,120,65.6,87.2,5,39.0
SIM-REQ-00265,SIMULATED,SIM-MRISK-2026.1,TRD,1,RAIL_REPLACEMENT,1,HIGH,2,51.1,18.4,94.1,2,5,1,0,3,30,17,62.7,22,35.5,75.0,120,69.2,37.1,0,39.6
SIM-REQ-00266,SIMULATED,SIM-MRISK-2026.1,TRD,1,TRACK_TAMPING,0,MEDIUM,1,77.1,7.0,77.8,1,9,16,0,3,30,41,91.6,87,87.8,56.1,240,46.7,79.9,8,29.9
SIM-REQ-00267,SIMULATED,SIM-MRISK-2026.1,ENGG,0,RAIL_REPLACEMENT,1,HIGH,2,46.5,17.5,97.3,2,2,-1,1,4,60,62,83.0,73,67.5,89.8,150,70.4,65.9,7,56.1
SIM-REQ-00268,SIMULATED,SIM-MRISK-2026.1,ENGG,0,BALLAST_CLEANING,4,MEDIUM,1,79.6,5.5,54.9,2,4,9,0,2,180,78,96.7,55,60.7,50.1,90,62.1,43.3,8,33.0
SIM-REQ-00269,SIMULATED,SIM-MRISK-2026.1,OPTG,3,BALLAST_CLEANING,4,MEDIUM,1,39.2,19.1,63.1,3,7,9,0,2,30,26,80.5,114,98.0,55.0,180,88.2,92.9,9,58.8
SIM-REQ-00270,SIMULATED,SIM-MRISK-2026.1,SNT,2,WELD_REPAIR,6,LOW,0,88.1,6.2,79.8,2,20,-5,5,5,180,222,95.4,100,92.1,76.7,90,60.0,90.3,12,63.4
SIM-REQ-00271,SIMULATED,SIM-MRISK-2026.1,TRD,1,POINT_OVERHAUL,3,MEDIUM,1,72.6,8.2,89.4,2,25,-1,1,5,60,86,83.9,80,81.2,104.0,60,63.9,54.2,6,49.4
SIM-REQ-00272,SIMULATED,SIM-MRISK-2026.1,SNT,2,POINT_OVERHAUL,3,MEDIUM,1,78.6,9.1,86.4,2,2,-9,9,2,60,60,76.3,55,60.8,32.2,60,62.4,57.2,19,56.9
SIM-REQ-00273,SIMULATED,SIM-MRISK-2026.1,SNT,2,TRACK_TAMPING,0,MEDIUM,1,87.2,7.3,75.1,1,8,-8,8,0,60,37,96.3,94,86.5,5.1,180,44.2,49.9,10,46.8
SIM-REQ-00274,SIMULATED,SIM-MRISK-2026.1,OPTG,3,POINT_OVERHAUL,3,LOW,0,74.1,9.2,87.9,1,6,5,0,4,45,60,78.9,30,36.8,96.6,150,47.5,94.8,3,26.1
SIM-REQ-00275,SIMULATED,SIM-MRISK-2026.1,TRD,1,TRACK_TAMPING,0,LOW,0,93.2,12.9,81.8,1,8,-15,15,3,45,49,41.0,79,71.2,30.0,240,42.7,83.4,9,41.7
SIM-REQ-00276,SIMULATED,SIM-MRISK-2026.1,OPTG,3,TRACK_TAMPING,0,LOW,0,80.6,9.9,78.5,1,0,11,0,3,180,168,40.8,112,92.7,69.0,150,45.9,41.7,12,34.2
SIM-REQ-00277,SIMULATED,SIM-MRISK-2026.1,ENGG,0,RAIL_REPLACEMENT,1,MEDIUM,1,66.7,14.7,78.5,2,3,-2,2,5,90,77,85.4,45,53.2,103.2,180,65.3,79.6,6,48.5
SIM-REQ-00278,SIMULATED,SIM-MRISK-2026.1,ENGG,0,TRACK_TAMPING,0,LOW,0,65.6,8.4,68.4,1,4,3,0,6,45,25,62.3,113,93.0,161.0,90,49.6,59.9,19,42.4
SIM-REQ-00279,SIMULATED,SIM-MRISK-2026.1,ENGG,0,RAIL_REPLACEMENT,1,MEDIUM,1,79.0,6.7,79.7,2,12,8,0,8,90,13,96.5,72,75.8,92.2,60,62.2,40.1,3,43.9
SIM-REQ-00280,SIMULATED,SIM-MRISK-2026.1,ENGG,0,OHE_INSPECTION,2,HIGH,2,39.9,29.7,44.8,2,3,7,0,5,30,20,74.4,75,75.4,82.3,90,72.0,80.7,20,40.2
SIM-REQ-00281,SIMULATED,SIM-MRISK-2026.1,ENGG,0,TRACK_TAMPING,0,LOW,0,56.9,14.9,84.6,2,2,11,0,3,90,112,90.6,91,82.7,79.3,240,67.8,75.8,5,44.2
SIM-REQ-00282,SIMULATED,SIM-MRISK-2026.1,TRD,1,TRACK_TAMPING,0,LOW,0,59.7,21.3,51.4,3,4,21,0,2,45,19,69.0,42,50.8,34.1,150,83.1,79.7,0,40.9
SIM-REQ-00283,SIMULATED,SIM-MRISK-2026.1,ENGG,0,TRACK_TAMPING,0,MEDIUM,1,82.4,4.9,72.6,1,2,4,0,10,90,33,50.3,70,82.3,158.1,60,45.4,57.1,3,33.7
SIM-REQ-00284,SIMULATED,SIM-MRISK-2026.1,OPTG,3,BALLAST_CLEANING,4,MEDIUM,1,90.0,3.0,69.6,1,10,12,0,6,90,59,75.1,65,71.3,121.7,120,43.5,85.5,7,27.3
SIM-REQ-00285,SIMULATED,SIM-MRISK-2026.1,SNT,2,WELD_REPAIR,6,LOW,0,64.2,7.8,52.4,1,31,17,0,6,60,23,51.3,48,63.0,64.8,60,50.0,60.3,23,25.7
SIM-REQ-00286,SIMULATED,SIM-MRISK-2026.1,ENGG,0,WELD_REPAIR,6,LOW,0,73.2,13.0,54.0,2,11,-6,6,4,60,70,90.6,112,98.0,72.1,60,63.7,84.2,21,64.0
SIM-REQ-00287,SIMULATED,SIM-MRISK-2026.1,TRD,1,WELD_REPAIR,6,LOW,0,50.1,9.5,62.6,2,4,11,0,5,30,27,67.1,114,98.0,100.6,60,69.5,62.3,17,40.7
SIM-REQ-00288,SIMULATED,SIM-MRISK-2026.1,ENGG,0,POINT_OVERHAUL,3,HIGH,2,52.5,14.7,74.1,1,0,-4,4,2,30,39,40.1,77,70.8,49.5,180,52.9,61.5,3,35.8
SIM-REQ-00289,SIMULATED,SIM-MRISK-2026.1,SNT,2,WELD_REPAIR,6,HIGH,2,100.0,12.6,81.4,1,17,3,0,5,90,70,96.1,42,56.4,92.9,120,41.0,40.0,6,23.8
SIM-REQ-00290,SIMULATED,SIM-MRISK-2026.1,ENGG,0,BALLAST_CLEANING,4,MEDIUM,1,89.1,3.3,61.9,1,18,3,0,3,45,69,53.4,50,51.2,62.2,180,43.7,53.4,8,27.7
SIM-REQ-00291,SIMULATED,SIM-MRISK-2026.1,TRD,1,WELD_REPAIR,6,LOW,0,82.4,2.8,79.4,1,32,1,0,5,180,49,88.9,30,47.0,101.8,120,45.4,78.3,7,30.4
SIM-REQ-00292,SIMULATED,SIM-MRISK-2026.1,ENGG,0,TRACK_TAMPING,0,MEDIUM,1,54.4,17.9,65.9,2,23,19,0,2,30,35,66.1,84,70.9,53.7,180,68.4,51.6,23,43.3
SIM-REQ-00293,SIMULATED,SIM-MRISK-2026.1,SNT,2,OHE_INSPECTION,2,HIGH,2,72.0,14.0,52.1,1,16,19,0,6,180,99,42.8,42,59.4,132.3,120,48.0,48.2,24,23.5
SIM-REQ-00294,SIMULATED,SIM-MRISK-2026.1,ENGG,0,RAIL_REPLACEMENT,1,MEDIUM,1,81.3,5.1,76.3,1,4,0,0,5,90,84,46.1,83,77.3,108.2,60,45.7,79.7,11,33.5
SIM-REQ-00295,SIMULATED,SIM-MRISK-2026.1,ENGG,0,POINT_OVERHAUL,3,MEDIUM,1,94.8,5.6,86.2,2,19,-1,1,3,45,47,52.7,105,88.5,67.6,240,58.3,92.7,2,52.2
SIM-REQ-00296,SIMULATED,SIM-MRISK-2026.1,TRD,1,BALLAST_CLEANING,4,HIGH,2,23.4,37.7,51.2,2,10,2,0,4,180,78,61.7,20,39.7,78.1,90,76.2,77.8,18,38.1
SIM-REQ-00297,SIMULATED,SIM-MRISK-2026.1,SNT,2,BALLAST_CLEANING,4,LOW,0,80.9,13.1,69.5,1,33,2,0,4,60,63,77.0,25,43.2,84.5,180,45.8,56.6,24,30.5
SIM-REQ-00298,SIMULATED,SIM-MRISK-2026.1,SNT,2,TRACK_TAMPING,0,LOW,0,100.0,5.7,57.5,1,30,-2,2,2,45,36,75.5,46,61.8,18.5,240,41.0,60.8,7,29.2
SIM-REQ-00299,SIMULATED,SIM-MRISK-2026.1,ENGG,0,TRACK_TAMPING,0,LOW,0,96.8,3.0,75.5,2,10,11,0,4,90,142,45.4,42,52.4,35.7,90,57.8,89.9,10,33.6
SIM-REQ-00300,SIMULATED,SIM-MRISK-2026.1,TRD,1,WELD_REPAIR,6,HIGH,2,53.2,18.1,61.6,3,2,17,0,6,180,185,71.1,62,61.2,163.6,180,84.7,88.1,8,43.6
SIM-REQ-00301,SIMULATED,SIM-MRISK-2026.1,ENGG,0,POINT_OVERHAUL,3,HIGH,2,88.0,7.0,90.7,1,10,-8,8,5,60,61,89.1,51,55.0,102.9,180,44.0,66.3,23,48.4
SIM-REQ-00302,SIMULATED,SIM-MRISK-2026.1,ENGG,0,BALLAST_CLEANING,4,HIGH,2,54.8,16.2,75.1,3,6,17,0,4,60,68,92.4,88,74.7,70.9,90,84.3,46.8,19,48.2
SIM-REQ-00303,SIMULATED,SIM-MRISK-2026.1,ENGG,0,WELD_REPAIR,6,HIGH,2,85.2,7.5,72.8,1,10,14,0,6,90,16,81.3,27,48.0,130.4,120,44.7,59.7,11,20.6
SIM-REQ-00304,SIMULATED,SIM-MRISK-2026.1,SNT,2,OHE_INSPECTION,2,HIGH,2,61.3,13.2,48.4,3,27,1,0,7,45,23,45.4,114,94.7,117.3,120,82.7,55.2,11,61.5
SIM-REQ-00305,SIMULATED,SIM-MRISK-2026.1,ENGG,0,TRACK_TAMPING,0,HIGH,2,70.4,15.6,52.3,1,13,14,0,1,90,113,89.2,91,90.8,25.4,90,48.4,58.6,16,27.0
SIM-REQ-00306,SIMULATED,SIM-MRISK-2026.1,TRD,1,BALLAST_CLEANING,4,LOW,0,75.1,8.5,84.9,2,25,14,0,7,90,120,70.0,57,61.6,180.6,240,63.2,58.7,6,40.6
SIM-REQ-00307,SIMULATED,SIM-MRISK-2026.1,OPTG,3,OHE_INSPECTION,2,HIGH,2,37.5,20.9,72.9,1,34,11,0,6,60,93,42.8,46,57.7,102.2,150,56.6,58.6,7,35.0
SIM-REQ-00308,SIMULATED,SIM-MRISK-2026.1,ENGG,0,RAIL_REPLACEMENT,1,HIGH,2,89.8,7.6,91.5,2,2,18,0,5,90,49,83.7,73,73.4,88.7,60,59.5,48.3,15,38.5
SIM-REQ-00309,SIMULATED,SIM-MRISK-2026.1,OPTG,3,WELD_REPAIR,6,MEDIUM,1,29.3,22.3,63.9,3,21,10,0,6,45,17,72.3,66,68.7,103.7,180,90.7,45.4,3,57.5
SIM-REQ-00310,SIMULATED,SIM-MRISK-2026.1,ENGG,0,TRACK_CIRCUIT,5,LOW,0,55.6,12.2,46.2,2,34,-5,5,5,30,23,95.9,23,52.2,99.4,120,68.1,45.1,10,54.2
SIM-REQ-00311,SIMULATED,SIM-MRISK-2026.1,OPTG,3,WELD_REPAIR,6,MEDIUM,1,63.5,13.2,51.2,3,22,-7,7,2,90,32,68.5,66,78.7,54.4,150,82.1,73.7,0,64.1
SIM-REQ-00312,SIMULATED,SIM-MRISK-2026.1,ENGG,0,WELD_REPAIR,6,MEDIUM,1,61.8,3.1,55.3,3,10,12,0,8,30,34,41.0,95,79.5,94.8,180,82.5,67.4,17,51.3
SIM-REQ-00313,SIMULATED,SIM-MRISK-2026.1,OPTG,3,TRACK_CIRCUIT,5,MEDIUM,1,65.1,10.5,58.0,1,29,-1,1,9,90,115,93.1,37,47.5,109.0,150,49.7,40.0,4,34.1
SIM-REQ-00314,SIMULATED,SIM-MRISK-2026.1,ENGG,0,BALLAST_CLEANING,4,LOW,0,72.9,8.4,82.7,1,18,8,0,6,45,51,76.9,99,85.9,124.6,150,47.8,85.7,17,38.3
SIM-REQ-00315,SIMULATED,SIM-MRISK-2026.1,SNT,2,POINT_OVERHAUL,3,MEDIUM,1,61.7,9.2,92.8,3,9,6,0,6,30,28,96.2,43,55.8,115.4,60,82.6,87.1,12,55.7
SIM-REQ-00316,SIMULATED,SIM-MRISK-2026.1,OPTG,3,POINT_OVERHAUL,3,MEDIUM,1,80.1,3.2,82.1,1,5,4,0,3,30,31,47.8,81,88.0,59.8,150,46.0,44.3,20,35.2
SIM-REQ-00317,SIMULATED,SIM-MRISK-2026.1,ENGG,0,WELD_REPAIR,6,LOW,0,60.3,14.3,51.6,3,23,10,0,6,180,283,77.2,31,42.4,126.6,240,82.9,49.4,21,51.3
SIM-REQ-00318,SIMULATED,SIM-MRISK-2026.1,TRD,1,OHE_INSPECTION,2,HIGH,2,65.6,8.5,74.0,1,2,7,0,4,180,277,90.7,65,61.6,87.5,240,49.6,75.3,14,31.8
SIM-REQ-00319,SIMULATED,SIM-MRISK-2026.1,TRD,1,WELD_REPAIR,6,LOW,0,63.7,14.1,74.8,3,19,17,0,2,30,30,97.1,25,42.1,34.2,120,82.1,44.6,2,47.2
SIM-REQ-00320,SIMULATED,SIM-MRISK-2026.1,SNT,2,RAIL_REPLACEMENT,1,MEDIUM,1,65.9,14.8,75.5,1,0,0,0,7,180,192,92.7,87,79.2,94.2,120,49.5,68.2,20,32.1
SIM-REQ-00321,SIMULATED,SIM-MRISK-2026.1,ENGG,0,POINT_OVERHAUL,3,MEDIUM,1,86.0,6.7,82.6,2,11,-17,17,8,45,13,86.6,58,69.3,193.9,120,60.5,36.5,5,57.2
SIM-REQ-00322,SIMULATED,SIM-MRISK-2026.1,TRD,1,POINT_OVERHAUL,3,LOW,0,51.8,21.1,82.7,2,20,18,0,7,180,116,42.9,93,75.6,170.5,90,69.0,65.0,16,50.9
SIM-REQ-00323,SIMULATED,SIM-MRISK-2026.1,OPTG,3,WELD_REPAIR,6,MEDIUM,1,74.1,8.1,84.3,1,40,1,0,1,45,70,91.8,30,42.0,21.3,150,47.5,86.0,1,27.3
SIM-REQ-00324,SIMULATED,SIM-MRISK-2026.1,TRD,1,BALLAST_CLEANING,4,HIGH,2,100.0,2.0,83.9,1,18,-7,7,6,30,12,49.6,90,86.4,111.1,150,41.0,84.1,13,47.6
SIM-REQ-00325,SIMULATED,SIM-MRISK-2026.1,ENGG,0,BALLAST_CLEANING,4,LOW,0,75.6,16.1,69.9,1,0,3,0,6,60,32,67.4,86,73.4,71.8,180,47.1,48.7,15,33.0
SIM-REQ-00326,SIMULATED,SIM-MRISK-2026.1,ENGG,0,BALLAST_CLEANING,4,LOW,0,63.1,4.2,70.1,1,9,-4,4,5,60,77,74.8,60,72.8,63.5,90,50.2,86.4,6,40.7
SIM-REQ-00327,SIMULATED,SIM-MRISK-2026.1,ENGG,0,OHE_INSPECTION,2,HIGH,2,50.6,7.1,64.1,2,22,20,0,3,180,206,96.6,44,56.9,53.1,240,69.3,74.7,21,37.7
SIM-REQ-00328,SIMULATED,SIM-MRISK-2026.1,TRD,1,TRACK_TAMPING,0,MEDIUM,1,81.4,8.3,60.8,1,11,5,0,3,180,279,83.7,63,67.8,55.3,240,45.6,37.7,20,29.7
SIM-REQ-00329,SIMULATED,SIM-MRISK-2026.1,ENGG,0,TRACK_CIRCUIT,5,MEDIUM,1,58.9,11.8,38.6,1,5,-13,13,5,180,216,74.4,89,84.6,138.6,60,51.3,79.4,22,49.8
SIM-REQ-00330,SIMULATED,SIM-MRISK-2026.1,OPTG,3,WELD_REPAIR,6,LOW,0,82.1,7.8,68.8,2,25,7,0,3,90,26,57.5,75,71.5,54.6,60,61.5,54.4,22,37.6
SIM-REQ-00331,SIMULATED,SIM-MRISK-2026.1,OPTG,3,WELD_REPAIR,6,MEDIUM,1,68.1,11.1,77.1,1,1,0,0,7,30,14,77.7,26,45.9,99.9,150,49.0,54.8,14,37.8
SIM-REQ-00332,SIMULATED,SIM-MRISK-2026.1,TRD,1,RAIL_REPLACEMENT,1,MEDIUM,1,100.0,4.2,96.6,2,4,7,0,4,60,47,61.4,69,69.7,76.9,240,57.0,65.4,3,39.8
SIM-REQ-00333,SIMULATED,SIM-MRISK-2026.1,ENGG,0,BALLAST_CLEANING,4,MEDIUM,1,97.1,7.9,52.2,1,1,8,0,4,30,42,70.9,113,98.0,71.2,120,41.7,58.1,2,31.8
SIM-REQ-00334,SIMULATED,SIM-MRISK-2026.1,TRD,1,TRACK_CIRCUIT,5,MEDIUM,1,86.3,6.5,62.3,1,15,16,0,2,90,17,59.3,105,95.7,44.9,120,44.4,44.3,1,31.9
SIM-REQ-00335,SIMULATED,SIM-MRISK-2026.1,TRD,1,BALLAST_CLEANING,4,MEDIUM,1,82.5,11.8,59.1,2,21,0,0,5,60,77,94.3,91,80.4,122.1,240,61.4,48.6,5,35.7
SIM-REQ-00336,SIMULATED,SIM-MRISK-2026.1,ENGG,0,POINT_OVERHAUL,3,HIGH,2,54.1,9.5,86.1,1,2,6,0,4,180,26,55.7,43,51.5,91.1,240,52.5,44.4,17,33.1
SIM-REQ-00337,SIMULATED,SIM-MRISK-2026.1,TRD,1,TRACK_CIRCUIT,5,LOW,0,63.4,15.0,32.1,2,15,-1,1,4,45,24,59.3,74,66.5,84.7,240,66.2,79.8,19,43.7
SIM-REQ-00338,SIMULATED,SIM-MRISK-2026.1,TRD,1,TRACK_TAMPING,0,MEDIUM,1,66.6,17.9,83.4,1,17,-7,7,3,90,97,75.9,85,73.3,52.9,90,49.4,36.5,9,50.0
SIM-REQ-00339,SIMULATED,SIM-MRISK-2026.1,TRD,1,RAIL_REPLACEMENT,1,LOW,0,71.0,7.0,88.9,1,33,-2,2,4,90,26,43.1,53,56.6,85.3,120,48.2,44.8,16,40.7
SIM-REQ-00340,SIMULATED,SIM-MRISK-2026.1,SNT,2,WELD_REPAIR,6,LOW,0,72.3,4.6,59.0,2,1,27,0,3,60,81,72.1,88,79.0,79.7,180,63.9,74.0,21,38.8
SIM-REQ-00341,SIMULATED,SIM-MRISK-2026.1,SNT,2,BALLAST_CLEANING,4,HIGH,2,75.0,4.1,54.0,2,30,-8,8,6,180,183,63.7,112,98.0,158.7,60,63.2,78.4,15,62.0
SIM-REQ-00342,SIMULATED,SIM-MRISK-2026.1,TRD,1,TRACK_TAMPING,0,MEDIUM,1,86.3,9.4,73.7,1,7,-13,13,3,45,44,73.6,60,71.5,73.0,180,44.4,76.3,21,48.5
SIM-REQ-00343,SIMULATED,SIM-MRISK-2026.1,ENGG,0,TRACK_CIRCUIT,5,MEDIUM,1,62.8,13.3,52.6,1,19,14,0,4,90,74,52.0,73,79.7,110.1,240,50.3,44.6,9,30.4
SIM-REQ-00344,SIMULATED,SIM-MRISK-2026.1,TRD,1,WELD_REPAIR,6,LOW,0,81.9,9.7,82.1,1,71,11,0,2,30,44,52.8,46,52.2,55.8,90,45.5,76.7,16,30.6
SIM-REQ-00345,SIMULATED,SIM-MRISK-2026.1,SNT,2,BALLAST_CLEANING,4,MEDIUM,1,61.8,17.3,76.5,1,3,-6,6,5,60,51,65.3,69,64.6,77.5,240,50.5,53.9,6,46.3
SIM-REQ-00346,SIMULATED,SIM-MRISK-2026.1,TRD,1,BALLAST_CLEANING,4,MEDIUM,1,57.3,11.5,50.2,2,11,-2,2,7,60,14,66.8,50,58.2,103.8,150,67.7,43.3,24,46.0
SIM-REQ-00347,SIMULATED,SIM-MRISK-2026.1,ENGG,0,POINT_OVERHAUL,3,HIGH,2,91.4,11.6,90.5,1,2,6,0,4,90,111,55.1,80,74.1,89.3,150,43.1,55.9,16,31.5
SIM-REQ-00348,SIMULATED,SIM-MRISK-2026.1,SNT,2,RAIL_REPLACEMENT,1,MEDIUM,1,54.6,15.9,97.7,2,4,4,0,4,90,31,91.7,30,49.7,50.8,90,68.3,81.6,14,42.1
SIM-REQ-00349,SIMULATED,SIM-MRISK-2026.1,SNT,2,TRACK_CIRCUIT,5,MEDIUM,1,77.2,11.2,46.5,1,29,6,0,7,90,38,54.0,64,71.1,123.3,240,46.7,62.4,9,27.3
SIM-REQ-00350,SIMULATED,SIM-MRISK-2026.1,ENGG,0,TRACK_TAMPING,0,LOW,0,69.2,11.5,66.5,1,26,3,0,3,90,54,65.8,57,61.2,80.8,150,48.7,49.1,11,32.1
SIM-REQ-00351,SIMULATED,SIM-MRISK-2026.1,SNT,2,TRACK_TAMPING,0,HIGH,2,59.6,5.7,76.0,2,16,-6,6,7,180,67,71.2,81,77.5,113.5,60,67.1,53.4,2,59.1
SIM-REQ-00352,SIMULATED,SIM-MRISK-2026.1,OPTG,3,WELD_REPAIR,6,MEDIUM,1,80.7,2.8,81.0,1,14,14,0,5,60,66,52.8,31,47.7,72.6,150,45.8,68.6,22,20.3
SIM-REQ-00353,SIMULATED,SIM-MRISK-2026.1,OPTG,3,WELD_REPAIR,6,LOW,0,52.5,8.9,71.4,2,0,-7,7,6,45,61,96.8,84,81.3,72.7,120,68.9,47.5,15,58.0
SIM-REQ-00354,SIMULATED,SIM-MRISK-2026.1,ENGG,0,WELD_REPAIR,6,LOW,0,87.5,5.5,60.0,2,28,4,0,5,45,36,96.2,82,77.1,114.9,180,60.1,59.0,10,39.9
SIM-REQ-00355,SIMULATED,SIM-MRISK-2026.1,TRD,1,TRACK_CIRCUIT,5,LOW,0,82.4,3.8,71.5,1,12,7,0,6,30,13,75.2,41,51.4,57.8,150,45.4,75.5,20,25.3
SIM-REQ-00356,SIMULATED,SIM-MRISK-2026.1,SNT,2,TRACK_TAMPING,0,MEDIUM,1,96.1,1.3,66.0,1,31,20,0,7,60,24,74.0,73,80.1,76.4,180,42.0,50.2,17,31.5
SIM-REQ-00357,SIMULATED,SIM-MRISK-2026.1,OPTG,3,WELD_REPAIR,6,HIGH,2,67.1,14.2,73.9,1,13,1,0,2,90,61,46.3,102,98.0,50.9,150,49.2,81.9,17,36.6
SIM-REQ-00358,SIMULATED,SIM-MRISK-2026.1,SNT,2,TRACK_CIRCUIT,5,MEDIUM,1,100.0,9.1,61.1,1,36,3,0,2,45,65,71.1,75,75.9,45.9,120,41.0,82.4,12,25.5
SIM-REQ-00359,SIMULATED,SIM-MRISK-2026.1,TRD,1,TRACK_TAMPING,0,HIGH,2,26.4,28.3,59.9,4,3,0,0,6,180,98,42.3,112,98.0,174.1,180,98.0,84.4,20,77.5
SIM-REQ-00360,SIMULATED,SIM-MRISK-2026.1,TRD,1,WELD_REPAIR,6,LOW,0,97.3,6.7,64.1,1,26,4,0,2,60,44,90.9,52,60.1,27.5,150,41.7,77.5,17,22.3
SIM-REQ-00361,SIMULATED,SIM-MRISK-2026.1,ENGG,0,BALLAST_CLEANING,4,HIGH,2,71.8,14.1,77.0,1,2,5,0,4,180,112,72.0,88,79.1,86.9,180,48.0,53.6,18,32.2
SIM-REQ-00362,SIMULATED,SIM-MRISK-2026.1,TRD,1,POINT_OVERHAUL,3,HIGH,2,73.4,9.0,71.3,1,3,0,0,5,30,18,52.8,107,84.9,65.4,150,47.6,86.0,2,38.9
SIM-REQ-00363,SIMULATED,SIM-MRISK-2026.1,ENGG,0,RAIL_REPLACEMENT,1,HIGH,2,58.6,7.4,91.5,2,11,9,0,7,45,62,59.5,108,91.4,157.6,60,67.3,88.3,23,51.8
SIM-REQ-00364,SIMULATED,SIM-MRISK-2026.1,ENGG,0,BALLAST_CLEANING,4,LOW,0,90.9,8.7,81.7,1,2,2,0,4,90,91,44.3,102,91.3,71.7,120,43.3,47.6,17,32.8
SIM-REQ-00365,SIMULATED,SIM-MRISK-2026.1,ENGG,0,TRACK_CIRCUIT,5,MEDIUM,1,62.3,15.2,65.8,2,10,0,0,5,60,57,71.5,63,66.2,118.3,240,66.4,57.9,2,44.7
SIM-REQ-00366,SIMULATED,SIM-MRISK-2026.1,TRD,1,RAIL_REPLACEMENT,1,LOW,0,60.9,11.5,96.6,3,41,0,0,5,90,113,46.6,73,76.5,123.2,60,82.8,65.0,22,62.1
SIM-REQ-00367,SIMULATED,SIM-MRISK-2026.1,ENGG,0,WELD_REPAIR,6,MEDIUM,1,72.4,5.3,81.8,1,18,19,0,9,180,112,90.0,103,92.9,194.3,120,47.9,84.6,21,34.7
SIM-REQ-00368,SIMULATED,SIM-MRISK-2026.1,ENGG,0,TRACK_CIRCUIT,5,LOW,0,97.5,10.0,39.9,2,53,8,0,3,30,41,92.8,59,64.2,54.8,150,57.6,62.4,22,31.8
SIM-REQ-00369,SIMULATED,SIM-MRISK-2026.1,ENGG,0,BALLAST_CLEANING,4,LOW,0,39.1,24.4,83.4,3,20,-1,1,7,180,63,60.8,67,64.7,120.8,240,88.2,35.0,3,65.2
SIM-REQ-00370,SIMULATED,SIM-MRISK-2026.1,ENGG,0,BALLAST_CLEANING,4,LOW,0,66.5,13.8,70.2,2,1,18,0,4,60,77,88.4,77,77.5,112.1,90,65.4,64.2,14,33.9
SIM-REQ-00371,SIMULATED,SIM-MRISK-2026.1,ENGG,0,RAIL_REPLACEMENT,1,MEDIUM,1,61.9,24.3,75.9,1,29,5,0,6,180,246,61.0,108,98.0,90.3,180,50.5,78.2,20,42.7
SIM-REQ-00372,SIMULATED,SIM-MRISK-2026.1,ENGG,0,TRACK_CIRCUIT,5,HIGH,2,61.4,13.3,35.9,2,3,-3,3,2,60,28,52.1,56,63.4,40.8,240,66.7,48.8,15,39.6
SIM-REQ-00373,SIMULATED,SIM-MRISK-2026.1,ENGG,0,TRACK_CIRCUIT,5,MEDIUM,1,65.6,7.7,34.1,1,19,11,0,2,30,45,72.1,60,58.3,34.0,120,49.6,59.5,2,20.8
SIM-REQ-00374,SIMULATED,SIM-MRISK-2026.1,SNT,2,TRACK_TAMPING,0,MEDIUM,1,79.8,8.1,57.6,1,12,9,0,7,60,33,52.8,110,95.8,84.4,150,46.0,82.0,9,38.5
SIM-REQ-00375,SIMULATED,SIM-MRISK-2026.1,OPTG,3,TRACK_TAMPING,0,LOW,0,66.6,10.8,53.9,2,27,-4,4,2,60,10,75.8,57,74.5,45.8,240,65.3,95.0,22,47.4
SIM-REQ-00376,SIMULATED,SIM-MRISK-2026.1,ENGG,0,BALLAST_CLEANING,4,MEDIUM,1,69.2,9.4,69.4,2,20,3,0,1,60,76,84.6,60,65.7,33.8,120,64.7,38.2,6,38.9
SIM-REQ-00377,SIMULATED,SIM-MRISK-2026.1,TRD,1,OHE_INSPECTION,2,HIGH,2,78.8,4.4,31.6,2,24,0,0,5,180,125,89.0,78,72.4,59.5,180,62.3,63.6,8,35.6
SIM-REQ-00378,SIMULATED,SIM-MRISK-2026.1,OPTG,3,TRACK_CIRCUIT,5,LOW,0,59.1,6.8,53.2,3,7,-23,23,3,180,115,91.5,93,91.5,55.1,60,83.2,36.8,8,68.8
SIM-REQ-00379,SIMULATED,SIM-MRISK-2026.1,ENGG,0,RAIL_REPLACEMENT,1,HIGH,2,72.7,8.7,84.2,1,14,0,0,2,180,100,84.6,48,49.5,50.2,120,47.8,61.7,0,25.7
SIM-REQ-00380,SIMULATED,SIM-MRISK-2026.1,ENGG,0,OHE_INSPECTION,2,MEDIUM,1,54.2,17.2,55.1,3,54,11,0,5,180,70,66.6,92,83.9,120.6,240,84.5,44.9,20,61.3
SIM-REQ-00381,SIMULATED,SIM-MRISK-2026.1,ENGG,0,TRACK_TAMPING,0,MEDIUM,1,81.2,3.2,64.2,1,6,-1,1,4,30,31,57.0,56,55.3,59.8,90,45.7,62.3,2,32.8
SIM-REQ-00382,SIMULATED,SIM-MRISK-2026.1,ENGG,0,RAIL_REPLACEMENT,1,MEDIUM,1,77.1,5.4,90.9,1,3,-8,8,3,180,58,53.4,111,96.3,66.3,150,46.7,52.2,0,50.7
SIM-REQ-00383,SIMULATED,SIM-MRISK-2026.1,OPTG,3,POINT_OVERHAUL,3,MEDIUM,1,71.5,9.6,80.8,2,20,25,0,3,180,185,63.5,53,56.5,74.8,60,64.1,38.6,13,33.6
SIM-REQ-00384,SIMULATED,SIM-MRISK-2026.1,TRD,1,BALLAST_CLEANING,4,HIGH,2,74.0,9.2,83.6,1,55,9,0,3,60,62,50.9,113,94.9,74.3,90,47.5,91.7,11,41.4
SIM-REQ-00385,SIMULATED,SIM-MRISK-2026.1,TRD,1,OHE_INSPECTION,2,HIGH,2,53.4,16.5,57.1,2,1,7,0,3,60,56,88.1,43,50.9,84.8,120,68.7,36.0,13,34.7
SIM-REQ-00386,SIMULATED,SIM-MRISK-2026.1,ENGG,0,RAIL_REPLACEMENT,1,MEDIUM,1,92.8,7.4,88.6,1,21,7,0,5,180,71,48.9,92,85.7,71.3,180,42.8,92.5,10,35.1
SIM-REQ-00387,SIMULATED,SIM-MRISK-2026.1,ENGG,0,WELD_REPAIR,6,LOW,0,93.9,2.4,55.7,2,7,9,0,3,45,27,70.4,71,70.6,49.9,60,58.5,70.0,12,30.8
SIM-REQ-00388,SIMULATED,SIM-MRISK-2026.1,ENGG,0,TRACK_TAMPING,0,MEDIUM,1,74.4,11.1,69.9,2,2,-5,5,6,45,27,78.0,47,51.4,112.2,240,63.4,52.5,18,49.3
SIM-REQ-00389,SIMULATED,SIM-MRISK-2026.1,ENGG,0,BALLAST_CLEANING,4,MEDIUM,1,58.1,13.6,61.3,3,44,5,0,2,30,25,51.8,71,81.8,64.0,150,83.5,89.6,14,58.9
SIM-REQ-00390,SIMULATED,SIM-MRISK-2026.1,ENGG,0,WELD_REPAIR,6,MEDIUM,1,68.5,9.9,64.5,2,13,21,0,7,60,63,84.9,27,47.4,144.6,180,64.9,58.9,1,32.3
SIM-REQ-00391,SIMULATED,SIM-MRISK-2026.1,ENGG,0,WELD_REPAIR,6,HIGH,2,60.7,21.9,78.2,2,11,-25,25,4,180,124,78.1,46,47.4,84.9,150,66.8,74.2,14,55.5
SIM-REQ-00392,SIMULATED,SIM-MRISK-2026.1,TRD,1,RAIL_REPLACEMENT,1,HIGH,2,67.2,19.5,83.5,1,2,9,0,3,90,68,65.1,24,38.9,48.9,240,49.2,36.2,7,24.5
SIM-REQ-00393,SIMULATED,SIM-MRISK-2026.1,ENGG,0,OHE_INSPECTION,2,MEDIUM,1,71.4,7.5,56.1,1,6,-9,9,7,30,34,62.5,84,74.4,112.7,180,48.1,81.7,11,40.8
SIM-REQ-00394,SIMULATED,SIM-MRISK-2026.1,SNT,2,BALLAST_CLEANING,4,MEDIUM,1,100.0,5.1,67.4,1,2,10,0,6,60,84,73.2,100,93.5,59.3,150,41.0,75.1,10,33.4
SIM-REQ-00395,SIMULATED,SIM-MRISK-2026.1,ENGG,0,BALLAST_CLEANING,4,MEDIUM,1,60.5,9.6,56.0,2,8,14,0,2,30,42,50.6,81,76.0,48.6,60,66.9,66.9,24,33.4
SIM-REQ-00396,SIMULATED,SIM-MRISK-2026.1,ENGG,0,POINT_OVERHAUL,3,LOW,0,60.6,18.5,78.6,1,13,4,0,9,180,218,54.7,25,36.6,139.5,150,50.9,78.0,20,35.9
SIM-REQ-00397,SIMULATED,SIM-MRISK-2026.1,ENGG,0,WELD_REPAIR,6,LOW,0,40.1,17.0,65.3,1,28,7,0,9,45,67,89.1,61,69.7,123.2,240,56.0,93.0,19,36.2
SIM-REQ-00398,SIMULATED,SIM-MRISK-2026.1,OPTG,3,BALLAST_CLEANING,4,MEDIUM,1,62.1,2.0,82.7,3,19,12,0,6,60,15,52.5,55,64.2,152.8,240,82.5,80.3,24,54.5
SIM-REQ-00399,SIMULATED,SIM-MRISK-2026.1,TRD,1,OHE_INSPECTION,2,HIGH,2,77.6,5.4,71.9,2,0,16,0,4,30,23,70.9,89,78.6,49.6,240,62.6,84.9,2,33.2
SIM-REQ-00400,SIMULATED,SIM-MRISK-2026.1,ENGG,0,POINT_OVERHAUL,3,MEDIUM,1,83.6,6.0,71.0,2,6,0,0,3,60,58,77.7,54,48.6,34.9,60,61.1,38.7,19,39.0
SIM-REQ-00401,SIMULATED,SIM-MRISK-2026.1,ENGG,0,TRACK_TAMPING,0,MEDIUM,1,68.5,11.6,51.8,2,2,-4,4,1,180,14,53.9,83,72.8,24.4,150,64.9,59.4,2,43.8
SIM-REQ-00402,SIMULATED,SIM-MRISK-2026.1,TRD,1,BALLAST_CLEANING,4,LOW,0,89.1,6.9,69.2,1,2,1,0,4,180,121,90.0,27,40.6,68.3,90,43.7,82.6,4,20.6
SIM-REQ-00403,SIMULATED,SIM-MRISK-2026.1,SNT,2,OHE_INSPECTION,2,HIGH,2,65.0,4.3,74.1,2,24,0,0,10,30,28,88.1,42,49.9,251.4,60,65.8,45.2,11,43.2
SIM-REQ-00404,SIMULATED,SIM-MRISK-2026.1,SNT,2,OHE_INSPECTION,2,MEDIUM,1,91.2,3.1,42.1,2,19,-1,1,1,30,21,55.5,80,79.7,24.5,240,59.2,70.3,7,38.4
SIM-REQ-00405,SIMULATED,SIM-MRISK-2026.1,SNT,2,TRACK_TAMPING,0,HIGH,2,67.2,6.3,71.0,2,26,-6,6,4,60,30,73.4,98,93.1,81.0,180,65.2,44.8,2,62.4
SIM-REQ-00406,SIMULATED,SIM-MRISK-2026.1,SNT,2,BALLAST_CLEANING,4,LOW,0,69.7,10.3,71.4,1,3,29,0,5,45,43,92.6,108,97.4,78.3,180,48.6,54.1,0,34.6
SIM-REQ-00407,SIMULATED,SIM-MRISK-2026.1,ENGG,0,TRACK_TAMPING,0,LOW,0,62.5,13.3,53.9,1,17,35,0,10,30,34,72.8,86,79.9,199.8,180,50.4,43.6,3,25.8
SIM-REQ-00408,SIMULATED,SIM-MRISK-2026.1,SNT,2,TRACK_CIRCUIT,5,MEDIUM,1,56.2,19.6,34.3,2,3,11,0,1,45,41,90.7,37,42.4,38.8,180,68.0,70.1,11,30.3
SIM-REQ-00409,SIMULATED,SIM-MRISK-2026.1,ENGG,0,POINT_OVERHAUL,3,MEDIUM,1,88.3,10.0,97.5,1,20,3,0,4,90,10,83.3,90,82.1,99.2,120,43.9,91.4,18,34.2
SIM-REQ-00410,SIMULATED,SIM-MRISK-2026.1,ENGG,0,TRACK_CIRCUIT,5,LOW,0,66.7,10.0,64.7,2,7,0,0,2,90,114,82.0,71,65.6,53.5,240,65.3,35.3,23,44.4
SIM-REQ-00411,SIMULATED,SIM-MRISK-2026.1,ENGG,0,TRACK_CIRCUIT,5,MEDIUM,1,75.6,12.6,38.3,2,9,1,0,4,90,126,49.2,27,45.7,46.6,90,63.1,60.6,4,34.7
SIM-REQ-00412,SIMULATED,SIM-MRISK-2026.1,ENGG,0,WELD_REPAIR,6,MEDIUM,1,67.1,17.4,75.7,1,8,8,0,4,45,33,63.5,72,75.2,99.3,60,49.2,87.9,4,33.3
SIM-REQ-00413,SIMULATED,SIM-MRISK-2026.1,TRD,1,RAIL_REPLACEMENT,1,MEDIUM,1,54.5,11.1,74.3,3,4,1,0,8,45,67,96.8,46,57.1,127.1,90,84.4,66.0,21,54.6
SIM-REQ-00414,SIMULATED,SIM-MRISK-2026.1,TRD,1,OHE_INSPECTION,2,MEDIUM,1,60.2,17.4,65.7,2,2,13,0,6,180,87,42.7,100,84.9,156.0,150,67.0,90.0,8,40.5
SIM-REQ-00415,SIMULATED,SIM-MRISK-2026.1,SNT,2,TRACK_CIRCUIT,5,LOW,0,100.0,3.7,32.0,2,22,6,0,5,180,19,78.6,21,42.2,71.6,90,57.0,48.1,0,31.0
SIM-REQ-00416,SIMULATED,SIM-MRISK-2026.1,TRD,1,OHE_INSPECTION,2,MEDIUM,1,50.7,21.9,41.3,3,20,-7,7,7,60,65,51.9,59,70.3,77.2,180,85.3,86.4,9,60.8
SIM-REQ-00417,SIMULATED,SIM-MRISK-2026.1,ENGG,0,TRACK_TAMPING,0,MEDIUM,1,67.9,7.6,67.8,1,21,-11,11,4,180,245,44.3,67,72.1,102.9,60,49.0,57.0,19,47.2
SIM-REQ-00418,SIMULATED,SIM-MRISK-2026.1,ENGG,0,OHE_INSPECTION,2,HIGH,2,78.5,1.7,52.6,2,11,23,0,3,30,43,75.8,105,95.0,82.1,120,62.4,60.4,17,38.4
SIM-REQ-00419,SIMULATED,SIM-MRISK-2026.1,SNT,2,TRACK_TAMPING,0,HIGH,2,75.9,7.1,50.5,1,1,-1,1,6,45,38,53.8,62,72.5,98.6,150,47.0,45.8,17,35.2
SIM-REQ-00420,SIMULATED,SIM-MRISK-2026.1,ENGG,0,RAIL_REPLACEMENT,1,HIGH,2,88.4,6.6,71.1,1,28,-4,4,7,90,46,87.1,89,85.4,131.0,120,43.9,47.1,8,44.3
SIM-REQ-00421,SIMULATED,SIM-MRISK-2026.1,ENGG,0,RAIL_REPLACEMENT,1,MEDIUM,1,94.1,3.3,89.0,1,45,16,0,5,180,143,51.2,71,61.2,52.3,120,42.5,56.5,7,33.0
SIM-REQ-00422,SIMULATED,SIM-MRISK-2026.1,TRD,1,TRACK_TAMPING,0,MEDIUM,1,77.5,13.8,51.0,2,19,-1,1,5,60,14,82.0,39,52.9,131.2,150,62.6,50.6,4,41.9
SIM-REQ-00423,SIMULATED,SIM-MRISK-2026.1,ENGG,0,TRACK_TAMPING,0,HIGH,2,67.6,11.1,84.5,1,7,-6,6,3,180,254,43.0,75,73.4,87.8,180,49.1,49.3,13,44.4
SIM-REQ-00424,SIMULATED,SIM-MRISK-2026.1,SNT,2,TRACK_CIRCUIT,5,MEDIUM,1,78.2,7.4,67.1,1,0,1,0,5,90,88,88.9,27,43.7,130.3,240,46.5,54.5,8,26.3
SIM-REQ-00425,SIMULATED,SIM-MRISK-2026.1,TRD,1,OHE_INSPECTION,2,MEDIUM,1,76.9,4.9,51.6,2,5,7,0,6,180,186,78.3,38,50.0,66.9,60,62.8,64.4,6,34.2
SIM-REQ-00426,SIMULATED,SIM-MRISK-2026.1,SNT,2,WELD_REPAIR,6,MEDIUM,1,66.9,5.2,56.5,2,4,-14,14,4,180,33,94.7,34,50.0,52.8,240,65.3,81.9,9,51.8
SIM-REQ-00427,SIMULATED,SIM-MRISK-2026.1,ENGG,0,TRACK_CIRCUIT,5,MEDIUM,1,92.9,10.6,60.4,2,8,6,0,1,30,39,78.8,106,91.7,19.4,240,58.8,72.6,7,36.2
SIM-REQ-00428,SIMULATED,SIM-MRISK-2026.1,TRD,1,OHE_INSPECTION,2,LOW,0,60.3,19.6,74.1,3,0,-4,4,1,90,126,54.8,83,80.3,24.0,120,82.9,66.9,10,55.4
SIM-REQ-00429,SIMULATED,SIM-MRISK-2026.1,SNT,2,RAIL_REPLACEMENT,1,MEDIUM,1,84.2,8.9,90.3,1,3,12,0,5,180,11,74.9,87,76.0,91.7,150,45.0,89.1,12,30.8
SIM-REQ-00430,SIMULATED,SIM-MRISK-2026.1,SNT,2,BALLAST_CLEANING,4,HIGH,2,58.2,10.1,50.3,2,1,3,0,4,60,61,82.7,45,65.9,72.9,120,67.5,64.3,16,32.7
SIM-REQ-00431,SIMULATED,SIM-MRISK-2026.1,ENGG,0,WELD_REPAIR,6,MEDIUM,1,92.5,2.7,60.4,1,7,0,0,2,45,30,76.7,78,69.3,31.9,180,42.9,56.7,20,35.6
SIM-REQ-00432,SIMULATED,SIM-MRISK-2026.1,TRD,1,OHE_INSPECTION,2,HIGH,2,63.5,14.5,46.5,3,2,6,0,12,90,110,82.5,63,67.3,138.8,120,82.1,61.7,24,49.9
SIM-REQ-00433,SIMULATED,SIM-MRISK-2026.1,ENGG,0,WELD_REPAIR,6,HIGH,2,89.6,7.0,51.4,1,11,-2,2,5,180,285,43.4,49,56.0,125.2,150,43.6,67.3,11,26.7
SIM-REQ-00434,SIMULATED,SIM-MRISK-2026.1,SNT,2,POINT_OVERHAUL,3,MEDIUM,1,87.1,7.1,91.6,1,27,6,0,4,45,52,46.4,41,51.3,80.7,60,44.2,59.3,13,28.5
SIM-REQ-00435,SIMULATED,SIM-MRISK-2026.1,ENGG,0,TRACK_CIRCUIT,5,HIGH,2,51.9,9.6,71.5,2,1,-11,11,4,45,24,89.7,39,46.2,91.1,90,69.0,67.0,16,55.5
SIM-REQ-00436,SIMULATED,SIM-MRISK-2026.1,ENGG,0,RAIL_REPLACEMENT,1,LOW,0,69.5,3.5,93.4,1,14,5,0,3,60,88,82.4,31,49.4,37.8,90,48.6,81.2,3,29.6
SIM-REQ-00437,SIMULATED,SIM-MRISK-2026.1,OPTG,3,BALLAST_CLEANING,4,MEDIUM,1,41.2,19.2,74.8,2,3,19,0,2,45,57,67.6,75,76.7,59.1,120,71.7,43.7,23,42.2
SIM-REQ-00438,SIMULATED,SIM-MRISK-2026.1,ENGG,0,TRACK_CIRCUIT,5,HIGH,2,57.8,5.7,58.9,2,14,3,0,5,90,23,96.7,43,52.6,120.3,60,67.5,89.7,14,35.7
SIM-REQ-00439,SIMULATED,SIM-MRISK-2026.1,ENGG,0,TRACK_TAMPING,0,HIGH,2,59.0,11.1,77.2,3,4,25,0,4,60,29,46.5,40,52.0,58.5,180,83.2,91.5,24,52.0
SIM-REQ-00440,SIMULATED,SIM-MRISK-2026.1,ENGG,0,POINT_OVERHAUL,3,MEDIUM,1,53.3,27.2,92.9,3,13,6,0,4,60,74,58.4,38,43.3,103.2,150,84.7,71.3,13,53.4
SIM-REQ-00441,SIMULATED,SIM-MRISK-2026.1,ENGG,0,RAIL_REPLACEMENT,1,LOW,0,68.2,7.4,94.2,1,23,0,0,4,45,49,52.7,27,41.7,52.5,150,49.0,51.9,5,34.4
SIM-REQ-00442,SIMULATED,SIM-MRISK-2026.1,ENGG,0,WELD_REPAIR,6,LOW,0,51.5,22.4,73.6,2,13,4,0,3,45,25,69.9,67,66.7,82.3,240,69.1,62.9,1,46.3
SIM-REQ-00443,SIMULATED,SIM-MRISK-2026.1,SNT,2,POINT_OVERHAUL,3,LOW,0,63.4,12.8,91.7,3,13,-14,14,2,90,135,77.6,82,88.8,60.3,150,82.2,79.6,12,70.4
SIM-REQ-00444,SIMULATED,SIM-MRISK-2026.1,ENGG,0,TRACK_CIRCUIT,5,HIGH,2,76.3,12.7,30.8,2,7,17,0,4,90,49,73.0,74,71.3,78.0,240,62.9,45.1,0,32.3
SIM-REQ-00445,SIMULATED,SIM-MRISK-2026.1,SNT,2,RAIL_REPLACEMENT,1,HIGH,2,71.4,15.3,84.7,1,24,5,0,4,30,10,64.8,58,55.3,80.9,150,48.1,79.5,23,34.8
SIM-REQ-00446,SIMULATED,SIM-MRISK-2026.1,ENGG,0,WELD_REPAIR,6,MEDIUM,1,92.8,6.2,70.1,1,13,27,0,5,180,229,70.2,97,84.2,84.7,60,42.8,44.8,12,27.8
SIM-REQ-00447,SIMULATED,SIM-MRISK-2026.1,TRD,1,OHE_INSPECTION,2,MEDIUM,1,88.1,6.1,65.7,2,34,4,0,4,90,98,72.6,95,79.2,39.4,240,60.0,61.4,6,44.5
SIM-REQ-00448,SIMULATED,SIM-MRISK-2026.1,TRD,1,POINT_OVERHAUL,3,MEDIUM,1,49.5,13.9,91.8,2,9,-1,1,5,30,37,67.1,28,42.8,65.7,150,69.6,61.2,4,47.1
SIM-REQ-00449,SIMULATED,SIM-MRISK-2026.1,ENGG,0,TRACK_CIRCUIT,5,LOW,0,66.6,15.3,70.5,1,9,5,0,3,45,26,87.1,88,79.4,47.7,120,49.4,53.2,6,32.5
SIM-REQ-00450,SIMULATED,SIM-MRISK-2026.1,TRD,1,TRACK_CIRCUIT,5,LOW,0,73.6,5.6,44.0,2,0,8,0,8,60,23,92.7,113,89.1,182.0,90,63.6,70.6,11,40.2
SIM-REQ-00451,SIMULATED,SIM-MRISK-2026.1,SNT,2,POINT_OVERHAUL,3,LOW,0,73.7,4.2,89.4,1,15,12,0,3,180,279,63.8,56,57.1,80.6,180,47.6,88.2,6,32.8
SIM-REQ-00452,SIMULATED,SIM-MRISK-2026.1,TRD,1,TRACK_CIRCUIT,5,MEDIUM,1,62.8,15.7,60.7,1,0,2,0,11,30,37,96.5,95,90.1,282.9,150,50.3,81.6,19,34.5
SIM-REQ-00453,SIMULATED,SIM-MRISK-2026.1,TRD,1,WELD_REPAIR,6,MEDIUM,1,80.2,4.8,60.4,1,29,16,0,2,60,12,79.0,94,81.2,45.7,180,46.0,54.0,6,26.9
SIM-REQ-00454,SIMULATED,SIM-MRISK-2026.1,TRD,1,TRACK_CIRCUIT,5,MEDIUM,1,54.4,15.0,72.3,1,23,7,0,4,60,92,53.5,98,91.7,80.2,150,52.4,62.7,10,38.4
SIM-REQ-00455,SIMULATED,SIM-MRISK-2026.1,ENGG,0,POINT_OVERHAUL,3,MEDIUM,1,64.7,5.0,78.0,3,18,10,0,8,45,10,43.7,54,64.1,113.8,60,81.8,60.5,12,56.4
SIM-REQ-00456,SIMULATED,SIM-MRISK-2026.1,SNT,2,OHE_INSPECTION,2,MEDIUM,1,63.0,6.3,74.5,2,11,9,0,6,180,42,75.3,73,63.2,95.5,60,66.2,83.9,18,42.6
SIM-REQ-00457,SIMULATED,SIM-MRISK-2026.1,ENGG,0,OHE_INSPECTION,2,MEDIUM,1,84.6,3.1,44.4,1,13,-5,5,7,45,59,70.4,32,42.5,175.6,150,44.9,79.9,18,36.5
SIM-REQ-00458,SIMULATED,SIM-MRISK-2026.1,TRD,1,RAIL_REPLACEMENT,1,HIGH,2,84.3,8.8,81.5,2,21,10,0,6,45,41,95.8,72,79.4,111.3,180,60.9,48.0,5,35.1
SIM-REQ-00459,SIMULATED,SIM-MRISK-2026.1,ENGG,0,OHE_INSPECTION,2,LOW,0,48.8,15.2,45.8,3,15,7,0,7,45,33,60.6,91,91.8,190.6,120,85.8,77.6,12,54.7
SIM-REQ-00460,SIMULATED,SIM-MRISK-2026.1,ENGG,0,POINT_OVERHAUL,3,MEDIUM,1,80.1,8.3,80.1,1,33,-9,9,4,60,94,55.8,98,82.8,45.4,60,46.0,77.7,7,50.6
SIM-REQ-00461,SIMULATED,SIM-MRISK-2026.1,OPTG,3,BALLAST_CLEANING,4,LOW,0,58.9,12.9,58.2,2,4,9,0,5,90,137,80.9,96,82.3,70.3,240,67.3,40.9,18,42.8
SIM-REQ-00462,SIMULATED,SIM-MRISK-2026.1,TRD,1,WELD_REPAIR,6,LOW,0,90.3,3.1,66.8,1,20,-8,8,6,180,241,73.3,31,49.4,122.3,180,43.4,75.1,7,42.0
SIM-REQ-00463,SIMULATED,SIM-MRISK-2026.1,ENGG,0,WELD_REPAIR,6,LOW,0,98.7,4.5,68.1,1,35,-25,25,2,60,26,57.7,39,53.6,41.7,90,41.3,38.5,21,41.8
SIM-REQ-00464,SIMULATED,SIM-MRISK-2026.1,ENGG,0,TRACK_TAMPING,0,MEDIUM,1,61.8,14.3,78.2,2,14,14,0,3,30,40,69.9,106,90.4,55.4,60,66.5,37.1,23,47.4
SIM-REQ-00465,SIMULATED,SIM-MRISK-2026.1,ENGG,0,BALLAST_CLEANING,4,MEDIUM,1,91.8,2.9,67.4,1,17,4,0,3,60,86,41.1,86,81.0,34.6,120,43.0,38.2,13,30.4
SIM-REQ-00466,SIMULATED,SIM-MRISK-2026.1,ENGG,0,RAIL_REPLACEMENT,1,MEDIUM,1,86.8,11.9,84.9,2,35,-10,10,6,30,30,45.4,106,96.8,74.3,150,60.3,74.7,0,67.4
SIM-REQ-00467,SIMULATED,SIM-MRISK-2026.1,TRD,1,OHE_INSPECTION,2,MEDIUM,1,66.9,11.3,60.9,1,16,-2,2,7,45,34,86.3,60,66.0,140.9,120,49.3,44.7,8,45.9
SIM-REQ-00468,SIMULATED,SIM-MRISK-2026.1,TRD,1,OHE_INSPECTION,2,HIGH,2,69.2,5.7,63.2,1,8,23,0,8,180,131,70.9,28,44.0,204.4,240,48.7,35.9,17,26.1
SIM-REQ-00469,SIMULATED,SIM-MRISK-2026.1,SNT,2,BALLAST_CLEANING,4,MEDIUM,1,81.7,4.7,83.8,1,12,-2,2,5,45,46,49.0,72,66.2,67.0,120,45.6,59.1,2,34.5
SIM-REQ-00470,SIMULATED,SIM-MRISK-2026.1,TRD,1,POINT_OVERHAUL,3,MEDIUM,1,84.7,4.3,85.9,1,3,1,0,6,60,85,86.4,34,43.9,116.4,90,44.8,70.9,18,25.0
SIM-REQ-00471,SIMULATED,SIM-MRISK-2026.1,SNT,2,TRACK_TAMPING,0,MEDIUM,1,84.9,3.8,79.5,1,10,1,0,1,90,83,90.8,64,65.8,26.8,120,44.8,87.6,18,25.5
SIM-REQ-00472,SIMULATED,SIM-MRISK-2026.1,OPTG,3,WELD_REPAIR,6,HIGH,2,100.0,7.6,62.3,1,26,-1,1,2,90,97,52.2,29,40.9,21.8,120,41.0,70.9,4,30.6
SIM-REQ-00473,SIMULATED,SIM-MRISK-2026.1,ENGG,0,TRACK_TAMPING,0,HIGH,2,45.8,11.3,80.4,2,4,5,0,1,60,60,79.1,114,98.0,36.8,180,70.5,74.2,24,49.1
SIM-REQ-00474,SIMULATED,SIM-MRISK-2026.1,TRD,1,RAIL_REPLACEMENT,1,LOW,0,56.2,3.5,70.8,3,51,-10,10,7,30,39,71.7,62,54.3,190.1,120,84.0,69.9,7,81.1
SIM-REQ-00475,SIMULATED,SIM-MRISK-2026.1,ENGG,0,WELD_REPAIR,6,LOW,0,81.1,3.9,68.1,2,10,5,0,9,30,27,88.8,61,61.6,90.0,90,61.7,36.0,18,38.2
SIM-REQ-00476,SIMULATED,SIM-MRISK-2026.1,TRD,1,TRACK_TAMPING,0,MEDIUM,1,90.0,5.3,66.0,1,1,0,0,6,180,31,82.9,105,98.0,66.8,180,43.5,67.7,3,36.0
SIM-REQ-00477,SIMULATED,SIM-MRISK-2026.1,SNT,2,TRACK_TAMPING,0,HIGH,2,82.1,10.5,68.5,1,2,2,0,3,45,36,97.3,37,38.7,57.8,240,45.5,71.1,24,27.6
SIM-REQ-00478,SIMULATED,SIM-MRISK-2026.1,ENGG,0,BALLAST_CLEANING,4,LOW,0,75.5,7.9,79.6,1,23,-1,1,3,30,32,90.3,60,58.4,37.8,180,47.1,56.1,16,38.9
SIM-REQ-00479,SIMULATED,SIM-MRISK-2026.1,SNT,2,WELD_REPAIR,6,MEDIUM,1,72.5,12.9,80.6,1,22,4,0,1,180,107,43.5,94,83.8,25.6,90,47.9,52.4,10,32.3
SIM-REQ-00480,SIMULATED,SIM-MRISK-2026.1,SNT,2,RAIL_REPLACEMENT,1,LOW,0,83.4,7.7,89.5,2,25,3,0,3,180,63,88.0,84,87.5,41.9,60,61.1,52.5,15,45.6
SIM-REQ-00481,SIMULATED,SIM-MRISK-2026.1,TRD,1,TRACK_TAMPING,0,HIGH,2,77.3,5.4,81.0,1,2,11,0,3,60,11,60.8,102,94.0,51.1,150,46.7,75.6,16,41.1
SIM-REQ-00482,SIMULATED,SIM-MRISK-2026.1,TRD,1,TRACK_TAMPING,0,MEDIUM,1,96.7,6.1,50.7,2,5,-7,7,6,45,51,50.4,110,98.0,119.5,180,57.8,71.2,16,54.1
SIM-REQ-00483,SIMULATED,SIM-MRISK-2026.1,ENGG,0,TRACK_CIRCUIT,5,MEDIUM,1,83.7,3.7,66.7,2,3,5,0,1,90,108,61.1,101,96.0,28.7,60,61.1,78.3,21,36.6
SIM-REQ-00484,SIMULATED,SIM-MRISK-2026.1,ENGG,0,TRACK_CIRCUIT,5,HIGH,2,90.8,7.7,55.6,1,14,8,0,5,90,62,45.5,95,87.6,117.4,180,43.3,62.5,22,28.6
SIM-REQ-00485,SIMULATED,SIM-MRISK-2026.1,TRD,1,OHE_INSPECTION,2,HIGH,2,77.7,4.4,56.0,1,6,20,0,9,30,18,96.7,70,66.8,164.4,180,46.6,36.2,19,31.4
SIM-REQ-00486,SIMULATED,SIM-MRISK-2026.1,SNT,2,TRACK_CIRCUIT,5,MEDIUM,1,55.0,8.6,53.5,3,1,3,0,6,30,44,54.5,48,53.1,122.6,90,84.2,50.7,16,48.9
SIM-REQ-00487,SIMULATED,SIM-MRISK-2026.1,SNT,2,OHE_INSPECTION,2,MEDIUM,1,76.0,16.1,46.4,1,3,0,0,7,45,70,87.2,51,63.5,82.1,90,47.0,39.1,9,29.9
SIM-REQ-00488,SIMULATED,SIM-MRISK-2026.1,ENGG,0,POINT_OVERHAUL,3,MEDIUM,1,69.2,7.7,73.9,2,17,21,0,5,30,15,53.6,50,61.5,118.1,120,64.7,53.2,18,34.5
SIM-REQ-00489,SIMULATED,SIM-MRISK-2026.1,ENGG,0,WELD_REPAIR,6,HIGH,2,86.8,13.6,78.3,2,2,13,0,7,30,32,68.1,110,98.0,93.5,60,60.3,83.3,15,43.2
SIM-REQ-00490,SIMULATED,SIM-MRISK-2026.1,ENGG,0,TRACK_CIRCUIT,5,MEDIUM,1,64.9,8.8,54.3,1,0,31,0,7,45,22,44.7,64,66.1,119.1,60,49.8,82.0,17,27.1
SIM-REQ-00491,SIMULATED,SIM-MRISK-2026.1,TRD,1,BALLAST_CLEANING,4,HIGH,2,56.4,11.9,68.9,2,2,-17,17,3,60,12,89.8,111,98.0,69.7,60,67.9,84.7,11,64.9
SIM-REQ-00492,SIMULATED,SIM-MRISK-2026.1,ENGG,0,TRACK_TAMPING,0,MEDIUM,1,71.9,5.9,73.7,2,26,-5,5,8,180,210,66.9,93,79.6,88.8,60,64.0,35.4,22,56.4
SIM-REQ-00493,SIMULATED,SIM-MRISK-2026.1,TRD,1,RAIL_REPLACEMENT,1,MEDIUM,1,67.4,4.9,78.0,2,3,11,0,8,180,39,58.3,79,77.1,144.0,90,65.2,55.6,22,39.2
SIM-REQ-00494,SIMULATED,SIM-MRISK-2026.1,ENGG,0,TRACK_TAMPING,0,MEDIUM,1,63.9,7.2,60.7,2,1,26,0,7,180,76,51.2,103,81.0,86.1,90,66.0,74.4,6,40.9
SIM-REQ-00495,SIMULATED,SIM-MRISK-2026.1,TRD,1,TRACK_TAMPING,0,MEDIUM,1,79.5,4.2,63.5,1,2,1,0,2,60,22,65.7,71,68.7,56.1,150,46.1,78.9,6,25.6
SIM-REQ-00496,SIMULATED,SIM-MRISK-2026.1,TRD,1,WELD_REPAIR,6,HIGH,2,64.8,8.0,84.1,2,4,10,0,2,45,48,71.3,94,79.1,30.9,120,65.8,36.2,15,39.4
SIM-REQ-00497,SIMULATED,SIM-MRISK-2026.1,ENGG,0,RAIL_REPLACEMENT,1,MEDIUM,1,59.2,15.4,93.6,1,9,-16,16,7,90,56,78.7,27,38.8,182.7,180,51.2,37.2,17,51.1
SIM-REQ-00498,SIMULATED,SIM-MRISK-2026.1,ENGG,0,TRACK_TAMPING,0,MEDIUM,1,87.2,5.5,81.4,2,11,14,0,1,60,28,85.9,86,79.1,16.8,90,60.2,43.4,7,37.4
SIM-REQ-00499,SIMULATED,SIM-MRISK-2026.1,TRD,1,TRACK_CIRCUIT,5,LOW,0,79.4,8.6,31.3,2,9,-8,8,4,60,49,75.1,108,96.8,96.3,240,62.1,42.7,16,55.1
SIM-REQ-00500,SIMULATED,SIM-MRISK-2026.1,TRD,1,TRACK_TAMPING,0,HIGH,2,74.0,9.7,66.8,1,13,0,0,3,45,36,67.8,68,68.2,47.9,90,47.5,88.4,15,32.8
SIM-REQ-00501,SIMULATED,SIM-MRISK-2026.1,TRD,1,POINT_OVERHAUL,3,MEDIUM,1,70.5,7.2,81.8,1,2,26,0,4,180,242,59.0,109,97.2,59.8,180,48.4,75.1,13,36.2
SIM-REQ-00502,SIMULATED,SIM-MRISK-2026.1,ENGG,0,OHE_INSPECTION,2,LOW,0,86.2,7.2,50.5,1,6,3,0,7,45,58,57.6,112,97.2,148.7,180,44.5,86.1,9,30.9
SIM-REQ-00503,SIMULATED,SIM-MRISK-2026.1,OPTG,3,WELD_REPAIR,6,MEDIUM,1,87.4,5.7,81.2,1,22,0,0,5,60,67,81.4,25,48.8,79.5,120,44.1,79.4,23,34.5
SIM-REQ-00504,SIMULATED,SIM-MRISK-2026.1,SNT,2,BALLAST_CLEANING,4,MEDIUM,1,88.0,10.1,74.6,2,2,5,0,4,60,67,88.6,101,85.3,50.4,150,60.0,74.4,24,42.9
SIM-REQ-00505,SIMULATED,SIM-MRISK-2026.1,ENGG,0,WELD_REPAIR,6,LOW,0,69.0,3.9,66.0,1,49,23,0,4,30,24,92.6,102,88.6,83.7,150,48.8,50.3,2,35.8
SIM-REQ-00506,SIMULATED,SIM-MRISK-2026.1,ENGG,0,WELD_REPAIR,6,MEDIUM,1,61.2,10.5,75.7,2,5,17,0,10,90,14,52.3,60,55.3,248.0,90,66.7,43.0,16,37.0
SIM-REQ-00507,SIMULATED,SIM-MRISK-2026.1,ENGG,0,RAIL_REPLACEMENT,1,HIGH,2,62.1,12.0,75.3,2,34,10,0,5,180,156,46.9,105,97.1,76.5,240,66.5,76.1,1,48.2
SIM-REQ-00508,SIMULATED,SIM-MRISK-2026.1,ENGG,0,POINT_OVERHAUL,3,MEDIUM,1,72.0,4.0,92.3,1,14,14,0,3,30,38,85.8,80,75.7,36.8,150,48.0,92.1,5,33.9
SIM-REQ-00509,SIMULATED,SIM-MRISK-2026.1,ENGG,0,BALLAST_CLEANING,4,HIGH,2,79.1,5.2,73.7,1,5,-17,17,5,90,54,48.7,88,91.8,62.6,240,46.2,75.2,12,53.2
SIM-REQ-00510,SIMULATED,SIM-MRISK-2026.1,OPTG,3,BALLAST_CLEANING,4,MEDIUM,1,53.6,19.1,77.4,1,8,20,0,7,180,15,83.6,78,77.5,118.9,90,52.6,71.4,23,37.2
SIM-REQ-00511,SIMULATED,SIM-MRISK-2026.1,ENGG,0,BALLAST_CLEANING,4,HIGH,2,94.9,2.5,73.5,1,8,-3,3,5,90,67,58.3,77,84.9,51.4,120,42.3,92.4,24,32.0
SIM-REQ-00512,SIMULATED,SIM-MRISK-2026.1,TRD,1,RAIL_REPLACEMENT,1,HIGH,2,85.7,12.6,83.7,1,50,1,0,4,90,135,57.1,52,53.4,54.0,90,44.6,63.1,17,31.5
SIM-REQ-00513,SIMULATED,SIM-MRISK-2026.1,TRD,1,BALLAST_CLEANING,4,MEDIUM,1,76.9,7.1,78.0,1,5,4,0,4,30,22,88.9,110,88.2,103.5,120,46.8,58.2,9,37.5
SIM-REQ-00514,SIMULATED,SIM-MRISK-2026.1,TRD,1,BALLAST_CLEANING,4,LOW,0,90.2,4.1,55.6,1,28,-15,15,7,180,80,86.1,62,74.0,77.1,60,43.5,79.3,6,42.3
SIM-REQ-00515,SIMULATED,SIM-MRISK-2026.1,ENGG,0,TRACK_TAMPING,0,LOW,0,61.1,18.7,65.1,3,3,-5,5,5,60,74,42.2,71,73.2,110.6,60,82.7,65.3,13,63.0
SIM-REQ-00516,SIMULATED,SIM-MRISK-2026.1,ENGG,0,OHE_INSPECTION,2,MEDIUM,1,60.8,10.9,69.2,1,1,10,0,4,45,21,48.5,47,58.0,86.9,240,50.8,76.1,11,22.5
SIM-REQ-00517,SIMULATED,SIM-MRISK-2026.1,SNT,2,RAIL_REPLACEMENT,1,LOW,0,83.4,8.0,88.6,2,12,-15,15,9,180,279,40.7,38,45.2,182.7,120,61.1,86.1,16,55.3
SIM-REQ-00518,SIMULATED,SIM-MRISK-2026.1,ENGG,0,OHE_INSPECTION,2,MEDIUM,1,81.4,10.4,72.4,2,15,7,0,4,180,37,91.6,96,87.4,106.8,150,61.6,63.4,5,44.8
SIM-REQ-00519,SIMULATED,SIM-MRISK-2026.1,ENGG,0,TRACK_CIRCUIT,5,HIGH,2,69.3,4.1,33.9,2,1,18,0,6,90,11,74.8,59,67.7,63.1,90,64.7,75.1,6,31.0
SIM-REQ-00520,SIMULATED,SIM-MRISK-2026.1,ENGG,0,TRACK_TAMPING,0,MEDIUM,1,100.0,8.8,53.4,2,25,9,0,2,45,71,58.4,65,68.5,18.5,60,57.0,44.8,21,36.1
SIM-REQ-00521,SIMULATED,SIM-MRISK-2026.1,ENGG,0,OHE_INSPECTION,2,MEDIUM,1,52.5,16.8,54.9,1,10,-23,23,5,45,15,74.0,83,77.5,112.3,240,52.9,64.0,12,46.7
SIM-REQ-00522,SIMULATED,SIM-MRISK-2026.1,ENGG,0,WELD_REPAIR,6,LOW,0,73.6,11.9,68.8,1,19,7,0,2,45,65,73.6,55,63.9,43.8,60,47.6,70.2,24,29.8
SIM-REQ-00523,SIMULATED,SIM-MRISK-2026.1,SNT,2,OHE_INSPECTION,2,HIGH,2,51.2,17.3,74.1,2,1,8,0,3,45,10,43.6,102,79.9,52.3,180,69.2,81.1,16,45.6
SIM-REQ-00524,SIMULATED,SIM-MRISK-2026.1,ENGG,0,TRACK_TAMPING,0,MEDIUM,1,89.2,3.9,62.5,1,0,5,0,2,30,39,71.6,53,59.8,45.8,60,43.7,48.7,22,22.5
SIM-REQ-00525,SIMULATED,SIM-MRISK-2026.1,ENGG,0,TRACK_CIRCUIT,5,MEDIUM,1,72.8,5.7,65.9,1,13,8,0,0,180,246,40.7,66,59.7,10.9,150,47.8,74.0,20,25.0
SIM-REQ-00526,SIMULATED,SIM-MRISK-2026.1,ENGG,0,TRACK_TAMPING,0,HIGH,2,60.3,11.2,51.9,2,9,2,0,2,90,92,73.8,114,91.4,60.2,60,66.9,69.7,21,40.6
SIM-REQ-00527,SIMULATED,SIM-MRISK-2026.1,SNT,2,TRACK_TAMPING,0,HIGH,2,67.2,13.8,72.4,2,10,6,0,4,45,70,74.1,71,67.5,73.4,60,65.2,88.1,5,42.5
SIM-REQ-00528,SIMULATED,SIM-MRISK-2026.1,TRD,1,TRACK_CIRCUIT,5,LOW,0,67.1,7.5,58.6,2,10,-5,5,11,30,24,55.9,38,44.3,167.6,150,65.2,92.3,15,50.8
SIM-REQ-00529,SIMULATED,SIM-MRISK-2026.1,ENGG,0,OHE_INSPECTION,2,MEDIUM,1,74.1,5.9,52.4,1,10,2,0,2,45,59,82.5,107,82.0,36.2,180,47.5,68.9,6,30.4
SIM-REQ-00530,SIMULATED,SIM-MRISK-2026.1,ENGG,0,WELD_REPAIR,6,MEDIUM,1,63.0,10.0,58.2,1,17,12,0,3,60,72,42.0,84,81.0,76.7,60,50.2,54.1,2,28.5
SIM-REQ-00531,SIMULATED,SIM-MRISK-2026.1,ENGG,0,OHE_INSPECTION,2,LOW,0,50.0,28.0,71.7,2,2,-10,10,3,180,244,44.3,93,78.2,85.5,120,69.5,88.4,6,58.5
SIM-REQ-00532,SIMULATED,SIM-MRISK-2026.1,ENGG,0,OHE_INSPECTION,2,HIGH,2,40.8,13.8,61.1,1,0,1,0,5,90,112,45.5,21,40.1,65.9,120,55.8,46.2,24,28.1
SIM-REQ-00533,SIMULATED,SIM-MRISK-2026.1,ENGG,0,POINT_OVERHAUL,3,MEDIUM,1,82.5,4.1,74.2,1,8,0,0,7,30,24,90.4,107,96.0,83.7,150,45.4,49.9,20,37.4
SIM-REQ-00534,SIMULATED,SIM-MRISK-2026.1,OPTG,3,OHE_INSPECTION,2,LOW,0,46.4,22.2,59.9,1,25,7,0,6,180,152,59.2,112,94.6,102.4,150,54.4,40.2,7,34.9
SIM-REQ-00535,SIMULATED,SIM-MRISK-2026.1,SNT,2,TRACK_CIRCUIT,5,HIGH,2,85.0,5.5,34.3,1,6,11,0,7,90,14,57.1,96,86.5,159.7,240,44.8,68.1,20,24.7
SIM-REQ-00536,SIMULATED,SIM-MRISK-2026.1,OPTG,3,RAIL_REPLACEMENT,1,LOW,0,55.6,13.6,89.2,1,12,-3,3,10,90,96,49.0,103,95.7,225.7,240,52.1,40.9,17,50.5
SIM-REQ-00537,SIMULATED,SIM-MRISK-2026.1,OPTG,3,WELD_REPAIR,6,MEDIUM,1,90.3,5.3,68.7,2,10,14,0,7,180,266,89.2,110,96.2,151.0,120,59.4,80.4,18,40.9
SIM-REQ-00538,SIMULATED,SIM-MRISK-2026.1,ENGG,0,POINT_OVERHAUL,3,HIGH,2,65.1,10.8,78.4,2,2,0,0,3,45,21,92.6,91,86.2,38.9,150,65.7,85.7,1,44.8
SIM-REQ-00539,SIMULATED,SIM-MRISK-2026.1,TRD,1,BALLAST_CLEANING,4,MEDIUM,1,56.0,17.5,81.3,3,0,0,0,7,30,39,46.2,111,95.5,138.6,180,84.0,58.2,0,64.2
SIM-REQ-00540,SIMULATED,SIM-MRISK-2026.1,ENGG,0,POINT_OVERHAUL,3,MEDIUM,1,60.0,20.2,76.2,1,5,12,0,6,60,94,63.0,39,59.1,155.5,120,51.0,52.8,18,24.9
SIM-REQ-00541,SIMULATED,SIM-MRISK-2026.1,TRD,1,TRACK_CIRCUIT,5,MEDIUM,1,97.3,5.8,48.2,1,3,9,0,3,30,12,63.3,42,50.3,65.5,150,41.7,42.2,12,22.7
SIM-REQ-00542,SIMULATED,SIM-MRISK-2026.1,ENGG,0,POINT_OVERHAUL,3,MEDIUM,1,78.0,9.6,91.2,1,16,12,0,7,180,265,75.7,38,56.4,155.2,180,46.5,60.2,24,30.4
SIM-REQ-00543,SIMULATED,SIM-MRISK-2026.1,OPTG,3,BALLAST_CLEANING,4,LOW,0,65.0,13.6,78.7,1,52,-12,12,7,180,187,95.4,28,38.1,137.0,120,49.8,57.4,23,53.5
SIM-REQ-00544,SIMULATED,SIM-MRISK-2026.1,ENGG,0,TRACK_TAMPING,0,MEDIUM,1,44.4,19.3,76.3,1,16,-12,12,2,60,12,51.6,88,83.5,44.5,240,54.9,83.4,5,54.5
SIM-REQ-00545,SIMULATED,SIM-MRISK-2026.1,SNT,2,BALLAST_CLEANING,4,MEDIUM,1,45.3,18.8,84.1,1,7,2,0,6,60,86,47.2,66,69.5,162.5,90,54.7,94.3,6,35.9
SIM-REQ-00546,SIMULATED,SIM-MRISK-2026.1,ENGG,0,WELD_REPAIR,6,MEDIUM,1,76.3,3.7,63.9,1,7,0,0,6,180,70,56.5,98,96.8,85.4,90,46.9,73.9,21,30.0
SIM-REQ-00547,SIMULATED,SIM-MRISK-2026.1,TRD,1,BALLAST_CLEANING,4,HIGH,2,69.1,7.1,73.2,1,76,-5,5,7,60,70,66.0,51,60.6,84.8,120,48.7,53.1,3,43.9
SIM-REQ-00548,SIMULATED,SIM-MRISK-2026.1,OPTG,3,TRACK_TAMPING,0,MEDIUM,1,49.1,13.8,74.2,3,44,4,0,4,180,282,80.0,36,49.3,71.6,240,85.7,44.4,6,64.2
SIM-REQ-00549,SIMULATED,SIM-MRISK-2026.1,ENGG,0,TRACK_CIRCUIT,5,LOW,0,55.7,11.9,41.9,3,14,-2,2,6,45,66,88.0,64,63.6,104.4,120,84.1,59.2,3,56.9
SIM-REQ-00550,SIMULATED,SIM-MRISK-2026.1,SNT,2,TRACK_TAMPING,0,MEDIUM,1,68.4,9.1,82.5,1,23,10,0,4,90,106,90.4,85,86.4,97.3,90,48.9,56.2,21,36.2
SIM-REQ-00551,SIMULATED,SIM-MRISK-2026.1,SNT,2,BALLAST_CLEANING,4,HIGH,2,89.5,1.6,51.4,1,2,14,0,5,45,30,49.5,46,52.8,89.0,150,43.6,76.6,11,20.5
SIM-REQ-00552,SIMULATED,SIM-MRISK-2026.1,OPTG,3,TRACK_CIRCUIT,5,MEDIUM,1,64.7,5.6,35.5,2,15,20,0,6,180,177,94.8,61,59.5,122.5,90,65.8,78.3,21,32.0
SIM-REQ-00553,SIMULATED,SIM-MRISK-2026.1,ENGG,0,RAIL_REPLACEMENT,1,LOW,0,97.0,2.8,84.5,1,24,1,0,6,180,147,63.4,111,96.2,130.8,180,41.8,54.7,17,37.9
SIM-REQ-00554,SIMULATED,SIM-MRISK-2026.1,ENGG,0,POINT_OVERHAUL,3,MEDIUM,1,68.3,12.1,90.2,1,24,6,0,6,30,47,91.5,84,81.6,103.7,90,48.9,36.2,9,34.6
SIM-REQ-00555,SIMULATED,SIM-MRISK-2026.1,ENGG,0,POINT_OVERHAUL,3,MEDIUM,1,46.4,15.0,97.0,1,10,11,0,7,45,64,96.3,51,62.1,167.2,240,54.4,57.5,12,33.0
SIM-REQ-00556,SIMULATED,SIM-MRISK-2026.1,OPTG,3,POINT_OVERHAUL,3,MEDIUM,1,84.4,5.4,70.3,1,2,2,0,4,60,85,77.2,99,89.2,62.1,120,44.9,83.0,2,34.4
SIM-REQ-00557,SIMULATED,SIM-MRISK-2026.1,OPTG,3,POINT_OVERHAUL,3,MEDIUM,1,52.5,13.7,91.2,2,9,0,0,3,30,12,70.4,98,89.3,68.4,240,68.9,86.6,0,51.9
SIM-REQ-00558,SIMULATED,SIM-MRISK-2026.1,TRD,1,POINT_OVERHAUL,3,HIGH,2,66.0,8.0,81.8,1,6,10,0,5,180,150,50.1,109,90.1,78.0,90,49.5,94.2,3,36.2
SIM-REQ-00559,SIMULATED,SIM-MRISK-2026.1,OPTG,3,OHE_INSPECTION,2,MEDIUM,1,86.5,9.2,63.8,2,4,7,0,1,180,44,80.2,58,59.2,25.0,150,60.4,90.0,24,39.7
SIM-REQ-00560,SIMULATED,SIM-MRISK-2026.1,OPTG,3,OHE_INSPECTION,2,LOW,0,66.7,6.9,63.9,1,8,-1,1,2,60,30,90.5,77,81.5,51.9,240,49.3,85.3,0,37.6
SIM-REQ-00561,SIMULATED,SIM-MRISK-2026.1,SNT,2,WELD_REPAIR,6,LOW,0,78.8,4.8,57.3,1,4,12,0,1,45,53,87.2,35,51.7,20.8,90,46.3,62.3,8,22.1
SIM-REQ-00562,SIMULATED,SIM-MRISK-2026.1,TRD,1,OHE_INSPECTION,2,HIGH,2,84.0,5.1,32.2,1,12,-1,1,6,180,43,52.2,67,64.5,108.7,120,45.0,82.6,24,30.1
SIM-REQ-00563,SIMULATED,SIM-MRISK-2026.1,TRD,1,WELD_REPAIR,6,LOW,0,77.5,9.1,67.1,2,37,12,0,4,45,68,85.4,31,40.6,68.5,90,62.6,40.4,10,38.7
SIM-REQ-00564,SIMULATED,SIM-MRISK-2026.1,TRD,1,TRACK_TAMPING,0,LOW,0,82.2,11.1,80.0,2,5,19,0,1,180,196,93.8,81,71.7,22.4,240,61.5,86.7,8,32.7
SIM-REQ-00565,SIMULATED,SIM-MRISK-2026.1,SNT,2,OHE_INSPECTION,2,HIGH,2,86.1,2.6,47.8,2,20,4,0,4,45,66,66.5,98,88.5,53.6,120,60.5,46.5,4,39.6
SIM-REQ-00566,SIMULATED,SIM-MRISK-2026.1,SNT,2,TRACK_TAMPING,0,LOW,0,83.6,13.4,70.2,1,4,-9,9,8,45,41,91.6,103,90.2,137.9,120,45.1,79.2,18,55.2
SIM-REQ-00567,SIMULATED,SIM-MRISK-2026.1,ENGG,0,BALLAST_CLEANING,4,LOW,0,61.1,10.5,81.7,1,0,12,0,4,180,265,66.4,35,43.9,106.3,180,50.7,45.7,15,27.2
SIM-REQ-00568,SIMULATED,SIM-MRISK-2026.1,TRD,1,TRACK_CIRCUIT,5,LOW,0,60.5,17.2,56.1,3,18,-14,14,5,60,62,47.7,65,58.3,114.4,60,82.9,69.3,13,69.2
SIM-REQ-00569,SIMULATED,SIM-MRISK-2026.1,TRD,1,WELD_REPAIR,6,LOW,0,72.5,8.5,84.8,1,41,-9,9,6,60,58,62.4,53,59.6,150.7,60,47.9,81.5,10,52.3
SIM-REQ-00570,SIMULATED,SIM-MRISK-2026.1,SNT,2,TRACK_TAMPING,0,MEDIUM,1,96.4,2.5,74.3,2,3,-15,15,3,30,33,43.7,88,75.2,47.8,60,57.9,64.8,19,56.2
SIM-REQ-00571,SIMULATED,SIM-MRISK-2026.1,TRD,1,POINT_OVERHAUL,3,LOW,0,94.0,5.5,94.0,2,39,-3,3,2,30,38,67.3,102,92.7,37.4,150,58.5,83.7,2,59.7
SIM-REQ-00572,SIMULATED,SIM-MRISK-2026.1,ENGG,0,BALLAST_CLEANING,4,MEDIUM,1,93.2,7.4,53.3,1,35,6,0,7,90,97,97.3,89,81.3,148.9,240,42.7,86.9,6,31.7
SIM-REQ-00573,SIMULATED,SIM-MRISK-2026.1,TRD,1,RAIL_REPLACEMENT,1,LOW,0,100.0,6.1,90.0,1,15,17,0,5,30,30,65.6,27,44.1,100.0,120,41.0,72.6,12,28.0
SIM-REQ-00574,SIMULATED,SIM-MRISK-2026.1,ENGG,0,BALLAST_CLEANING,4,MEDIUM,1,42.4,13.4,84.2,2,0,-7,7,2,60,53,80.6,65,68.0,69.9,60,71.4,55.6,9,56.1
SIM-REQ-00575,SIMULATED,SIM-MRISK-2026.1,OPTG,3,RAIL_REPLACEMENT,1,MEDIUM,1,51.9,13.8,86.3,2,10,11,0,3,90,127,71.8,84,82.9,59.4,120,69.0,71.9,18,43.8
SIM-REQ-00576,SIMULATED,SIM-MRISK-2026.1,ENGG,0,TRACK_TAMPING,0,MEDIUM,1,67.7,19.4,68.9,2,1,0,0,4,90,14,77.5,101,87.7,63.1,60,65.1,82.5,22,41.6
SIM-REQ-00577,SIMULATED,SIM-MRISK-2026.1,TRD,1,OHE_INSPECTION,2,HIGH,2,74.8,11.4,65.5,1,9,13,0,5,30,13,81.9,81,81.8,52.2,240,47.3,53.9,19,30.9
SIM-REQ-00578,SIMULATED,SIM-MRISK-2026.1,ENGG,0,TRACK_TAMPING,0,LOW,0,94.7,3.5,51.8,1,4,14,0,4,60,94,46.5,55,66.0,71.0,90,42.3,48.1,21,24.5
SIM-REQ-00579,SIMULATED,SIM-MRISK-2026.1,SNT,2,RAIL_REPLACEMENT,1,LOW,0,77.4,22.4,96.9,1,18,18,0,3,60,59,97.8,40,50.8,55.2,90,46.6,68.5,9,27.1
SIM-REQ-00580,SIMULATED,SIM-MRISK-2026.1,TRD,1,POINT_OVERHAUL,3,HIGH,2,87.5,7.9,96.4,1,1,2,0,4,90,71,72.9,112,94.6,39.0,90,44.1,61.8,15,34.3
SIM-REQ-00581,SIMULATED,SIM-MRISK-2026.1,ENGG,0,TRACK_TAMPING,0,LOW,0,64.9,8.7,61.1,3,8,23,0,6,45,36,48.1,111,98.0,145.6,180,81.8,44.3,9,50.1
SIM-REQ-00582,SIMULATED,SIM-MRISK-2026.1,SNT,2,RAIL_REPLACEMENT,1,MEDIUM,1,70.2,4.4,73.2,2,31,1,0,3,45,22,90.2,46,63.2,45.7,90,64.5,52.3,23,43.7
SIM-REQ-00583,SIMULATED,SIM-MRISK-2026.1,TRD,1,POINT_OVERHAUL,3,MEDIUM,1,92.9,3.4,72.5,1,10,18,0,4,45,51,48.4,62,70.4,49.4,150,42.8,69.8,15,25.0
SIM-REQ-00584,SIMULATED,SIM-MRISK-2026.1,SNT,2,BALLAST_CLEANING,4,HIGH,2,80.7,7.6,71.7,1,4,-4,4,8,180,66,83.3,74,79.1,151.9,120,45.8,36.6,21,39.1
SIM-REQ-00585,SIMULATED,SIM-MRISK-2026.1,OPTG,3,TRACK_TAMPING,0,HIGH,2,59.3,13.8,56.6,2,1,15,0,6,60,12,62.2,30,34.7,160.5,90,67.2,41.9,7,31.4
SIM-REQ-00586,SIMULATED,SIM-MRISK-2026.1,OPTG,3,BALLAST_CLEANING,4,LOW,0,59.9,17.9,56.4,2,12,-9,9,7,90,119,63.4,49,58.9,114.0,150,67.0,62.9,19,52.3
SIM-REQ-00587,SIMULATED,SIM-MRISK-2026.1,OPTG,3,BALLAST_CLEANING,4,LOW,0,48.3,15.2,59.2,2,14,0,0,10,90,116,91.3,93,86.0,115.5,150,69.9,75.7,13,46.7
SIM-REQ-00588,SIMULATED,SIM-MRISK-2026.1,TRD,1,RAIL_REPLACEMENT,1,LOW,0,75.3,7.0,77.1,1,27,-4,4,6,30,20,49.6,88,87.8,73.8,60,47.2,61.2,10,46.7
SIM-REQ-00589,SIMULATED,SIM-MRISK-2026.1,OPTG,3,POINT_OVERHAUL,3,HIGH,2,50.3,14.1,97.3,3,1,10,0,6,60,28,53.1,103,89.6,112.8,60,85.4,78.7,1,61.1
SIM-REQ-00590,SIMULATED,SIM-MRISK-2026.1,SNT,2,BALLAST_CLEANING,4,MEDIUM,1,39.9,16.5,59.9,1,18,20,0,6,60,52,90.4,80,76.5,85.6,120,56.0,57.6,2,30.5
SIM-REQ-00591,SIMULATED,SIM-MRISK-2026.1,TRD,1,TRACK_TAMPING,0,MEDIUM,1,71.6,8.2,56.7,1,14,14,0,5,60,60,52.7,86,83.6,113.7,60,48.1,53.6,22,28.3
SIM-REQ-00592,SIMULATED,SIM-MRISK-2026.1,ENGG,0,OHE_INSPECTION,2,MEDIUM,1,49.1,17.4,46.4,2,4,-4,4,7,180,186,72.2,77,74.9,132.6,120,69.7,41.5,23,54.1
SIM-REQ-00593,SIMULATED,SIM-MRISK-2026.1,ENGG,0,WELD_REPAIR,6,MEDIUM,1,80.7,11.2,69.3,1,32,-2,2,6,60,71,59.6,103,98.0,153.4,60,45.8,77.0,21,48.1
SIM-REQ-00594,SIMULATED,SIM-MRISK-2026.1,OPTG,3,WELD_REPAIR,6,MEDIUM,1,42.5,16.7,70.6,1,23,-3,3,4,30,38,46.2,44,60.6,103.5,60,55.4,92.2,23,42.1
SIM-REQ-00595,SIMULATED,SIM-MRISK-2026.1,TRD,1,WELD_REPAIR,6,MEDIUM,1,79.5,6.4,83.7,1,5,12,0,0,60,45,80.4,58,64.2,8.2,60,46.1,57.6,13,30.3
SIM-REQ-00596,SIMULATED,SIM-MRISK-2026.1,ENGG,0,OHE_INSPECTION,2,LOW,0,72.3,12.6,36.8,2,19,0,0,5,30,46,61.5,99,95.9,60.6,120,63.9,58.0,22,41.4
SIM-REQ-00597,SIMULATED,SIM-MRISK-2026.1,SNT,2,TRACK_CIRCUIT,5,LOW,0,89.6,2.0,44.0,1,30,15,0,5,90,11,65.1,107,92.8,127.3,150,43.6,45.6,0,29.6
SIM-REQ-00598,SIMULATED,SIM-MRISK-2026.1,ENGG,0,BALLAST_CLEANING,4,LOW,0,80.2,4.5,81.7,1,4,-18,18,6,45,18,49.9,50,65.3,77.1,90,46.0,85.8,6,49.2
SIM-REQ-00599,SIMULATED,SIM-MRISK-2026.1,OPTG,3,WELD_REPAIR,6,LOW,0,55.6,14.1,69.1,1,6,8,0,4,90,140,84.0,72,74.0,67.3,60,52.1,63.7,23,31.4
SIM-REQ-00600,SIMULATED,SIM-MRISK-2026.1,ENGG,0,BALLAST_CLEANING,4,HIGH,2,76.1,10.8,55.2,1,3,10,0,4,90,71,66.0,38,48.8,91.2,180,47.0,44.0,5,26.5
SIM-REQ-00601,SIMULATED,SIM-MRISK-2026.1,ENGG,0,OHE_INSPECTION,2,LOW,0,60.2,11.1,39.6,2,36,4,0,10,60,30,67.0,66,70.5,131.5,240,67.0,54.5,0,43.1
SIM-REQ-00602,SIMULATED,SIM-MRISK-2026.1,ENGG,0,RAIL_REPLACEMENT,1,LOW,0,85.7,6.9,75.4,1,5,11,0,1,45,10,87.0,29,39.7,18.6,240,44.6,93.4,8,18.6
SIM-REQ-00603,SIMULATED,SIM-MRISK-2026.1,ENGG,0,POINT_OVERHAUL,3,HIGH,2,69.4,3.2,96.7,2,14,10,0,7,60,34,87.1,56,68.7,84.1,120,64.7,50.7,22,37.9
SIM-REQ-00604,SIMULATED,SIM-MRISK-2026.1,ENGG,0,WELD_REPAIR,6,MEDIUM,1,85.4,9.1,57.1,1,3,-5,5,3,60,69,81.2,112,98.0,46.4,120,44.6,72.6,24,43.4
SIM-REQ-00605,SIMULATED,SIM-MRISK-2026.1,ENGG,0,TRACK_TAMPING,0,MEDIUM,1,78.1,8.2,82.0,1,9,-11,11,11,60,60,42.2,107,85.1,238.5,90,46.5,91.8,12,52.9
SIM-REQ-00606,SIMULATED,SIM-MRISK-2026.1,TRD,1,OHE_INSPECTION,2,MEDIUM,1,79.9,10.2,35.3,1,15,6,0,2,180,128,68.4,48,59.0,34.8,60,46.0,80.7,9,17.4
SIM-REQ-00607,SIMULATED,SIM-MRISK-2026.1,ENGG,0,POINT_OVERHAUL,3,LOW,0,57.2,19.4,80.2,1,9,3,0,3,90,106,53.6,52,63.3,52.9,180,51.7,84.9,6,31.3
SIM-REQ-00608,SIMULATED,SIM-MRISK-2026.1,ENGG,0,WELD_REPAIR,6,MEDIUM,1,55.8,15.3,77.2,1,27,3,0,9,180,287,53.1,99,94.2,114.9,240,52.0,94.1,24,39.6
SIM-REQ-00609,SIMULATED,SIM-MRISK-2026.1,ENGG,0,BALLAST_CLEANING,4,MEDIUM,1,81.0,15.7,63.7,1,1,-7,7,3,30,12,42.4,37,48.4,32.4,150,45.8,89.2,9,36.1
SIM-REQ-00610,SIMULATED,SIM-MRISK-2026.1,ENGG,0,RAIL_REPLACEMENT,1,LOW,0,93.4,8.0,87.0,2,20,-7,7,6,60,31,76.7,44,48.5,89.2,240,58.6,50.4,5,51.2
SIM-REQ-00611,SIMULATED,SIM-MRISK-2026.1,ENGG,0,POINT_OVERHAUL,3,HIGH,2,69.4,6.6,79.2,1,0,-4,4,4,45,70,66.0,91,85.5,44.3,120,48.6,81.0,22,47.1
SIM-REQ-00612,SIMULATED,SIM-MRISK-2026.1,TRD,1,TRACK_TAMPING,0,LOW,0,69.8,14.9,57.8,1,2,0,0,3,180,130,85.2,99,90.5,47.9,180,48.5,40.7,2,32.4
SIM-REQ-00613,SIMULATED,SIM-MRISK-2026.1,TRD,1,TRACK_CIRCUIT,5,MEDIUM,1,87.5,3.5,71.9,2,15,-1,1,8,90,16,71.4,86,74.6,169.3,240,60.1,84.8,1,45.7
SIM-REQ-00614,SIMULATED,SIM-MRISK-2026.1,SNT,2,TRACK_TAMPING,0,HIGH,2,38.4,22.6,82.2,2,12,-7,7,4,45,63,94.9,71,73.5,122.9,90,72.4,45.2,2,63.9
SIM-REQ-00615,SIMULATED,SIM-MRISK-2026.1,SNT,2,TRACK_TAMPING,0,HIGH,2,100.0,5.7,69.5,1,21,12,0,6,90,134,52.6,51,71.5,125.0,180,41.0,89.5,8,26.0
SIM-REQ-00616,SIMULATED,SIM-MRISK-2026.1,TRD,1,RAIL_REPLACEMENT,1,HIGH,2,65.3,9.7,97.0,1,1,20,0,5,60,58,45.1,29,44.0,79.4,120,49.7,58.5,17,29.2
SIM-REQ-00617,SIMULATED,SIM-MRISK-2026.1,SNT,2,BALLAST_CLEANING,4,LOW,0,81.6,3.3,57.4,2,4,9,0,5,180,112,89.6,35,44.3,126.9,60,61.6,82.9,21,33.3
SIM-REQ-00618,SIMULATED,SIM-MRISK-2026.1,ENGG,0,POINT_OVERHAUL,3,HIGH,2,100.0,2.1,84.5,1,82,1,0,3,90,26,79.5,67,71.1,42.3,180,41.0,64.8,1,36.8
SIM-REQ-00619,SIMULATED,SIM-MRISK-2026.1,SNT,2,RAIL_REPLACEMENT,1,LOW,0,46.4,16.1,91.8,2,12,0,0,5,60,90,59.1,78,74.4,89.3,90,70.4,78.6,7,52.5
SIM-REQ-00620,SIMULATED,SIM-MRISK-2026.1,ENGG,0,RAIL_REPLACEMENT,1,HIGH,2,89.1,8.7,92.0,1,4,-12,12,3,60,40,48.3,70,69.2,50.1,120,43.7,48.1,14,49.8
SIM-REQ-00621,SIMULATED,SIM-MRISK-2026.1,TRD,1,BALLAST_CLEANING,4,LOW,0,88.4,2.4,74.8,1,45,15,0,1,30,22,94.2,67,71.2,27.5,150,43.9,52.2,4,30.4
SIM-REQ-00622,SIMULATED,SIM-MRISK-2026.1,OPTG,3,BALLAST_CLEANING,4,HIGH,2,63.4,14.8,52.0,2,4,-9,9,2,90,66,68.0,20,40.1,33.7,90,66.2,54.4,17,50.2
SIM-REQ-00623,SIMULATED,SIM-MRISK-2026.1,SNT,2,POINT_OVERHAUL,3,MEDIUM,1,68.5,4.1,94.6,1,4,9,0,9,180,124,51.1,102,87.8,151.8,60,48.9,42.5,5,37.1
SIM-REQ-00624,SIMULATED,SIM-MRISK-2026.1,ENGG,0,TRACK_CIRCUIT,5,MEDIUM,1,25.1,21.3,59.1,2,9,27,0,9,90,84,68.5,86,75.9,247.4,90,75.7,70.6,20,48.5
SIM-REQ-00625,SIMULATED,SIM-MRISK-2026.1,ENGG,0,WELD_REPAIR,6,MEDIUM,1,61.4,15.0,72.5,2,20,3,0,3,90,120,65.6,105,96.1,70.6,150,66.7,51.4,9,45.1
SIM-REQ-00626,SIMULATED,SIM-MRISK-2026.1,TRD,1,RAIL_REPLACEMENT,1,HIGH,2,79.6,10.2,79.6,2,35,15,0,3,60,29,59.3,101,83.8,52.0,90,62.1,58.6,14,39.5
SIM-REQ-00627,SIMULATED,SIM-MRISK-2026.1,TRD,1,TRACK_CIRCUIT,5,MEDIUM,1,87.2,5.1,66.1,1,11,-12,12,2,90,84,49.4,79,76.8,36.3,240,44.2,75.2,13,45.1
SIM-REQ-00628,SIMULATED,SIM-MRISK-2026.1,TRD,1,OHE_INSPECTION,2,LOW,0,90.5,5.0,39.5,1,8,12,0,6,180,192,55.0,60,62.4,104.7,120,43.4,58.9,19,21.4
SIM-REQ-00629,SIMULATED,SIM-MRISK-2026.1,TRD,1,RAIL_REPLACEMENT,1,HIGH,2,50.9,15.5,86.3,2,67,8,0,7,45,18,95.5,22,36.9,192.4,60,69.3,44.0,6,54.1
SIM-REQ-00630,SIMULATED,SIM-MRISK-2026.1,TRD,1,TRACK_TAMPING,0,LOW,0,55.5,16.4,78.6,1,13,-7,7,8,60,37,66.5,25,47.4,209.1,150,52.1,87.9,4,42.9
SIM-REQ-00631,SIMULATED,SIM-MRISK-2026.1,TRD,1,WELD_REPAIR,6,MEDIUM,1,38.3,15.5,72.4,2,5,8,0,3,45,56,76.4,101,87.9,70.6,180,72.4,68.1,24,42.8
SIM-REQ-00632,SIMULATED,SIM-MRISK-2026.1,ENGG,0,OHE_INSPECTION,2,HIGH,2,64.9,13.2,61.2,2,7,-7,7,1,60,34,66.2,82,81.1,22.3,150,65.8,40.3,19,52.4
SIM-REQ-00633,SIMULATED,SIM-MRISK-2026.1,TRD,1,WELD_REPAIR,6,MEDIUM,1,56.1,16.5,70.9,3,2,-16,16,4,60,53,42.3,105,93.2,88.0,90,84.0,91.0,2,74.9
SIM-REQ-00634,SIMULATED,SIM-MRISK-2026.1,ENGG,0,POINT_OVERHAUL,3,LOW,0,91.6,4.2,97.2,1,6,-12,12,5,180,214,49.6,78,76.1,58.3,180,43.1,36.9,19,48.4
SIM-REQ-00635,SIMULATED,SIM-MRISK-2026.1,ENGG,0,WELD_REPAIR,6,MEDIUM,1,34.1,16.0,53.1,4,0,7,0,2,30,46,65.0,73,70.3,54.4,120,98.0,57.8,8,61.8
SIM-REQ-00636,SIMULATED,SIM-MRISK-2026.1,ENGG,0,RAIL_REPLACEMENT,1,HIGH,2,84.1,7.8,86.7,2,4,7,0,6,30,45,45.7,94,87.3,79.3,90,61.0,87.3,10,46.4
SIM-REQ-00637,SIMULATED,SIM-MRISK-2026.1,TRD,1,OHE_INSPECTION,2,MEDIUM,1,39.9,12.9,50.1,3,51,-2,2,2,30,15,58.4,21,38.0,41.2,180,88.0,74.4,21,66.4
SIM-REQ-00638,SIMULATED,SIM-MRISK-2026.1,ENGG,0,OHE_INSPECTION,2,MEDIUM,1,65.0,7.3,74.6,1,0,0,0,2,180,183,90.4,99,94.0,39.1,240,49.8,39.8,9,33.7
SIM-REQ-00639,SIMULATED,SIM-MRISK-2026.1,TRD,1,BALLAST_CLEANING,4,MEDIUM,1,65.7,12.0,60.4,1,0,25,0,3,30,27,74.7,66,63.3,63.0,150,49.6,79.1,7,28.8
SIM-REQ-00640,SIMULATED,SIM-MRISK-2026.1,SNT,2,WELD_REPAIR,6,MEDIUM,1,77.1,4.3,73.2,1,34,-1,1,6,60,27,68.2,45,50.3,144.4,90,46.7,81.6,1,33.4
SIM-REQ-00641,SIMULATED,SIM-MRISK-2026.1,ENGG,0,WELD_REPAIR,6,MEDIUM,1,56.8,10.3,58.2,2,23,7,0,11,30,18,69.0,69,70.8,208.2,150,67.8,63.3,0,40.2
SIM-REQ-00642,SIMULATED,SIM-MRISK-2026.1,TRD,1,POINT_OVERHAUL,3,MEDIUM,1,18.1,26.6,87.2,3,16,1,0,5,60,56,90.9,56,71.7,135.1,240,93.5,41.7,22,60.8
SIM-REQ-00643,SIMULATED,SIM-MRISK-2026.1,TRD,1,POINT_OVERHAUL,3,MEDIUM,1,94.8,4.3,92.4,1,2,-7,7,2,60,15,85.7,44,58.7,43.7,180,42.3,51.0,12,42.8
SIM-REQ-00644,SIMULATED,SIM-MRISK-2026.1,SNT,2,OHE_INSPECTION,2,HIGH,2,60.4,7.2,39.6,3,33,15,0,9,45,62,67.3,29,44.4,216.6,120,82.9,44.4,4,48.7
SIM-REQ-00645,SIMULATED,SIM-MRISK-2026.1,ENGG,0,BALLAST_CLEANING,4,HIGH,2,66.9,15.2,71.2,1,48,16,0,6,45,50,55.6,82,85.0,155.4,90,49.3,69.5,6,34.2
SIM-REQ-00646,SIMULATED,SIM-MRISK-2026.1,TRD,1,BALLAST_CLEANING,4,LOW,0,61.5,14.1,62.3,1,30,5,0,11,45,10,91.2,34,49.9,230.3,120,50.6,88.6,7,30.8
SIM-REQ-00647,SIMULATED,SIM-MRISK-2026.1,ENGG,0,TRACK_CIRCUIT,5,HIGH,2,64.5,13.5,52.3,1,6,-2,2,6,45,13,77.9,53,50.1,115.6,150,49.9,87.6,20,28.8
SIM-REQ-00648,SIMULATED,SIM-MRISK-2026.1,TRD,1,TRACK_TAMPING,0,LOW,0,96.7,4.5,70.4,1,2,2,0,4,30,40,48.2,35,39.2,86.4,150,41.8,61.3,6,21.9
SIM-REQ-00649,SIMULATED,SIM-MRISK-2026.1,SNT,2,OHE_INSPECTION,2,LOW,0,52.5,13.5,74.8,3,7,-2,2,4,90,16,70.8,102,91.4,77.9,120,84.9,78.0,20,64.1
SIM-REQ-00650,SIMULATED,SIM-MRISK-2026.1,ENGG,0,WELD_REPAIR,6,MEDIUM,1,76.4,8.2,70.8,1,29,10,0,4,45,67,73.5,91,79.7,98.8,180,46.9,89.7,24,27.6
SIM-REQ-00651,SIMULATED,SIM-MRISK-2026.1,OPTG,3,TRACK_CIRCUIT,5,HIGH,2,81.9,8.4,37.4,1,18,5,0,4,90,133,62.2,49,53.6,78.2,150,45.5,61.8,20,19.0
SIM-REQ-00652,SIMULATED,SIM-MRISK-2026.1,TRD,1,TRACK_CIRCUIT,5,LOW,0,74.7,10.2,40.9,2,26,1,0,5,180,90,52.8,34,48.8,132.4,90,63.3,37.3,14,31.0
SIM-REQ-00653,SIMULATED,SIM-MRISK-2026.1,OPTG,3,BALLAST_CLEANING,4,HIGH,2,73.6,9.2,82.9,1,14,8,0,2,30,25,83.3,90,84.0,39.9,120,47.6,86.4,11,32.2
SIM-REQ-00654,SIMULATED,SIM-MRISK-2026.1,TRD,1,BALLAST_CLEANING,4,HIGH,2,92.2,10.4,64.6,1,7,2,0,6,30,25,68.2,111,98.0,96.0,90,43.0,74.2,4,33.2
SIM-REQ-00655,SIMULATED,SIM-MRISK-2026.1,ENGG,0,TRACK_CIRCUIT,5,HIGH,2,58.2,9.9,71.0,1,3,2,0,5,30,12,42.9,45,52.8,74.6,90,51.5,92.0,20,29.3
SIM-REQ-00656,SIMULATED,SIM-MRISK-2026.1,ENGG,0,BALLAST_CLEANING,4,LOW,0,68.3,7.2,80.5,1,29,9,0,4,180,285,77.3,39,52.9,51.5,60,48.9,58.7,5,30.7
SIM-REQ-00657,SIMULATED,SIM-MRISK-2026.1,ENGG,0,OHE_INSPECTION,2,MEDIUM,1,99.7,9.0,72.4,1,9,6,0,2,180,177,42.1,38,45.7,24.9,60,41.1,68.0,8,22.3
SIM-REQ-00658,SIMULATED,SIM-MRISK-2026.1,SNT,2,TRACK_CIRCUIT,5,LOW,0,70.7,11.9,55.5,2,15,35,0,4,90,132,42.5,108,94.9,106.5,90,64.3,86.0,1,39.5
SIM-REQ-00659,SIMULATED,SIM-MRISK-2026.1,ENGG,0,BALLAST_CLEANING,4,HIGH,2,85.7,5.2,81.5,1,18,0,0,4,45,50,79.0,40,53.5,95.9,150,44.6,52.5,21,27.6
SIM-REQ-00660,SIMULATED,SIM-MRISK-2026.1,ENGG,0,TRACK_TAMPING,0,LOW,0,74.8,5.9,50.1,1,9,1,0,5,90,60,88.9,77,72.4,74.9,240,47.3,87.9,5,28.1
SIM-REQ-00661,SIMULATED,SIM-MRISK-2026.1,ENGG,0,RAIL_REPLACEMENT,1,MEDIUM,1,67.6,17.7,92.0,1,22,14,0,4,180,215,58.7,47,54.1,84.0,120,49.1,83.6,14,29.0
SIM-REQ-00662,SIMULATED,SIM-MRISK-2026.1,TRD,1,RAIL_REPLACEMENT,1,HIGH,2,74.3,13.3,97.2,1,14,-1,1,6,180,46,67.3,63,61.0,130.9,180,47.4,56.8,7,36.9
SIM-REQ-00663,SIMULATED,SIM-MRISK-2026.1,TRD,1,BALLAST_CLEANING,4,HIGH,2,98.5,6.0,61.4,1,0,17,0,5,45,63,75.9,64,74.2,110.5,240,41.4,36.3,1,23.1
SIM-REQ-00664,SIMULATED,SIM-MRISK-2026.1,ENGG,0,RAIL_REPLACEMENT,1,MEDIUM,1,55.2,6.7,91.6,3,15,-2,2,4,90,107,60.0,42,53.6,61.5,150,84.2,44.8,16,64.3
SIM-REQ-00665,SIMULATED,SIM-MRISK-2026.1,ENGG,0,POINT_OVERHAUL,3,HIGH,2,71.6,20.6,70.6,2,7,3,0,5,30,39,46.2,25,30.3,105.3,120,64.1,88.5,23,34.6
SIM-REQ-00666,SIMULATED,SIM-MRISK-2026.1,ENGG,0,TRACK_CIRCUIT,5,MEDIUM,1,22.6,29.6,43.0,2,6,14,0,6,90,135,60.1,31,55.1,139.3,240,76.3,36.7,22,35.9
SIM-REQ-00667,SIMULATED,SIM-MRISK-2026.1,SNT,2,WELD_REPAIR,6,MEDIUM,1,94.1,5.7,57.9,1,0,2,0,2,60,85,52.1,48,45.0,32.4,240,42.5,55.4,3,19.3
SIM-REQ-00668,SIMULATED,SIM-MRISK-2026.1,ENGG,0,POINT_OVERHAUL,3,LOW,0,58.8,20.4,80.7,2,6,2,0,6,45,32,78.1,44,55.7,146.0,120,67.3,92.2,5,41.5
SIM-REQ-00669,SIMULATED,SIM-MRISK-2026.1,SNT,2,POINT_OVERHAUL,3,LOW,0,61.1,16.2,97.7,3,14,16,0,9,45,38,83.0,69,69.6,101.2,120,82.7,73.7,0,53.5
SIM-REQ-00670,SIMULATED,SIM-MRISK-2026.1,SNT,2,RAIL_REPLACEMENT,1,LOW,0,77.4,5.2,90.5,2,23,2,0,4,60,87,44.7,90,87.8,97.8,90,62.6,68.4,24,48.8
SIM-REQ-00671,SIMULATED,SIM-MRISK-2026.1,ENGG,0,TRACK_CIRCUIT,5,MEDIUM,1,99.3,5.4,63.7,1,8,15,0,1,180,248,82.8,113,94.6,18.2,180,41.2,85.5,22,29.7
SIM-REQ-00672,SIMULATED,SIM-MRISK-2026.1,SNT,2,BALLAST_CLEANING,4,MEDIUM,1,69.6,6.1,81.1,2,29,6,0,7,30,34,84.0,88,87.0,110.6,60,64.6,57.1,23,47.2
SIM-REQ-00673,SIMULATED,SIM-MRISK-2026.1,OPTG,3,RAIL_REPLACEMENT,1,MEDIUM,1,78.9,4.8,87.8,1,8,12,0,2,60,85,77.6,80,75.2,42.7,150,46.3,72.1,21,32.3
SIM-REQ-00674,SIMULATED,SIM-MRISK-2026.1,SNT,2,RAIL_REPLACEMENT,1,MEDIUM,1,29.2,27.0,96.4,2,33,2,0,2,30,41,92.7,99,89.9,46.9,180,74.7,68.5,0,60.2
SIM-REQ-00675,SIMULATED,SIM-MRISK-2026.1,ENGG,0,WELD_REPAIR,6,MEDIUM,1,86.4,7.2,51.8,1,15,12,0,4,180,279,92.9,56,67.0,53.4,240,44.4,67.9,13,24.1
SIM-REQ-00676,SIMULATED,SIM-MRISK-2026.1,ENGG,0,RAIL_REPLACEMENT,1,LOW,0,83.8,8.8,97.6,1,11,8,0,5,60,70,79.2,48,56.1,117.6,240,45.0,55.9,0,28.7
SIM-REQ-00677,SIMULATED,SIM-MRISK-2026.1,TRD,1,POINT_OVERHAUL,3,MEDIUM,1,80.3,1.8,94.4,1,6,-9,9,3,30,18,78.3,75,73.5,46.0,120,45.9,74.5,0,51.7
SIM-REQ-00678,SIMULATED,SIM-MRISK-2026.1,TRD,1,BALLAST_CLEANING,4,HIGH,2,81.7,7.1,64.0,2,20,-1,1,3,45,32,63.7,32,44.5,32.9,180,61.6,66.8,14,44.0
SIM-REQ-00679,SIMULATED,SIM-MRISK-2026.1,ENGG,0,OHE_INSPECTION,2,MEDIUM,1,92.1,5.5,62.2,1,18,16,0,3,30,29,95.5,62,60.0,68.3,120,43.0,72.7,16,26.0
SIM-REQ-00680,SIMULATED,SIM-MRISK-2026.1,TRD,1,RAIL_REPLACEMENT,1,MEDIUM,1,79.4,8.1,92.9,2,7,12,0,5,90,129,53.9,92,89.1,118.1,60,62.1,85.5,18,44.2
SIM-REQ-00681,SIMULATED,SIM-MRISK-2026.1,SNT,2,TRACK_CIRCUIT,5,MEDIUM,1,36.0,20.4,31.4,2,5,4,0,6,60,74,53.3,33,43.8,120.9,240,73.0,94.4,6,32.3
SIM-REQ-00682,SIMULATED,SIM-MRISK-2026.1,SNT,2,POINT_OVERHAUL,3,LOW,0,56.1,19.5,85.1,1,20,-1,1,6,45,22,96.2,32,35.4,115.5,90,52.0,63.5,22,41.1
SIM-REQ-00683,SIMULATED,SIM-MRISK-2026.1,ENGG,0,POINT_OVERHAUL,3,MEDIUM,1,76.0,10.1,81.6,2,1,13,0,5,45,13,62.3,59,67.5,60.2,60,63.0,86.8,24,43.0
SIM-REQ-00684,SIMULATED,SIM-MRISK-2026.1,SNT,2,RAIL_REPLACEMENT,1,MEDIUM,1,57.6,16.9,97.0,1,27,-1,1,5,90,53,95.8,23,40.2,87.8,120,51.6,46.0,22,41.5
SIM-REQ-00685,SIMULATED,SIM-MRISK-2026.1,SNT,2,RAIL_REPLACEMENT,1,MEDIUM,1,75.7,8.9,86.5,1,19,6,0,2,90,127,68.6,65,72.6,26.5,180,47.1,38.4,9,35.2
SIM-REQ-00686,SIMULATED,SIM-MRISK-2026.1,ENGG,0,RAIL_REPLACEMENT,1,MEDIUM,1,48.8,17.6,74.5,3,18,-10,10,1,180,240,65.5,37,50.5,36.3,180,85.8,76.4,23,65.1
SIM-REQ-00687,SIMULATED,SIM-MRISK-2026.1,SNT,2,WELD_REPAIR,6,MEDIUM,1,40.7,20.8,68.6,2,13,23,0,8,45,33,79.2,43,54.3,101.2,60,71.8,84.9,12,36.6
SIM-REQ-00688,SIMULATED,SIM-MRISK-2026.1,TRD,1,OHE_INSPECTION,2,LOW,0,72.9,24.5,56.1,1,15,-7,7,6,45,31,67.0,69,76.0,113.4,150,47.8,74.8,2,43.6
SIM-REQ-00689,SIMULATED,SIM-MRISK-2026.1,ENGG,0,OHE_INSPECTION,2,MEDIUM,1,47.3,17.5,38.5,2,11,20,0,12,30,28,95.4,26,49.2,293.7,60,70.2,90.3,14,35.0
SIM-REQ-00690,SIMULATED,SIM-MRISK-2026.1,ENGG,0,TRACK_TAMPING,0,LOW,0,63.8,17.7,76.4,2,1,-6,6,7,60,17,50.0,23,42.9,187.6,60,66.0,91.7,9,47.8
SIM-REQ-00691,SIMULATED,SIM-MRISK-2026.1,ENGG,0,RAIL_REPLACEMENT,1,MEDIUM,1,78.1,5.1,70.7,1,13,20,0,5,60,27,50.2,68,74.4,60.2,90,46.5,35.8,0,21.8
SIM-REQ-00692,SIMULATED,SIM-MRISK-2026.1,SNT,2,RAIL_REPLACEMENT,1,LOW,0,73.7,10.1,94.7,2,22,13,0,5,90,41,83.0,48,59.4,75.4,180,63.6,74.4,17,36.2
SIM-REQ-00693,SIMULATED,SIM-MRISK-2026.1,TRD,1,POINT_OVERHAUL,3,LOW,0,64.3,7.7,78.8,1,27,9,0,3,30,41,76.3,79,81.1,53.5,60,49.9,41.3,10,32.6
SIM-REQ-00694,SIMULATED,SIM-MRISK-2026.1,SNT,2,TRACK_TAMPING,0,MEDIUM,1,60.4,12.4,79.9,2,2,20,0,6,180,35,66.8,89,80.5,99.0,60,66.9,77.5,5,45.1
SIM-REQ-00695,SIMULATED,SIM-MRISK-2026.1,SNT,2,BALLAST_CLEANING,4,MEDIUM,1,68.1,10.4,83.8,1,2,16,0,2,30,23,51.7,73,70.7,53.2,240,49.0,43.6,20,29.7
SIM-REQ-00696,SIMULATED,SIM-MRISK-2026.1,ENGG,0,TRACK_CIRCUIT,5,LOW,0,92.0,9.7,35.5,1,19,6,0,3,90,21,84.7,33,53.0,52.2,240,43.0,70.9,6,16.2
SIM-REQ-00697,SIMULATED,SIM-MRISK-2026.1,OPTG,3,POINT_OVERHAUL,3,LOW,0,91.6,4.1,71.0,1,7,-1,1,5,60,18,44.8,35,49.5,107.7,90,43.1,86.2,16,36.7
SIM-REQ-00698,SIMULATED,SIM-MRISK-2026.1,TRD,1,POINT_OVERHAUL,3,MEDIUM,1,63.7,11.4,87.7,2,9,1,0,8,90,46,60.3,57,65.0,171.6,150,66.1,88.9,20,46.4
SIM-REQ-00699,SIMULATED,SIM-MRISK-2026.1,ENGG,0,BALLAST_CLEANING,4,MEDIUM,1,86.4,7.1,71.2,1,12,9,0,4,30,13,83.3,28,43.4,63.0,90,44.4,64.2,7,22.7
SIM-REQ-00700,SIMULATED,SIM-MRISK-2026.1,SNT,2,POINT_OVERHAUL,3,LOW,0,62.8,9.9,89.8,2,3,0,0,3,60,29,89.9,27,46.0,81.4,150,66.3,71.9,4,38.6
SIM-REQ-00701,SIMULATED,SIM-MRISK-2026.1,SNT,2,WELD_REPAIR,6,MEDIUM,1,74.8,17.9,67.7,2,14,2,0,5,60,29,92.4,96,85.6,54.8,150,63.3,83.4,1,47.1
SIM-REQ-00702,SIMULATED,SIM-MRISK-2026.1,TRD,1,RAIL_REPLACEMENT,1,MEDIUM,1,63.9,12.5,82.0,1,2,17,0,4,30,10,76.3,102,98.0,80.0,240,50.0,81.2,20,32.5
SIM-REQ-00703,SIMULATED,SIM-MRISK-2026.1,ENGG,0,RAIL_REPLACEMENT,1,MEDIUM,1,86.6,6.7,91.0,1,20,-2,2,3,30,22,60.0,31,50.6,72.4,60,44.4,93.9,13,32.9
SIM-REQ-00704,SIMULATED,SIM-MRISK-2026.1,ENGG,0,BALLAST_CLEANING,4,HIGH,2,90.3,2.5,50.9,1,3,2,0,3,90,119,82.6,104,97.7,46.6,120,43.4,74.4,8,26.5
SIM-REQ-00705,SIMULATED,SIM-MRISK-2026.1,SNT,2,RAIL_REPLACEMENT,1,LOW,0,33.7,21.6,96.0,4,22,-9,9,8,60,18,78.0,44,56.3,116.1,180,98.0,74.1,7,95.2
SIM-REQ-00706,SIMULATED,SIM-MRISK-2026.1,ENGG,0,TRACK_TAMPING,0,HIGH,2,54.9,13.8,63.1,2,7,16,0,10,45,12,57.8,108,86.5,124.5,90,68.3,55.8,17,37.8
SIM-REQ-00707,SIMULATED,SIM-MRISK-2026.1,SNT,2,RAIL_REPLACEMENT,1,HIGH,2,67.9,11.0,89.3,1,4,0,0,2,60,11,71.6,54,62.1,45.3,180,49.0,49.1,1,31.7
SIM-REQ-00708,SIMULATED,SIM-MRISK-2026.1,TRD,1,TRACK_CIRCUIT,5,HIGH,2,100.0,2.5,45.0,2,8,15,0,10,180,96,46.3,64,75.3,146.3,90,57.0,49.8,15,29.1
SIM-REQ-00709,SIMULATED,SIM-MRISK-2026.1,SNT,2,TRACK_CIRCUIT,5,HIGH,2,81.2,7.6,61.1,1,5,1,0,4,60,27,84.4,86,87.6,78.0,180,45.7,36.8,21,24.0
SIM-REQ-00710,SIMULATED,SIM-MRISK-2026.1,ENGG,0,RAIL_REPLACEMENT,1,MEDIUM,1,100.0,1.4,94.4,1,15,-7,7,8,30,28,63.2,73,70.5,168.3,120,41.0,41.7,1,46.6
SIM-REQ-00711,SIMULATED,SIM-MRISK-2026.1,TRD,1,WELD_REPAIR,6,LOW,0,76.3,15.3,51.6,2,36,-21,21,4,30,45,45.3,20,41.6,96.1,240,62.9,93.3,13,54.5
SIM-REQ-00712,SIMULATED,SIM-MRISK-2026.1,ENGG,0,POINT_OVERHAUL,3,MEDIUM,1,70.4,9.3,74.0,2,11,0,0,4,60,52,96.9,79,81.3,55.2,180,64.4,47.9,10,39.5
SIM-REQ-00713,SIMULATED,SIM-MRISK-2026.1,SNT,2,POINT_OVERHAUL,3,MEDIUM,1,100.0,1.5,85.0,1,21,14,0,1,90,111,65.9,91,90.0,9.6,120,41.0,63.6,8,28.9
SIM-REQ-00714,SIMULATED,SIM-MRISK-2026.1,TRD,1,RAIL_REPLACEMENT,1,HIGH,2,69.4,13.1,93.6,1,6,9,0,4,45,60,43.5,64,72.1,59.8,90,48.6,87.9,18,29.2
SIM-REQ-00715,SIMULATED,SIM-MRISK-2026.1,SNT,2,WELD_REPAIR,6,MEDIUM,1,79.2,7.2,57.2,1,11,13,0,4,45,24,40.3,81,69.7,72.4,180,46.2,50.7,1,28.4
SIM-REQ-00716,SIMULATED,SIM-MRISK-2026.1,SNT,2,TRACK_TAMPING,0,MEDIUM,1,78.6,11.0,57.9,1,18,14,0,2,60,23,86.6,46,57.9,52.5,90,46.4,70.5,10,22.8
SIM-REQ-00717,SIMULATED,SIM-MRISK-2026.1,TRD,1,POINT_OVERHAUL,3,HIGH,2,72.5,6.3,85.5,2,0,3,0,3,30,18,64.5,58,58.5,80.1,120,63.9,63.8,4,36.2
SIM-REQ-00718,SIMULATED,SIM-MRISK-2026.1,SNT,2,BALLAST_CLEANING,4,HIGH,2,61.5,10.8,57.2,2,60,0,0,4,60,45,70.9,69,65.8,95.8,60,66.6,91.0,19,47.5
SIM-REQ-00719,SIMULATED,SIM-MRISK-2026.1,TRD,1,RAIL_REPLACEMENT,1,MEDIUM,1,80.3,5.5,96.0,1,22,0,0,3,45,68,68.8,101,87.2,63.0,60,45.9,57.1,21,40.3
SIM-REQ-00720,SIMULATED,SIM-MRISK-2026.1,OPTG,3,OHE_INSPECTION,2,LOW,0,83.6,4.5,41.1,2,18,11,0,11,90,84,42.9,110,93.6,202.7,120,61.1,91.7,21,39.1
SIM-REQ-00721,SIMULATED,SIM-MRISK-2026.1,ENGG,0,BALLAST_CLEANING,4,MEDIUM,1,65.6,8.9,78.2,1,4,0,0,5,60,53,76.6,21,41.0,82.2,180,49.6,62.4,23,27.1
SIM-REQ-00722,SIMULATED,SIM-MRISK-2026.1,ENGG,0,WELD_REPAIR,6,HIGH,2,70.6,8.1,58.2,2,19,-2,2,3,45,32,91.9,80,83.1,56.1,120,64.3,53.4,11,43.8
SIM-REQ-00723,SIMULATED,SIM-MRISK-2026.1,SNT,2,OHE_INSPECTION,2,MEDIUM,1,67.6,4.3,61.8,1,34,11,0,4,90,14,92.0,42,57.2,85.0,240,49.1,41.6,22,28.7
SIM-REQ-00724,SIMULATED,SIM-MRISK-2026.1,ENGG,0,TRACK_CIRCUIT,5,HIGH,2,85.4,6.9,58.5,1,13,-4,4,10,60,93,79.6,79,78.4,109.1,150,44.6,51.6,21,44.8
SIM-REQ-00725,SIMULATED,SIM-MRISK-2026.1,ENGG,0,TRACK_TAMPING,0,HIGH,2,70.2,5.9,53.1,1,9,25,0,9,30,35,77.2,67,67.5,135.1,240,48.5,46.4,0,25.9
SIM-REQ-00726,SIMULATED,SIM-MRISK-2026.1,TRD,1,RAIL_REPLACEMENT,1,LOW,0,80.1,3.2,79.8,2,26,-6,6,6,60,34,63.2,29,41.7,136.1,60,62.0,81.7,21,49.2
SIM-REQ-00727,SIMULATED,SIM-MRISK-2026.1,OPTG,3,RAIL_REPLACEMENT,1,HIGH,2,75.5,8.7,80.7,2,16,6,0,3,45,40,74.5,101,92.0,48.1,60,63.1,92.7,17,45.3
SIM-REQ-00728,SIMULATED,SIM-MRISK-2026.1,TRD,1,TRACK_TAMPING,0,HIGH,2,88.3,9.3,57.0,1,3,6,0,7,45,49,88.1,66,65.8,109.9,180,43.9,43.9,18,22.6
SIM-REQ-00729,SIMULATED,SIM-MRISK-2026.1,OPTG,3,WELD_REPAIR,6,HIGH,2,88.2,7.0,72.8,2,43,14,0,2,180,75,71.8,80,78.4,30.3,60,60.0,92.7,19,40.6
SIM-REQ-00730,SIMULATED,SIM-MRISK-2026.1,TRD,1,POINT_OVERHAUL,3,MEDIUM,1,67.6,4.8,79.9,1,7,8,0,7,30,41,71.8,71,73.6,76.5,150,49.1,35.9,22,31.5
SIM-REQ-00731,SIMULATED,SIM-MRISK-2026.1,SNT,2,RAIL_REPLACEMENT,1,LOW,0,91.3,14.7,86.1,2,13,20,0,0,180,32,41.6,105,89.3,3.5,150,59.2,88.9,1,40.5
SIM-REQ-00732,SIMULATED,SIM-MRISK-2026.1,SNT,2,POINT_OVERHAUL,3,LOW,0,84.4,2.9,82.6,2,13,8,0,4,60,22,58.6,112,98.0,104.9,90,60.9,55.2,7,47.1
SIM-REQ-00733,SIMULATED,SIM-MRISK-2026.1,SNT,2,BALLAST_CLEANING,4,LOW,0,71.7,3.8,69.1,1,8,8,0,4,45,70,46.3,40,45.8,104.6,240,48.1,86.4,9,24.8
SIM-REQ-00734,SIMULATED,SIM-MRISK-2026.1,ENGG,0,OHE_INSPECTION,2,LOW,0,64.9,8.0,42.5,1,4,0,0,6,90,83,52.2,103,85.8,104.9,60,49.8,43.7,16,34.9
SIM-REQ-00735,SIMULATED,SIM-MRISK-2026.1,ENGG,0,POINT_OVERHAUL,3,MEDIUM,1,76.0,6.7,93.1,1,24,3,0,7,30,15,58.7,95,87.9,155.6,240,47.0,43.7,0,46.1
SIM-REQ-00736,SIMULATED,SIM-MRISK-2026.1,ENGG,0,BALLAST_CLEANING,4,MEDIUM,1,85.2,6.9,65.3,1,12,12,0,6,180,154,44.5,47,62.6,100.5,60,44.7,39.9,21,23.8
SIM-REQ-00737,SIMULATED,SIM-MRISK-2026.1,TRD,1,OHE_INSPECTION,2,LOW,0,49.1,16.3,73.9,1,9,10,0,2,45,23,48.1,26,35.5,66.2,150,53.7,69.4,4,28.0
SIM-REQ-00738,SIMULATED,SIM-MRISK-2026.1,ENGG,0,TRACK_TAMPING,0,MEDIUM,1,73.3,8.4,62.5,2,3,9,0,2,45,40,61.2,59,60.4,28.2,240,63.7,91.2,21,34.0
SIM-REQ-00739,SIMULATED,SIM-MRISK-2026.1,ENGG,0,POINT_OVERHAUL,3,MEDIUM,1,76.4,5.4,85.3,2,7,10,0,3,30,24,63.7,69,69.2,79.0,90,62.9,77.4,20,41.8
SIM-REQ-00740,SIMULATED,SIM-MRISK-2026.1,SNT,2,OHE_INSPECTION,2,LOW,0,62.9,9.4,30.7,3,9,20,0,3,90,71,81.3,106,95.3,71.4,150,82.3,59.8,22,46.3
SIM-REQ-00741,SIMULATED,SIM-MRISK-2026.1,TRD,1,WELD_REPAIR,6,MEDIUM,1,43.2,15.0,76.2,2,10,4,0,4,60,63,43.6,76,79.5,117.0,180,71.2,82.9,16,48.5
SIM-REQ-00742,SIMULATED,SIM-MRISK-2026.1,TRD,1,TRACK_TAMPING,0,MEDIUM,1,70.3,9.5,63.3,2,3,13,0,5,45,55,60.2,27,45.9,54.4,60,64.4,80.8,10,32.3
SIM-REQ-00743,SIMULATED,SIM-MRISK-2026.1,TRD,1,TRACK_CIRCUIT,5,MEDIUM,1,86.6,7.7,40.8,2,13,7,0,4,90,78,95.0,86,84.9,58.5,180,60.4,60.6,14,39.2
SIM-REQ-00744,SIMULATED,SIM-MRISK-2026.1,OPTG,3,WELD_REPAIR,6,MEDIUM,1,94.9,3.7,59.1,1,5,4,0,4,180,253,89.6,85,77.7,36.8,120,42.3,45.2,5,23.3
SIM-REQ-00745,SIMULATED,SIM-MRISK-2026.1,ENGG,0,OHE_INSPECTION,2,MEDIUM,1,62.6,14.7,66.6,2,17,-6,6,3,180,92,71.2,39,35.8,51.2,240,66.3,64.5,19,45.5
SIM-REQ-00746,SIMULATED,SIM-MRISK-2026.1,SNT,2,TRACK_CIRCUIT,5,MEDIUM,1,97.6,12.4,65.9,1,13,14,0,1,30,42,74.0,76,66.9,13.6,60,41.6,52.3,13,23.7
SIM-REQ-00747,SIMULATED,SIM-MRISK-2026.1,ENGG,0,TRACK_TAMPING,0,MEDIUM,1,59.4,6.9,53.0,3,15,1,0,4,45,57,43.8,90,85.4,97.1,60,83.2,55.1,4,61.3
SIM-REQ-00748,SIMULATED,SIM-MRISK-2026.1,SNT,2,TRACK_TAMPING,0,MEDIUM,1,94.3,6.4,54.7,1,0,7,0,6,45,59,78.3,46,48.5,84.7,150,42.4,91.0,19,30.5
SIM-REQ-00749,SIMULATED,SIM-MRISK-2026.1,ENGG,0,TRACK_TAMPING,0,HIGH,2,92.4,4.8,66.2,2,32,-1,1,2,180,172,76.5,110,87.7,19.6,240,58.9,58.5,1,47.9
SIM-REQ-00750,SIMULATED,SIM-MRISK-2026.1,ENGG,0,TRACK_CIRCUIT,5,MEDIUM,1,55.9,19.6,33.6,1,17,6,0,5,30,46,95.7,43,52.6,104.3,180,52.0,89.5,16,24.5
SIM-REQ-00751,SIMULATED,SIM-MRISK-2026.1,TRD,1,TRACK_CIRCUIT,5,MEDIUM,1,76.6,6.1,69.7,1,0,20,0,4,45,34,84.6,73,74.8,94.3,180,46.9,90.1,8,26.2
SIM-REQ-00752,SIMULATED,SIM-MRISK-2026.1,TRD,1,WELD_REPAIR,6,HIGH,2,73.8,3.5,72.8,1,1,-1,1,0,60,64,75.3,98,80.6,10.5,240,47.5,46.9,24,40.5
SIM-REQ-00753,SIMULATED,SIM-MRISK-2026.1,OPTG,3,RAIL_REPLACEMENT,1,LOW,0,55.2,10.7,89.8,2,17,4,0,9,90,111,62.6,29,45.7,177.3,180,68.2,74.9,0,43.8
SIM-REQ-00754,SIMULATED,SIM-MRISK-2026.1,ENGG,0,POINT_OVERHAUL,3,MEDIUM,1,62.6,11.4,73.1,2,47,7,0,7,30,46,47.6,88,81.2,90.3,150,66.3,64.7,15,52.2
SIM-REQ-00755,SIMULATED,SIM-MRISK-2026.1,OPTG,3,OHE_INSPECTION,2,MEDIUM,1,49.2,9.8,61.8,2,3,-7,7,10,180,191,61.5,73,64.0,224.8,60,69.7,59.1,20,55.0
SIM-REQ-00756,SIMULATED,SIM-MRISK-2026.1,SNT,2,POINT_OVERHAUL,3,MEDIUM,1,63.6,17.6,88.8,3,11,8,0,4,180,81,75.3,81,73.7,73.7,120,82.1,58.6,20,55.3
SIM-REQ-00757,SIMULATED,SIM-MRISK-2026.1,SNT,2,OHE_INSPECTION,2,LOW,0,98.7,5.8,65.6,2,25,13,0,5,60,27,89.2,24,43.5,91.5,180,57.3,40.8,0,30.7
SIM-REQ-00758,SIMULATED,SIM-MRISK-2026.1,SNT,2,POINT_OVERHAUL,3,HIGH,2,80.9,10.4,90.7,1,13,3,0,2,60,84,88.4,89,80.0,29.2,240,45.8,76.1,12,32.4
SIM-REQ-00759,SIMULATED,SIM-MRISK-2026.1,SNT,2,POINT_OVERHAUL,3,HIGH,2,85.5,9.9,79.6,1,2,2,0,6,30,12,90.4,34,51.6,99.4,90,44.6,78.1,1,26.0
SIM-REQ-00760,SIMULATED,SIM-MRISK-2026.1,TRD,1,WELD_REPAIR,6,MEDIUM,1,82.6,7.3,68.7,1,9,5,0,2,45,26,78.4,85,78.2,53.0,90,45.4,72.0,19,28.3
SIM-REQ-00761,SIMULATED,SIM-MRISK-2026.1,ENGG,0,BALLAST_CLEANING,4,LOW,0,23.0,29.5,74.6,3,10,-7,7,3,30,21,64.6,27,32.4,58.8,60,92.2,90.8,3,70.8
SIM-REQ-00762,SIMULATED,SIM-MRISK-2026.1,ENGG,0,TRACK_CIRCUIT,5,MEDIUM,1,80.5,13.0,57.0,1,17,5,0,5,30,17,97.2,90,79.3,111.4,120,45.9,93.2,10,27.4
SIM-REQ-00763,SIMULATED,SIM-MRISK-2026.1,ENGG,0,WELD_REPAIR,6,MEDIUM,1,85.6,13.2,52.3,1,2,-6,6,3,180,231,61.3,71,70.1,43.3,150,44.6,69.9,22,40.5
SIM-REQ-00764,SIMULATED,SIM-MRISK-2026.1,ENGG,0,TRACK_TAMPING,0,MEDIUM,1,62.2,3.6,51.5,1,16,9,0,4,45,38,68.9,56,68.6,52.3,150,50.5,68.7,14,27.4
SIM-REQ-00765,SIMULATED,SIM-MRISK-2026.1,ENGG,0,BALLAST_CLEANING,4,MEDIUM,1,62.3,15.5,81.7,1,10,9,0,9,90,129,46.1,114,98.0,92.8,150,50.4,39.0,20,40.9
SIM-REQ-00766,SIMULATED,SIM-MRISK-2026.1,ENGG,0,OHE_INSPECTION,2,HIGH,2,54.8,19.5,48.4,2,33,13,0,7,30,37,45.4,52,55.9,164.2,180,68.3,68.9,8,42.1
SIM-REQ-00767,SIMULATED,SIM-MRISK-2026.1,ENGG,0,RAIL_REPLACEMENT,1,MEDIUM,1,68.2,14.6,76.5,1,17,23,0,3,45,24,70.3,49,59.2,41.5,240,49.0,50.8,0,30.8
SIM-REQ-00768,SIMULATED,SIM-MRISK-2026.1,OPTG,3,RAIL_REPLACEMENT,1,MEDIUM,1,76.7,10.1,95.5,1,0,14,0,3,45,60,69.7,59,61.1,58.2,180,46.8,61.3,10,29.5
SIM-REQ-00769,SIMULATED,SIM-MRISK-2026.1,ENGG,0,BALLAST_CLEANING,4,MEDIUM,1,91.8,5.8,82.9,1,23,1,0,5,45,56,80.1,82,74.7,116.2,90,43.0,94.7,2,36.9
SIM-REQ-00770,SIMULATED,SIM-MRISK-2026.1,ENGG,0,WELD_REPAIR,6,LOW,0,90.7,14.2,55.2,1,19,-6,6,9,60,44,51.1,90,83.7,179.4,240,43.3,67.3,11,47.3
SIM-REQ-00771,SIMULATED,SIM-MRISK-2026.1,ENGG,0,OHE_INSPECTION,2,HIGH,2,85.9,8.0,69.7,2,14,-7,7,5,90,74,74.8,39,59.9,75.9,120,60.5,58.4,14,48.8
SIM-REQ-00772,SIMULATED,SIM-MRISK-2026.1,ENGG,0,POINT_OVERHAUL,3,HIGH,2,51.6,15.9,71.0,2,0,7,0,2,60,64,75.1,67,64.9,68.3,60,69.1,57.0,5,38.7
SIM-REQ-00773,SIMULATED,SIM-MRISK-2026.1,TRD,1,TRACK_CIRCUIT,5,MEDIUM,1,38.4,17.9,52.4,2,0,-10,10,5,30,47,55.9,82,74.4,136.6,150,72.4,46.0,5,56.9
SIM-REQ-00774,SIMULATED,SIM-MRISK-2026.1,SNT,2,POINT_OVERHAUL,3,HIGH,2,71.9,5.8,82.7,1,41,4,0,3,60,27,90.6,30,44.7,38.8,150,48.0,62.2,14,31.8
SIM-REQ-00775,SIMULATED,SIM-MRISK-2026.1,OPTG,3,TRACK_CIRCUIT,5,MEDIUM,1,65.5,12.2,60.3,1,32,10,0,1,60,21,97.1,114,98.0,32.0,150,49.6,85.9,15,31.7
SIM-REQ-00776,SIMULATED,SIM-MRISK-2026.1,TRD,1,WELD_REPAIR,6,MEDIUM,1,94.7,3.5,52.3,1,4,6,0,5,30,11,82.8,28,41.6,63.0,120,42.3,79.3,6,22.1
SIM-REQ-00777,SIMULATED,SIM-MRISK-2026.1,ENGG,0,POINT_OVERHAUL,3,LOW,0,100.0,3.7,81.1,1,5,10,0,8,45,33,76.5,27,52.5,169.8,90,41.0,37.1,16,29.3
SIM-REQ-00778,SIMULATED,SIM-MRISK-2026.1,TRD,1,WELD_REPAIR,6,LOW,0,81.7,5.3,83.7,1,12,3,0,3,90,117,70.2,59,64.8,65.8,60,45.6,85.5,9,23.4
SIM-REQ-00779,SIMULATED,SIM-MRISK-2026.1,SNT,2,POINT_OVERHAUL,3,HIGH,2,85.2,6.9,97.1,2,26,7,0,3,180,144,93.2,90,80.9,31.6,60,60.7,63.7,3,45.3
SIM-REQ-00780,SIMULATED,SIM-MRISK-2026.1,ENGG,0,OHE_INSPECTION,2,MEDIUM,1,69.1,13.8,52.6,1,9,-2,2,3,30,24,82.5,83,78.3,79.4,120,48.7,45.1,17,35.2
SIM-REQ-00781,SIMULATED,SIM-MRISK-2026.1,TRD,1,POINT_OVERHAUL,3,MEDIUM,1,63.6,9.4,82.8,2,1,11,0,4,30,18,81.4,35,46.8,65.1,120,66.1,44.6,9,37.9
SIM-REQ-00782,SIMULATED,SIM-MRISK-2026.1,ENGG,0,RAIL_REPLACEMENT,1,MEDIUM,1,58.1,12.7,97.5,2,64,0,0,3,30,11,51.7,66,63.2,75.4,240,67.5,53.0,4,55.7
SIM-REQ-00783,SIMULATED,SIM-MRISK-2026.1,ENGG,0,OHE_INSPECTION,2,LOW,0,38.7,21.4,34.5,2,13,8,0,6,30,10,66.1,72,72.7,121.0,120,72.3,37.7,12,34.0
SIM-REQ-00784,SIMULATED,SIM-MRISK-2026.1,SNT,2,WELD_REPAIR,6,HIGH,2,50.0,19.3,57.7,1,4,-5,5,2,45,57,66.7,35,55.7,55.9,180,53.5,53.9,19,36.4
SIM-REQ-00785,SIMULATED,SIM-MRISK-2026.1,ENGG,0,RAIL_REPLACEMENT,1,LOW,0,45.0,23.2,91.4,2,3,29,0,4,45,63,92.2,104,93.1,66.4,180,70.8,58.2,17,48.7
SIM-REQ-00786,SIMULATED,SIM-MRISK-2026.1,ENGG,0,OHE_INSPECTION,2,MEDIUM,1,68.6,7.6,51.2,1,0,-3,3,6,60,12,87.9,45,53.1,72.2,120,48.9,50.6,11,32.6
SIM-REQ-00787,SIMULATED,SIM-MRISK-2026.1,ENGG,0,OHE_INSPECTION,2,HIGH,2,69.3,18.2,70.8,1,18,-7,7,6,60,47,84.7,39,52.6,156.6,60,48.7,42.5,15,43.4
SIM-REQ-00788,SIMULATED,SIM-MRISK-2026.1,TRD,1,TRACK_CIRCUIT,5,LOW,0,79.4,5.2,45.0,1,21,0,0,5,180,192,95.5,85,79.4,113.7,240,46.1,85.6,13,29.8
SIM-REQ-00789,SIMULATED,SIM-MRISK-2026.1,TRD,1,TRACK_TAMPING,0,LOW,0,58.5,19.2,70.8,2,16,23,0,4,30,13,51.0,39,38.4,108.6,150,67.4,44.3,16,35.9
SIM-REQ-00790,SIMULATED,SIM-MRISK-2026.1,ENGG,0,RAIL_REPLACEMENT,1,LOW,0,70.1,13.2,95.9,2,10,-9,9,5,180,241,72.0,37,42.7,68.4,120,64.5,79.4,14,60.3
SIM-REQ-00791,SIMULATED,SIM-MRISK-2026.1,TRD,1,OHE_INSPECTION,2,MEDIUM,1,64.9,10.5,65.3,2,5,20,0,6,180,33,53.4,83,79.3,96.9,180,65.8,35.7,2,29.7
SIM-REQ-00792,SIMULATED,SIM-MRISK-2026.1,TRD,1,RAIL_REPLACEMENT,1,LOW,0,69.6,7.9,76.6,1,8,13,0,4,180,154,92.9,62,66.8,55.8,240,48.6,38.4,16,32.1
SIM-REQ-00793,SIMULATED,SIM-MRISK-2026.1,ENGG,0,BALLAST_CLEANING,4,MEDIUM,1,84.8,3.4,64.6,1,8,-2,2,4,60,84,81.4,66,63.0,88.9,180,44.8,67.7,1,31.9
SIM-REQ-00794,SIMULATED,SIM-MRISK-2026.1,OPTG,3,POINT_OVERHAUL,3,MEDIUM,1,67.6,7.1,88.8,1,8,3,0,4,30,12,48.0,96,87.3,90.9,240,49.1,92.9,19,30.4
SIM-REQ-00795,SIMULATED,SIM-MRISK-2026.1,TRD,1,TRACK_TAMPING,0,LOW,0,76.1,11.9,73.2,1,1,1,0,6,30,45,79.6,57,56.3,101.1,120,47.0,69.4,3,31.2
SIM-REQ-00796,SIMULATED,SIM-MRISK-2026.1,ENGG,0,TRACK_TAMPING,0,HIGH,2,82.3,1.6,59.0,1,6,0,0,5,60,20,51.0,99,86.3,124.0,150,45.4,80.1,15,39.2
SIM-REQ-00797,SIMULATED,SIM-MRISK-2026.1,ENGG,0,RAIL_REPLACEMENT,1,LOW,0,88.1,4.8,84.5,1,3,0,0,5,60,33,63.7,20,33.7,117.1,180,44.0,92.4,20,23.7
SIM-REQ-00798,SIMULATED,SIM-MRISK-2026.1,ENGG,0,RAIL_REPLACEMENT,1,LOW,0,72.4,9.7,71.3,1,0,7,0,2,180,278,53.5,96,85.5,40.0,90,47.9,46.1,14,33.0
SIM-REQ-00799,SIMULATED,SIM-MRISK-2026.1,ENGG,0,TRACK_CIRCUIT,5,MEDIUM,1,80.0,4.2,52.2,1,1,0,0,3,180,70,47.9,68,59.9,62.3,120,46.0,60.5,23,25.6
SIM-REQ-00800,SIMULATED,SIM-MRISK-2026.1,SNT,2,WELD_REPAIR,6,MEDIUM,1,48.4,14.2,61.8,1,39,1,0,6,45,50,85.7,77,73.9,151.9,120,53.9,78.0,22,34.8
SIM-REQ-00801,SIMULATED,SIM-MRISK-2026.1,TRD,1,BALLAST_CLEANING,4,MEDIUM,1,100.0,7.7,62.9,1,5,0,0,5,180,267,62.5,61,71.6,75.6,150,41.0,36.0,12,31.7
SIM-REQ-00802,SIMULATED,SIM-MRISK-2026.1,ENGG,0,TRACK_CIRCUIT,5,MEDIUM,1,51.5,13.2,71.4,3,10,18,0,4,90,106,60.3,38,55.8,100.5,240,85.1,73.1,12,52.4
SIM-REQ-00803,SIMULATED,SIM-MRISK-2026.1,SNT,2,BALLAST_CLEANING,4,MEDIUM,1,95.2,7.8,54.0,2,33,1,0,5,60,82,42.5,65,65.9,109.0,60,58.2,87.7,21,42.6
SIM-REQ-00804,SIMULATED,SIM-MRISK-2026.1,ENGG,0,BALLAST_CLEANING,4,HIGH,2,69.0,6.8,50.5,1,22,3,0,3,45,13,55.3,34,49.1,75.5,150,48.8,87.1,22,29.1
SIM-REQ-00805,SIMULATED,SIM-MRISK-2026.1,OPTG,3,TRACK_CIRCUIT,5,LOW,0,51.8,10.1,45.4,2,0,-18,18,4,90,45,53.9,43,57.5,107.4,180,69.0,72.9,2,50.4
SIM-REQ-00806,SIMULATED,SIM-MRISK-2026.1,SNT,2,TRACK_CIRCUIT,5,HIGH,2,40.3,22.8,63.4,2,1,10,0,3,90,93,58.3,22,48.2,73.3,90,71.9,37.8,22,38.1
SIM-REQ-00807,SIMULATED,SIM-MRISK-2026.1,ENGG,0,WELD_REPAIR,6,MEDIUM,1,20.2,32.4,55.8,4,10,5,0,3,60,51,54.8,65,74.1,64.1,90,98.0,93.5,6,70.9
SIM-REQ-00808,SIMULATED,SIM-MRISK-2026.1,SNT,2,POINT_OVERHAUL,3,LOW,0,52.2,12.8,82.8,3,0,3,0,5,90,138,58.4,101,83.5,78.0,90,85.0,63.4,22,57.1
SIM-REQ-00809,SIMULATED,SIM-MRISK-2026.1,OPTG,3,OHE_INSPECTION,2,MEDIUM,1,95.0,7.6,48.6,1,13,8,0,2,90,143,76.8,60,63.6,44.6,240,42.2,63.8,2,25.3
SIM-REQ-00810,SIMULATED,SIM-MRISK-2026.1,ENGG,0,TRACK_TAMPING,0,LOW,0,89.4,10.0,60.3,1,18,9,0,4,180,30,96.6,89,78.3,63.4,60,43.6,37.3,23,28.1
SIM-REQ-00811,SIMULATED,SIM-MRISK-2026.1,ENGG,0,RAIL_REPLACEMENT,1,HIGH,2,64.6,10.7,78.2,1,4,-6,6,5,90,63,96.2,51,58.0,134.1,180,49.9,70.9,15,47.8
SIM-REQ-00812,SIMULATED,SIM-MRISK-2026.1,TRD,1,OHE_INSPECTION,2,LOW,0,82.2,6.7,52.1,2,30,0,0,7,60,67,76.3,78,73.3,113.6,90,61.5,77.1,9,36.6
SIM-REQ-00813,SIMULATED,SIM-MRISK-2026.1,OPTG,3,BALLAST_CLEANING,4,LOW,0,64.0,13.2,74.9,2,0,8,0,4,90,115,62.6,93,76.7,71.7,150,66.0,81.1,5,43.0
SIM-REQ-00814,SIMULATED,SIM-MRISK-2026.1,ENGG,0,OHE_INSPECTION,2,HIGH,2,69.0,3.1,68.3,2,2,-11,11,9,90,100,47.5,80,60.1,233.4,180,64.8,41.4,14,59.4
SIM-REQ-00815,SIMULATED,SIM-MRISK-2026.1,ENGG,0,RAIL_REPLACEMENT,1,MEDIUM,1,60.8,19.4,75.9,1,8,-8,8,3,30,34,93.1,78,79.3,62.5,90,50.8,80.4,20,50.8
SIM-REQ-00816,SIMULATED,SIM-MRISK-2026.1,OPTG,3,RAIL_REPLACEMENT,1,LOW,0,42.2,21.7,85.7,1,27,-14,14,8,30,37,77.5,91,79.6,120.5,60,55.5,82.0,3,56.4
SIM-REQ-00817,SIMULATED,SIM-MRISK-2026.1,TRD,1,TRACK_CIRCUIT,5,MEDIUM,1,56.7,12.3,47.1,1,0,4,0,6,45,69,60.0,89,89.4,65.4,120,51.8,63.7,18,29.0
SIM-REQ-00818,SIMULATED,SIM-MRISK-2026.1,TRD,1,POINT_OVERHAUL,3,MEDIUM,1,69.6,9.8,77.8,2,2,17,0,3,90,127,51.1,25,39.4,61.0,120,64.6,85.0,0,34.7
SIM-REQ-00819,SIMULATED,SIM-MRISK-2026.1,ENGG,0,RAIL_REPLACEMENT,1,LOW,0,53.8,17.2,74.2,1,0,16,0,3,180,11,58.9,82,85.1,57.3,180,52.5,79.3,20,30.5
SIM-REQ-00820,SIMULATED,SIM-MRISK-2026.1,TRD,1,POINT_OVERHAUL,3,LOW,0,100.0,2.9,87.4,2,4,-4,4,2,180,182,83.0,33,35.8,21.3,150,57.0,75.0,16,45.2
SIM-REQ-00821,SIMULATED,SIM-MRISK-2026.1,OPTG,3,RAIL_REPLACEMENT,1,HIGH,2,63.1,11.0,95.7,1,40,5,0,4,45,14,66.8,75,73.8,92.0,150,50.2,89.1,8,38.2
SIM-REQ-00822,SIMULATED,SIM-MRISK-2026.1,OPTG,3,BALLAST_CLEANING,4,MEDIUM,1,67.3,13.0,52.5,1,5,17,0,8,60,15,46.1,92,89.0,92.6,120,49.2,36.3,3,25.7
SIM-REQ-00823,SIMULATED,SIM-MRISK-2026.1,ENGG,0,OHE_INSPECTION,2,MEDIUM,1,89.3,7.2,52.6,1,3,-11,11,3,45,32,68.0,112,91.5,52.5,60,43.7,62.6,19,49.9
SIM-REQ-00824,SIMULATED,SIM-MRISK-2026.1,TRD,1,TRACK_CIRCUIT,5,MEDIUM,1,88.1,9.9,54.6,1,9,0,0,4,45,46,91.8,112,98.0,41.8,90,44.0,92.6,10,34.8
SIM-REQ-00825,SIMULATED,SIM-MRISK-2026.1,ENGG,0,TRACK_TAMPING,0,HIGH,2,44.1,22.0,79.1,2,1,6,0,6,60,18,57.0,74,74.6,107.9,120,71.0,93.3,19,47.9
SIM-REQ-00826,SIMULATED,SIM-MRISK-2026.1,ENGG,0,BALLAST_CLEANING,4,HIGH,2,91.4,5.9,54.3,1,19,6,0,6,180,199,64.9,103,88.2,69.0,180,43.1,51.9,11,30.7
SIM-REQ-00827,SIMULATED,SIM-MRISK-2026.1,TRD,1,OHE_INSPECTION,2,LOW,0,81.1,7.4,62.5,1,21,5,0,4,45,50,72.1,98,87.2,104.4,150,45.7,60.4,7,34.5
SIM-REQ-00828,SIMULATED,SIM-MRISK-2026.1,TRD,1,WELD_REPAIR,6,HIGH,2,71.3,12.8,82.6,1,10,-11,11,5,180,203,79.0,55,58.6,104.8,180,48.2,69.9,15,43.0
SIM-REQ-00829,SIMULATED,SIM-MRISK-2026.1,OPTG,3,OHE_INSPECTION,2,LOW,0,62.5,12.9,62.5,2,10,12,0,3,45,27,78.2,78,69.4,65.4,60,66.4,59.6,24,40.0
SIM-REQ-00830,SIMULATED,SIM-MRISK-2026.1,TRD,1,OHE_INSPECTION,2,HIGH,2,77.2,7.6,66.4,2,15,8,0,4,45,37,81.3,34,46.8,74.5,180,62.7,70.4,4,35.6
SIM-REQ-00831,SIMULATED,SIM-MRISK-2026.1,ENGG,0,TRACK_CIRCUIT,5,MEDIUM,1,78.2,9.8,49.4,2,8,2,0,7,180,240,90.2,108,95.1,94.2,180,62.5,83.8,19,44.8
SIM-REQ-00832,SIMULATED,SIM-MRISK-2026.1,ENGG,0,TRACK_CIRCUIT,5,MEDIUM,1,100.0,6.3,68.5,1,1,3,0,5,60,44,85.4,70,69.6,40.9,90,41.0,89.5,23,30.5
SIM-REQ-00833,SIMULATED,SIM-MRISK-2026.1,TRD,1,BALLAST_CLEANING,4,MEDIUM,1,78.7,4.4,68.2,1,28,-3,3,5,90,132,57.3,100,93.4,126.1,60,46.3,66.7,14,41.4
SIM-REQ-00834,SIMULATED,SIM-MRISK-2026.1,ENGG,0,WELD_REPAIR,6,MEDIUM,1,74.1,8.5,80.7,2,12,12,0,2,180,172,67.0,99,90.2,28.1,180,63.5,61.7,0,41.0
SIM-REQ-00835,SIMULATED,SIM-MRISK-2026.1,ENGG,0,POINT_OVERHAUL,3,MEDIUM,1,91.6,6.5,75.3,1,5,26,0,8,60,29,66.7,82,78.2,188.5,180,43.1,62.1,8,24.9
SIM-REQ-00836,SIMULATED,SIM-MRISK-2026.1,TRD,1,OHE_INSPECTION,2,MEDIUM,1,70.9,10.7,37.2,1,3,-4,4,3,60,76,55.9,103,94.7,69.8,150,48.3,91.4,6,42.2
SIM-REQ-00837,SIMULATED,SIM-MRISK-2026.1,ENGG,0,WELD_REPAIR,6,MEDIUM,1,85.8,6.8,50.4,2,24,9,0,7,90,130,75.6,102,90.8,84.3,180,60.5,88.4,7,42.5
SIM-REQ-00838,SIMULATED,SIM-MRISK-2026.1,ENGG,0,OHE_INSPECTION,2,MEDIUM,1,60.6,12.8,67.0,3,7,7,0,5,30,14,45.1,112,98.0,105.8,60,82.8,74.6,6,55.1
SIM-REQ-00839,SIMULATED,SIM-MRISK-2026.1,SNT,2,TRACK_TAMPING,0,LOW,0,57.7,12.2,84.5,2,0,11,0,1,45,30,57.5,33,49.4,28.4,240,67.6,79.7,5,37.6
SIM-REQ-00840,SIMULATED,SIM-MRISK-2026.1,TRD,1,TRACK_TAMPING,0,LOW,0,15.3,38.0,80.9,2,4,-7,7,6,180,234,72.0,107,98.0,152.2,120,78.2,74.2,15,69.9
SIM-REQ-00841,SIMULATED,SIM-MRISK-2026.1,ENGG,0,RAIL_REPLACEMENT,1,LOW,0,80.0,8.3,97.4,2,12,-7,7,4,30,11,51.9,32,47.0,98.3,240,62.0,83.2,4,51.3
SIM-REQ-00842,SIMULATED,SIM-MRISK-2026.1,ENGG,0,WELD_REPAIR,6,LOW,0,97.3,8.4,64.3,2,10,7,0,5,30,18,95.5,97,80.0,44.1,180,57.7,50.0,1,38.3
SIM-REQ-00843,SIMULATED,SIM-MRISK-2026.1,ENGG,0,POINT_OVERHAUL,3,LOW,0,88.1,8.2,84.4,1,34,6,0,6,90,38,88.4,67,68.2,145.8,60,44.0,86.0,7,31.6
SIM-REQ-00844,SIMULATED,SIM-MRISK-2026.1,SNT,2,WELD_REPAIR,6,MEDIUM,1,100.0,8.6,60.3,2,9,-3,3,6,90,85,62.1,101,88.5,122.2,150,57.0,91.5,9,46.6
SIM-REQ-00845,SIMULATED,SIM-MRISK-2026.1,OPTG,3,OHE_INSPECTION,2,MEDIUM,1,69.6,13.6,64.1,1,20,6,0,9,30,31,77.0,60,59.4,197.0,120,48.6,81.5,8,32.6
SIM-REQ-00846,SIMULATED,SIM-MRISK-2026.1,ENGG,0,TRACK_CIRCUIT,5,MEDIUM,1,64.6,10.5,48.4,2,14,10,0,7,90,29,56.1,51,62.1,185.8,180,65.8,83.5,2,40.3
SIM-REQ-00847,SIMULATED,SIM-MRISK-2026.1,ENGG,0,WELD_REPAIR,6,MEDIUM,1,91.6,4.8,59.0,1,15,4,0,4,45,35,66.5,30,42.5,94.9,150,43.1,94.5,23,24.5
SIM-REQ-00848,SIMULATED,SIM-MRISK-2026.1,TRD,1,WELD_REPAIR,6,MEDIUM,1,81.3,8.7,74.8,1,15,11,0,4,45,66,66.0,39,53.6,101.7,90,45.7,36.0,3,27.8
SIM-REQ-00849,SIMULATED,SIM-MRISK-2026.1,ENGG,0,OHE_INSPECTION,2,MEDIUM,1,75.8,6.5,57.3,1,27,5,0,5,60,50,52.2,27,44.9,123.7,120,47.0,68.8,11,29.9
SIM-REQ-00850,SIMULATED,SIM-MRISK-2026.1,ENGG,0,TRACK_TAMPING,0,MEDIUM,1,62.5,17.2,66.4,1,0,2,0,5,45,36,61.1,51,57.8,95.9,60,50.4,62.6,4,32.6
SIM-REQ-00851,SIMULATED,SIM-MRISK-2026.1,SNT,2,OHE_INSPECTION,2,MEDIUM,1,35.8,13.8,34.0,2,5,14,0,4,45,45,45.4,45,50.6,121.4,180,73.0,87.8,2,34.5
SIM-REQ-00852,SIMULATED,SIM-MRISK-2026.1,ENGG,0,RAIL_REPLACEMENT,1,HIGH,2,61.6,14.7,96.3,3,20,12,0,7,90,46,59.2,99,92.6,182.8,120,82.6,48.9,18,63.0
SIM-REQ-00853,SIMULATED,SIM-MRISK-2026.1,ENGG,0,POINT_OVERHAUL,3,MEDIUM,1,54.9,15.5,89.1,2,57,10,0,2,45,58,91.3,36,45.8,58.5,120,68.3,36.9,18,47.0
SIM-REQ-00854,SIMULATED,SIM-MRISK-2026.1,ENGG,0,TRACK_TAMPING,0,HIGH,2,89.2,8.7,83.6,1,40,10,0,2,60,47,56.8,105,98.0,48.2,120,43.7,51.4,12,34.8
SIM-REQ-00855,SIMULATED,SIM-MRISK-2026.1,OPTG,3,POINT_OVERHAUL,3,MEDIUM,1,66.7,14.8,74.7,2,23,-4,4,6,180,69,82.2,60,66.7,126.9,60,65.3,69.3,16,56.1
SIM-REQ-00856,SIMULATED,SIM-MRISK-2026.1,SNT,2,RAIL_REPLACEMENT,1,MEDIUM,1,90.5,11.5,73.7,1,15,-14,14,9,30,37,75.0,88,88.0,149.9,180,43.4,50.3,11,54.9
SIM-REQ-00857,SIMULATED,SIM-MRISK-2026.1,ENGG,0,TRACK_TAMPING,0,MEDIUM,1,54.7,8.3,71.3,1,36,6,0,8,180,285,69.2,53,55.7,187.0,90,52.3,40.6,9,32.6
SIM-REQ-00858,SIMULATED,SIM-MRISK-2026.1,ENGG,0,TRACK_TAMPING,0,MEDIUM,1,94.0,11.2,52.0,1,36,12,0,6,90,129,57.7,22,40.2,71.1,90,42.5,57.2,13,21.3
SIM-REQ-00859,SIMULATED,SIM-MRISK-2026.1,ENGG,0,POINT_OVERHAUL,3,HIGH,2,68.1,13.5,96.5,2,22,13,0,5,45,25,96.8,60,66.6,85.7,240,65.0,57.5,1,43.7
SIM-REQ-00860,SIMULATED,SIM-MRISK-2026.1,ENGG,0,TRACK_CIRCUIT,5,HIGH,2,71.0,17.4,44.6,1,29,7,0,7,30,30,61.9,41,48.4,123.4,120,48.2,64.2,22,21.0
SIM-REQ-00861,SIMULATED,SIM-MRISK-2026.1,ENGG,0,BALLAST_CLEANING,4,MEDIUM,1,50.9,11.5,81.1,3,16,6,0,5,180,15,80.5,20,43.4,74.5,240,85.3,43.9,13,48.6
SIM-REQ-00862,SIMULATED,SIM-MRISK-2026.1,TRD,1,BALLAST_CLEANING,4,LOW,0,100.0,1.3,53.0,2,9,24,0,8,45,18,60.1,85,73.0,106.3,90,57.0,67.3,10,35.5
SIM-REQ-00863,SIMULATED,SIM-MRISK-2026.1,SNT,2,RAIL_REPLACEMENT,1,MEDIUM,1,69.5,8.8,89.2,1,13,15,0,3,60,64,46.7,49,58.7,53.0,60,48.6,92.4,5,29.0
SIM-REQ-00864,SIMULATED,SIM-MRISK-2026.1,TRD,1,POINT_OVERHAUL,3,MEDIUM,1,64.1,10.2,93.3,2,90,-5,5,5,180,16,52.7,68,66.3,70.7,60,66.0,64.0,12,66.0
SIM-REQ-00865,SIMULATED,SIM-MRISK-2026.1,TRD,1,OHE_INSPECTION,2,LOW,0,63.2,7.5,37.7,3,11,0,0,4,90,140,79.2,70,70.3,92.4,150,82.2,38.4,17,52.1
SIM-REQ-00866,SIMULATED,SIM-MRISK-2026.1,ENGG,0,TRACK_CIRCUIT,5,MEDIUM,1,80.2,10.6,36.9,1,5,17,0,3,60,26,59.2,62,62.4,48.2,240,46.0,91.4,22,19.3
SIM-REQ-00867,SIMULATED,SIM-MRISK-2026.1,ENGG,0,WELD_REPAIR,6,MEDIUM,1,75.1,4.6,57.2,2,10,15,0,3,30,38,82.3,71,72.7,47.5,240,63.2,72.9,11,39.9
SIM-REQ-00868,SIMULATED,SIM-MRISK-2026.1,TRD,1,WELD_REPAIR,6,MEDIUM,1,63.6,5.7,58.4,2,3,26,0,8,90,38,94.3,51,50.5,80.6,180,66.1,39.1,14,34.7
SIM-REQ-00869,SIMULATED,SIM-MRISK-2026.1,TRD,1,WELD_REPAIR,6,LOW,0,64.8,10.4,50.0,2,13,8,0,4,60,77,47.0,42,47.7,62.2,240,65.8,68.9,2,32.1
SIM-REQ-00870,SIMULATED,SIM-MRISK-2026.1,ENGG,0,WELD_REPAIR,6,LOW,0,57.6,13.1,59.5,2,8,3,0,7,180,49,67.5,73,74.9,90.0,120,67.6,55.2,22,44.0
SIM-REQ-00871,SIMULATED,SIM-MRISK-2026.1,ENGG,0,TRACK_CIRCUIT,5,MEDIUM,1,73.0,8.4,44.8,1,18,15,0,4,90,139,97.2,61,60.2,96.8,240,47.8,64.0,14,21.2
SIM-REQ-00872,SIMULATED,SIM-MRISK-2026.1,ENGG,0,BALLAST_CLEANING,4,LOW,0,83.6,12.2,75.7,1,22,-9,9,7,30,39,72.4,100,85.1,140.2,180,45.1,61.4,0,53.6
SIM-REQ-00873,SIMULATED,SIM-MRISK-2026.1,TRD,1,BALLAST_CLEANING,4,LOW,0,84.2,10.0,74.2,1,14,12,0,7,30,27,69.7,97,89.3,77.9,240,45.0,53.1,10,30.2
SIM-REQ-00874,SIMULATED,SIM-MRISK-2026.1,TRD,1,WELD_REPAIR,6,MEDIUM,1,65.0,7.2,51.1,1,44,22,0,5,30,12,59.1,64,64.5,66.4,90,49.8,87.0,14,27.1
SIM-REQ-00875,SIMULATED,SIM-MRISK-2026.1,ENGG,0,OHE_INSPECTION,2,LOW,0,50.2,18.3,37.1,2,11,4,0,5,30,18,80.3,57,64.0,106.1,240,69.5,81.3,21,36.7
SIM-REQ-00876,SIMULATED,SIM-MRISK-2026.1,ENGG,0,RAIL_REPLACEMENT,1,MEDIUM,1,83.5,7.4,70.3,2,16,24,0,1,60,26,43.1,65,65.4,17.1,180,61.1,91.2,0,32.6
SIM-REQ-00877,SIMULATED,SIM-MRISK-2026.1,SNT,2,BALLAST_CLEANING,4,MEDIUM,1,38.4,17.0,82.1,2,56,18,0,4,90,143,94.4,48,58.2,58.9,120,72.4,47.7,18,47.4
SIM-REQ-00878,SIMULATED,SIM-MRISK-2026.1,TRD,1,OHE_INSPECTION,2,MEDIUM,1,62.7,23.9,73.3,2,17,11,0,2,30,24,57.9,100,95.9,44.9,180,66.3,71.3,18,41.2
SIM-REQ-00879,SIMULATED,SIM-MRISK-2026.1,ENGG,0,TRACK_CIRCUIT,5,LOW,0,76.6,10.5,46.2,2,29,11,0,7,60,83,56.1,38,45.9,74.0,150,62.9,85.1,10,33.5
SIM-REQ-00880,SIMULATED,SIM-MRISK-2026.1,ENGG,0,TRACK_TAMPING,0,HIGH,2,72.5,10.3,58.9,2,1,10,0,4,90,63,93.1,103,98.0,77.0,60,63.9,91.2,11,37.3
SIM-REQ-00881,SIMULATED,SIM-MRISK-2026.1,TRD,1,OHE_INSPECTION,2,HIGH,2,65.6,14.3,58.0,1,1,-4,4,4,90,103,61.8,111,98.0,80.2,120,49.6,93.8,24,42.6
SIM-REQ-00882,SIMULATED,SIM-MRISK-2026.1,TRD,1,RAIL_REPLACEMENT,1,LOW,0,58.1,11.5,84.8,2,1,7,0,3,45,53,65.5,107,96.3,61.3,150,67.5,91.8,8,47.1
SIM-REQ-00883,SIMULATED,SIM-MRISK-2026.1,ENGG,0,POINT_OVERHAUL,3,MEDIUM,1,89.6,6.9,84.2,1,11,19,0,3,45,65,64.6,109,93.0,64.4,180,43.6,71.3,20,32.0
SIM-REQ-00884,SIMULATED,SIM-MRISK-2026.1,SNT,2,RAIL_REPLACEMENT,1,LOW,0,68.4,13.2,90.0,1,2,12,0,2,30,45,96.4,110,94.9,36.7,150,48.9,72.5,15,37.0
SIM-REQ-00885,SIMULATED,SIM-MRISK-2026.1,TRD,1,POINT_OVERHAUL,3,MEDIUM,1,79.9,7.5,96.2,1,11,-4,4,3,90,109,59.9,37,49.6,58.7,60,46.0,50.3,19,41.9
SIM-REQ-00886,SIMULATED,SIM-MRISK-2026.1,ENGG,0,OHE_INSPECTION,2,MEDIUM,1,60.7,11.1,66.5,3,20,27,0,0,45,28,86.6,79,81.7,15.7,60,82.8,42.6,7,45.6
SIM-REQ-00887,SIMULATED,SIM-MRISK-2026.1,TRD,1,BALLAST_CLEANING,4,HIGH,2,73.5,4.2,69.8,1,1,-3,3,4,45,62,61.7,106,92.7,95.3,180,47.6,77.8,3,43.6
SIM-REQ-00888,SIMULATED,SIM-MRISK-2026.1,ENGG,0,WELD_REPAIR,6,MEDIUM,1,83.9,6.8,73.0,1,8,-11,11,4,30,25,56.5,100,81.2,79.7,60,45.0,61.0,16,54.0
SIM-REQ-00889,SIMULATED,SIM-MRISK-2026.1,TRD,1,WELD_REPAIR,6,LOW,0,94.9,6.8,84.0,1,32,12,0,2,30,18,78.8,72,69.9,37.2,60,42.3,77.7,3,31.3
SIM-REQ-00890,SIMULATED,SIM-MRISK-2026.1,ENGG,0,TRACK_CIRCUIT,5,LOW,0,72.4,10.9,62.7,1,18,5,0,7,45,20,77.7,71,75.3,157.6,60,47.9,61.6,10,33.1
SIM-REQ-00891,SIMULATED,SIM-MRISK-2026.1,ENGG,0,TRACK_TAMPING,0,MEDIUM,1,57.0,18.7,64.7,2,30,13,0,6,60,22,49.9,53,61.0,109.1,90,67.8,87.7,23,38.5
SIM-REQ-00892,SIMULATED,SIM-MRISK-2026.1,SNT,2,TRACK_TAMPING,0,MEDIUM,1,68.8,15.0,62.3,2,43,0,0,6,30,22,89.5,63,67.9,125.7,180,64.8,59.7,9,45.1
SIM-REQ-00893,SIMULATED,SIM-MRISK-2026.1,ENGG,0,POINT_OVERHAUL,3,MEDIUM,1,43.1,9.0,76.3,2,9,-2,2,5,60,90,51.8,104,92.6,140.6,180,71.2,46.4,17,55.1
SIM-REQ-00894,SIMULATED,SIM-MRISK-2026.1,OPTG,3,TRACK_CIRCUIT,5,MEDIUM,1,67.1,5.8,68.3,1,4,13,0,5,30,32,64.0,28,29.6,60.9,180,49.2,41.8,12,32.5
SIM-REQ-00895,SIMULATED,SIM-MRISK-2026.1,ENGG,0,TRACK_TAMPING,0,HIGH,2,100.0,3.9,62.5,1,5,1,0,2,30,21,70.3,67,70.9,46.0,150,41.0,84.0,18,29.7
SIM-REQ-00896,SIMULATED,SIM-MRISK-2026.1,TRD,1,BALLAST_CLEANING,4,LOW,0,64.8,5.1,67.6,2,23,-5,5,10,30,38,55.2,38,39.2,225.5,60,65.8,37.5,18,50.6
SIM-REQ-00897,SIMULATED,SIM-MRISK-2026.1,SNT,2,RAIL_REPLACEMENT,1,HIGH,2,43.8,19.9,92.0,2,0,4,0,2,30,30,79.8,80,73.6,41.7,90,71.0,82.1,17,43.4
SIM-REQ-00898,SIMULATED,SIM-MRISK-2026.1,ENGG,0,TRACK_CIRCUIT,5,MEDIUM,1,75.2,6.6,45.1,2,10,8,0,2,90,55,96.8,111,87.6,50.3,120,63.2,75.9,5,41.0
SIM-REQ-00899,SIMULATED,SIM-MRISK-2026.1,SNT,2,RAIL_REPLACEMENT,1,MEDIUM,1,63.7,14.1,87.0,1,3,0,0,7,45,53,42.7,64,67.1,156.5,150,50.1,76.7,8,35.1
SIM-REQ-00900,SIMULATED,SIM-MRISK-2026.1,ENGG,0,BALLAST_CLEANING,4,LOW,0,82.4,5.7,62.2,1,16,14,0,7,30,45,91.3,40,52.4,128.9,180,45.4,51.9,9,20.4
SIM-REQ-00901,SIMULATED,SIM-MRISK-2026.1,ENGG,0,TRACK_TAMPING,0,MEDIUM,1,46.2,19.3,54.4,1,14,21,0,5,60,81,97.7,90,81.9,77.2,180,54.5,85.2,18,32.6
SIM-REQ-00902,SIMULATED,SIM-MRISK-2026.1,ENGG,0,POINT_OVERHAUL,3,MEDIUM,1,77.4,3.1,79.1,1,9,-4,4,3,180,211,77.4,78,74.6,52.4,60,46.6,38.0,19,39.6
SIM-REQ-00903,SIMULATED,SIM-MRISK-2026.1,OPTG,3,BALLAST_CLEANING,4,LOW,0,70.4,6.6,60.7,1,22,-2,2,4,45,71,88.1,54,59.9,64.4,120,48.4,43.3,24,36.9
SIM-REQ-00904,SIMULATED,SIM-MRISK-2026.1,ENGG,0,POINT_OVERHAUL,3,MEDIUM,1,89.7,7.3,80.3,2,23,18,0,4,60,42,50.9,114,98.0,79.2,90,59.6,67.4,20,46.1
SIM-REQ-00905,SIMULATED,SIM-MRISK-2026.1,ENGG,0,RAIL_REPLACEMENT,1,LOW,0,69.6,9.8,86.8,2,58,-19,19,8,180,225,50.2,85,86.3,155.0,240,64.6,53.5,21,69.6
SIM-REQ-00906,SIMULATED,SIM-MRISK-2026.1,ENGG,0,POINT_OVERHAUL,3,LOW,0,79.3,6.3,82.8,1,7,16,0,3,180,133,67.3,38,50.7,75.9,150,46.2,78.3,12,25.2
SIM-REQ-00907,SIMULATED,SIM-MRISK-2026.1,ENGG,0,RAIL_REPLACEMENT,1,LOW,0,67.6,10.3,87.0,1,0,-4,4,7,60,22,89.5,40,49.3,81.2,240,49.1,94.8,8,42.6
SIM-REQ-00908,SIMULATED,SIM-MRISK-2026.1,ENGG,0,OHE_INSPECTION,2,MEDIUM,1,79.4,7.3,64.5,1,15,30,0,4,180,133,92.2,101,87.4,49.5,240,46.1,69.3,8,33.1
SIM-REQ-00909,SIMULATED,SIM-MRISK-2026.1,TRD,1,POINT_OVERHAUL,3,MEDIUM,1,74.8,12.3,77.8,1,0,17,0,1,180,171,80.4,56,62.0,28.9,180,47.3,55.0,13,30.5
SIM-REQ-00910,SIMULATED,SIM-MRISK-2026.1,ENGG,0,TRACK_TAMPING,0,MEDIUM,1,76.0,2.9,77.1,1,13,5,0,1,180,143,60.7,46,59.4,21.4,240,47.0,78.6,12,24.8
SIM-REQ-00911,SIMULATED,SIM-MRISK-2026.1,SNT,2,TRACK_CIRCUIT,5,MEDIUM,1,67.8,16.3,65.9,1,3,-4,4,2,30,28,54.6,67,70.7,46.4,60,49.0,75.5,19,38.2
SIM-REQ-00912,SIMULATED,SIM-MRISK-2026.1,TRD,1,BALLAST_CLEANING,4,HIGH,2,47.5,14.2,62.5,1,32,4,0,4,60,26,82.2,87,77.1,99.4,180,54.1,62.8,16,35.4
SIM-REQ-00913,SIMULATED,SIM-MRISK-2026.1,TRD,1,TRACK_CIRCUIT,5,MEDIUM,1,93.8,4.8,41.1,2,7,4,0,4,90,15,61.9,61,49.1,79.0,90,58.5,59.2,4,30.2
SIM-REQ-00914,SIMULATED,SIM-MRISK-2026.1,ENGG,0,RAIL_REPLACEMENT,1,LOW,0,100.0,3.5,96.6,2,25,4,0,3,90,126,75.4,36,41.0,29.3,120,57.0,72.1,9,40.2
SIM-REQ-00915,SIMULATED,SIM-MRISK-2026.1,SNT,2,RAIL_REPLACEMENT,1,MEDIUM,1,42.3,19.5,78.5,1,18,-4,4,2,45,15,69.6,86,73.6,52.1,120,55.4,38.0,24,52.2
SIM-REQ-00916,SIMULATED,SIM-MRISK-2026.1,TRD,1,OHE_INSPECTION,2,MEDIUM,1,85.8,6.4,44.5,2,12,-12,12,3,90,33,49.5,75,77.6,74.2,180,60.5,85.6,11,47.7
SIM-REQ-00917,SIMULATED,SIM-MRISK-2026.1,ENGG,0,TRACK_TAMPING,0,MEDIUM,1,78.4,11.6,51.3,2,19,16,0,1,45,55,75.9,93,90.3,31.0,150,62.4,72.6,10,34.5
SIM-REQ-00918,SIMULATED,SIM-MRISK-2026.1,ENGG,0,TRACK_TAMPING,0,HIGH,2,87.1,11.9,83.0,2,4,-19,19,3,30,40,87.1,114,95.4,31.0,240,60.2,59.3,24,62.2
SIM-REQ-00919,SIMULATED,SIM-MRISK-2026.1,ENGG,0,POINT_OVERHAUL,3,MEDIUM,1,53.0,14.1,88.4,2,4,4,0,6,60,25,47.2,41,50.2,157.4,60,68.8,65.6,10,41.6
SIM-REQ-00920,SIMULATED,SIM-MRISK-2026.1,TRD,1,RAIL_REPLACEMENT,1,MEDIUM,1,78.3,3.8,79.6,1,33,0,0,10,60,95,45.3,73,73.3,237.2,240,46.4,37.1,5,34.4
SIM-REQ-00921,SIMULATED,SIM-MRISK-2026.1,SNT,2,TRACK_CIRCUIT,5,MEDIUM,1,71.5,3.7,37.2,2,12,-8,8,7,45,46,94.8,42,54.7,145.8,240,64.1,70.5,23,53.0
SIM-REQ-00922,SIMULATED,SIM-MRISK-2026.1,ENGG,0,TRACK_TAMPING,0,HIGH,2,38.9,24.2,52.0,2,11,-10,10,6,60,65,88.2,90,84.4,116.7,180,72.3,90.6,21,65.6
SIM-REQ-00923,SIMULATED,SIM-MRISK-2026.1,ENGG,0,RAIL_REPLACEMENT,1,LOW,0,61.2,20.3,76.9,1,1,-2,2,1,45,59,86.3,23,35.3,32.1,240,50.7,42.3,18,36.8
SIM-REQ-00924,SIMULATED,SIM-MRISK-2026.1,ENGG,0,BALLAST_CLEANING,4,HIGH,2,93.4,3.5,64.5,1,3,-7,7,5,60,55,68.2,67,73.4,112.6,180,42.6,78.1,6,38.5
SIM-REQ-00925,SIMULATED,SIM-MRISK-2026.1,ENGG,0,POINT_OVERHAUL,3,LOW,0,73.0,7.2,85.2,1,13,-10,10,3,30,12,53.7,90,82.0,59.7,180,47.8,72.4,11,53.3
SIM-REQ-00926,SIMULATED,SIM-MRISK-2026.1,SNT,2,POINT_OVERHAUL,3,MEDIUM,1,93.7,4.4,73.6,1,4,17,0,3,60,40,56.4,47,51.9,53.5,180,42.6,83.4,7,23.7
SIM-REQ-00927,SIMULATED,SIM-MRISK-2026.1,ENGG,0,TRACK_TAMPING,0,MEDIUM,1,51.5,13.9,68.0,1,11,10,0,6,180,44,67.7,76,78.7,107.9,60,53.1,85.6,14,34.5
SIM-REQ-00928,SIMULATED,SIM-MRISK-2026.1,ENGG,0,WELD_REPAIR,6,MEDIUM,1,59.2,18.7,81.9,2,4,-3,3,5,180,161,58.7,90,83.4,75.1,240,67.2,55.1,3,50.2
SIM-REQ-00929,SIMULATED,SIM-MRISK-2026.1,TRD,1,WELD_REPAIR,6,MEDIUM,1,86.0,8.2,56.7,1,17,11,0,5,180,77,90.1,67,74.5,74.1,90,44.5,60.0,2,26.8
SIM-REQ-00930,SIMULATED,SIM-MRISK-2026.1,ENGG,0,WELD_REPAIR,6,HIGH,2,92.2,6.8,62.6,2,5,-2,2,4,45,31,63.8,67,66.4,90.3,180,59.0,41.7,5,40.0
SIM-REQ-00931,SIMULATED,SIM-MRISK-2026.1,ENGG,0,TRACK_CIRCUIT,5,MEDIUM,1,80.6,10.4,73.1,1,15,4,0,5,180,278,82.2,82,78.5,52.9,180,45.9,43.7,22,36.6
SIM-REQ-00932,SIMULATED,SIM-MRISK-2026.1,SNT,2,BALLAST_CLEANING,4,HIGH,2,81.6,11.3,72.5,1,0,-13,13,6,180,28,40.9,88,84.9,91.3,240,45.6,68.1,21,47.2
SIM-REQ-00933,SIMULATED,SIM-MRISK-2026.1,ENGG,0,TRACK_CIRCUIT,5,MEDIUM,1,56.5,9.4,74.9,1,31,10,0,6,30,47,92.5,54,64.0,107.4,120,51.9,78.6,4,28.3
SIM-REQ-00934,SIMULATED,SIM-MRISK-2026.1,ENGG,0,TRACK_CIRCUIT,5,HIGH,2,60.6,15.0,52.3,2,1,-9,9,4,45,46,66.0,79,79.1,92.2,60,66.8,37.3,9,53.1
SIM-REQ-00935,SIMULATED,SIM-MRISK-2026.1,ENGG,0,POINT_OVERHAUL,3,MEDIUM,1,88.3,4.8,75.4,1,0,12,0,1,60,35,93.8,40,57.9,27.3,150,43.9,79.7,1,25.0
SIM-REQ-00936,SIMULATED,SIM-MRISK-2026.1,ENGG,0,POINT_OVERHAUL,3,MEDIUM,1,64.1,13.9,74.4,1,3,7,0,3,180,62,50.7,80,77.6,38.6,180,50.0,59.4,2,26.6
SIM-REQ-00937,SIMULATED,SIM-MRISK-2026.1,ENGG,0,BALLAST_CLEANING,4,HIGH,2,100.0,1.1,84.1,1,2,9,0,8,60,74,43.1,75,69.1,79.3,120,41.0,75.4,19,30.3
SIM-REQ-00938,SIMULATED,SIM-MRISK-2026.1,SNT,2,BALLAST_CLEANING,4,LOW,0,55.7,16.5,57.8,2,2,15,0,7,60,56,77.4,97,87.5,84.1,150,68.1,75.7,9,41.3
SIM-REQ-00939,SIMULATED,SIM-MRISK-2026.1,OPTG,3,TRACK_CIRCUIT,5,HIGH,2,80.3,13.2,59.2,1,1,5,0,4,30,19,43.2,110,98.0,61.9,60,45.9,80.9,20,32.0
SIM-REQ-00940,SIMULATED,SIM-MRISK-2026.1,SNT,2,POINT_OVERHAUL,3,LOW,0,77.8,5.7,88.4,2,47,18,0,5,60,90,60.1,82,85.4,72.1,60,62.5,70.8,1,44.7
SIM-REQ-00941,SIMULATED,SIM-MRISK-2026.1,ENGG,0,OHE_INSPECTION,2,HIGH,2,87.6,5.5,54.1,1,31,2,0,6,180,126,52.5,32,41.5,66.1,60,44.1,81.5,8,24.8
SIM-REQ-00942,SIMULATED,SIM-MRISK-2026.1,ENGG,0,TRACK_CIRCUIT,5,HIGH,2,99.5,5.3,35.0,2,3,-5,5,4,30,12,79.8,71,71.1,39.9,150,57.1,45.9,1,44.6
SIM-REQ-00943,SIMULATED,SIM-MRISK-2026.1,ENGG,0,WELD_REPAIR,6,HIGH,2,51.2,27.9,69.5,2,16,9,0,5,90,79,85.4,30,43.2,90.3,90,69.2,35.7,0,43.5
SIM-REQ-00944,SIMULATED,SIM-MRISK-2026.1,SNT,2,OHE_INSPECTION,2,MEDIUM,1,47.3,14.2,42.4,1,15,16,0,6,45,21,56.6,55,66.4,163.5,240,54.2,58.4,15,22.7
SIM-REQ-00945,SIMULATED,SIM-MRISK-2026.1,OPTG,3,TRACK_CIRCUIT,5,MEDIUM,1,83.6,2.1,51.9,1,13,-5,5,4,60,74,59.6,31,46.4,56.1,120,45.1,71.3,23,39.0
SIM-REQ-00946,SIMULATED,SIM-MRISK-2026.1,TRD,1,OHE_INSPECTION,2,MEDIUM,1,10.0,35.0,64.8,3,8,5,0,8,90,106,51.7,105,92.3,124.5,90,95.5,71.7,18,64.6
SIM-REQ-00947,SIMULATED,SIM-MRISK-2026.1,TRD,1,TRACK_CIRCUIT,5,MEDIUM,1,100.0,2.1,74.3,1,2,1,0,5,30,13,57.7,44,54.5,64.9,150,41.0,51.3,14,25.5
SIM-REQ-00948,SIMULATED,SIM-MRISK-2026.1,SNT,2,TRACK_TAMPING,0,MEDIUM,1,42.0,23.7,76.9,3,0,10,0,5,60,38,68.8,89,81.9,97.4,240,87.5,80.7,4,54.8
SIM-REQ-00949,SIMULATED,SIM-MRISK-2026.1,TRD,1,RAIL_REPLACEMENT,1,MEDIUM,1,61.8,10.6,92.2,2,19,-3,3,3,30,19,95.6,81,73.1,57.7,120,66.5,52.8,6,56.5
SIM-REQ-00950,SIMULATED,SIM-MRISK-2026.1,OPTG,3,WELD_REPAIR,6,MEDIUM,1,84.6,5.9,84.7,1,24,-16,16,3,30,23,76.0,29,36.1,41.1,90,44.9,45.3,8,48.3
SIM-REQ-00951,SIMULATED,SIM-MRISK-2026.1,ENGG,0,TRACK_CIRCUIT,5,HIGH,2,95.9,2.0,54.9,1,26,3,0,3,45,49,49.6,71,67.8,34.7,150,42.0,41.8,22,29.1
SIM-REQ-00952,SIMULATED,SIM-MRISK-2026.1,SNT,2,TRACK_CIRCUIT,5,MEDIUM,1,62.6,16.0,60.4,2,16,-1,1,4,60,94,96.6,72,66.1,61.3,120,66.3,56.8,10,47.0
SIM-REQ-00953,SIMULATED,SIM-MRISK-2026.1,SNT,2,OHE_INSPECTION,2,LOW,0,89.1,3.2,59.6,1,9,32,0,3,30,24,59.0,75,77.5,71.3,90,43.7,75.1,0,26.0
SIM-REQ-00954,SIMULATED,SIM-MRISK-2026.1,SNT,2,TRACK_CIRCUIT,5,MEDIUM,1,66.7,4.4,57.2,1,16,21,0,9,30,33,75.2,108,90.0,163.6,90,49.3,84.1,10,32.8
SIM-REQ-00955,SIMULATED,SIM-MRISK-2026.1,ENGG,0,WELD_REPAIR,6,HIGH,2,68.3,9.9,64.3,1,4,19,0,3,60,52,46.4,95,91.6,62.7,120,48.9,90.0,14,30.6
SIM-REQ-00956,SIMULATED,SIM-MRISK-2026.1,ENGG,0,TRACK_TAMPING,0,HIGH,2,73.3,9.7,50.6,2,47,1,0,4,90,28,56.9,38,49.0,82.7,150,63.7,69.7,6,42.4
SIM-REQ-00957,SIMULATED,SIM-MRISK-2026.1,ENGG,0,BALLAST_CLEANING,4,MEDIUM,1,39.1,20.3,61.9,2,4,20,0,9,90,120,73.3,108,89.2,247.9,120,72.2,68.0,5,46.9
SIM-REQ-00958,SIMULATED,SIM-MRISK-2026.1,ENGG,0,TRACK_TAMPING,0,HIGH,2,54.2,11.6,81.7,2,10,11,0,6,45,16,93.1,68,73.6,158.0,240,68.5,67.6,16,41.1
SIM-REQ-00959,SIMULATED,SIM-MRISK-2026.1,ENGG,0,WELD_REPAIR,6,LOW,0,100.0,4.4,50.6,2,12,6,0,2,180,120,92.8,60,64.8,20.3,60,57.0,42.5,14,31.6
SIM-REQ-00960,SIMULATED,SIM-MRISK-2026.1,SNT,2,OHE_INSPECTION,2,LOW,0,100.0,3.7,72.2,1,0,10,0,2,60,78,93.6,90,80.7,17.4,150,41.0,83.3,21,22.2
SIM-REQ-00961,SIMULATED,SIM-MRISK-2026.1,ENGG,0,OHE_INSPECTION,2,LOW,0,72.0,11.4,48.3,1,0,5,0,4,180,36,61.3,48,43.3,81.8,150,48.0,72.4,20,24.9
SIM-REQ-00962,SIMULATED,SIM-MRISK-2026.1,ENGG,0,TRACK_TAMPING,0,LOW,0,84.9,10.4,84.0,1,1,1,0,4,45,45,91.4,109,95.2,78.0,240,44.8,93.7,10,36.6
SIM-REQ-00963,SIMULATED,SIM-MRISK-2026.1,ENGG,0,RAIL_REPLACEMENT,1,LOW,0,60.7,9.4,79.5,3,6,22,0,6,45,17,92.0,114,98.0,120.1,240,82.8,45.0,13,56.7
SIM-REQ-00964,SIMULATED,SIM-MRISK-2026.1,TRD,1,TRACK_TAMPING,0,MEDIUM,1,48.4,18.9,66.5,1,12,5,0,3,60,82,58.4,42,60.0,87.8,120,53.9,64.4,8,29.9
SIM-REQ-00965,SIMULATED,SIM-MRISK-2026.1,ENGG,0,POINT_OVERHAUL,3,HIGH,2,39.5,21.7,79.0,2,12,5,0,8,90,76,66.3,41,53.1,223.5,150,72.1,35.7,23,47.4
SIM-REQ-00966,SIMULATED,SIM-MRISK-2026.1,SNT,2,TRACK_CIRCUIT,5,LOW,0,93.3,6.3,30.2,2,9,-1,1,2,90,108,86.4,88,77.2,43.9,120,58.7,78.5,3,36.4
SIM-REQ-00967,SIMULATED,SIM-MRISK-2026.1,SNT,2,OHE_INSPECTION,2,HIGH,2,76.1,13.8,38.6,1,9,6,0,8,30,16,62.5,112,98.0,149.1,240,47.0,77.2,20,33.1
SIM-REQ-00968,SIMULATED,SIM-MRISK-2026.1,ENGG,0,TRACK_CIRCUIT,5,HIGH,2,86.1,4.8,50.3,2,6,5,0,3,180,205,59.2,55,59.4,47.3,150,60.5,62.4,7,34.4
SIM-REQ-00969,SIMULATED,SIM-MRISK-2026.1,ENGG,0,OHE_INSPECTION,2,HIGH,2,67.7,7.3,43.7,1,3,-7,7,2,30,32,46.9,45,58.1,31.6,90,49.1,42.4,22,32.6
SIM-REQ-00970,SIMULATED,SIM-MRISK-2026.1,TRD,1,POINT_OVERHAUL,3,MEDIUM,1,97.3,5.9,79.4,1,12,6,0,3,180,120,97.0,63,52.8,52.0,240,41.7,38.4,19,23.3
SIM-REQ-00971,SIMULATED,SIM-MRISK-2026.1,ENGG,0,TRACK_TAMPING,0,MEDIUM,1,85.9,14.8,83.1,1,1,20,0,8,30,34,83.2,90,81.4,132.2,180,44.5,82.5,19,27.0
SIM-REQ-00972,SIMULATED,SIM-MRISK-2026.1,ENGG,0,POINT_OVERHAUL,3,MEDIUM,1,58.9,3.5,84.2,2,1,4,0,8,60,52,76.8,92,87.0,173.1,90,67.3,77.0,12,47.5
SIM-REQ-00973,SIMULATED,SIM-MRISK-2026.1,TRD,1,BALLAST_CLEANING,4,HIGH,2,63.7,11.0,75.3,2,11,13,0,3,180,182,87.0,78,80.0,78.6,240,66.1,65.1,12,41.1
SIM-REQ-00974,SIMULATED,SIM-MRISK-2026.1,ENGG,0,RAIL_REPLACEMENT,1,MEDIUM,1,94.6,7.3,79.4,1,1,-1,1,5,60,93,52.1,103,89.1,101.5,180,42.4,56.6,16,45.6
SIM-REQ-00975,SIMULATED,SIM-MRISK-2026.1,ENGG,0,WELD_REPAIR,6,MEDIUM,1,71.5,6.2,64.9,2,2,4,0,3,45,53,61.3,51,59.4,83.0,180,64.1,75.4,24,38.6
SIM-REQ-00976,SIMULATED,SIM-MRISK-2026.1,ENGG,0,TRACK_TAMPING,0,HIGH,2,74.4,10.0,71.2,1,19,2,0,7,90,92,73.6,23,43.1,183.5,150,47.4,79.6,23,23.3
SIM-REQ-00977,SIMULATED,SIM-MRISK-2026.1,ENGG,0,OHE_INSPECTION,2,MEDIUM,1,82.2,13.0,73.3,2,5,22,0,3,30,28,53.7,26,44.4,68.1,90,61.5,92.6,1,28.4
SIM-REQ-00978,SIMULATED,SIM-MRISK-2026.1,SNT,2,RAIL_REPLACEMENT,1,MEDIUM,1,85.8,8.2,77.5,1,21,-6,6,5,90,79,40.7,100,93.0,75.6,180,44.5,80.7,18,45.5
SIM-REQ-00979,SIMULATED,SIM-MRISK-2026.1,ENGG,0,BALLAST_CLEANING,4,LOW,0,63.5,16.3,63.5,1,12,0,0,11,60,43,77.4,98,86.9,250.6,120,50.1,71.4,0,36.5
SIM-REQ-00980,SIMULATED,SIM-MRISK-2026.1,OPTG,3,TRACK_CIRCUIT,5,LOW,0,82.2,1.7,33.0,1,15,0,0,7,30,43,96.3,30,50.9,142.6,120,45.5,81.0,12,25.3
SIM-REQ-00981,SIMULATED,SIM-MRISK-2026.1,TRD,1,TRACK_CIRCUIT,5,MEDIUM,1,85.5,6.5,73.8,1,13,-8,8,1,60,80,59.5,82,79.0,20.9,180,44.6,74.0,9,39.8
SIM-REQ-00982,SIMULATED,SIM-MRISK-2026.1,ENGG,0,POINT_OVERHAUL,3,MEDIUM,1,46.4,20.7,71.3,2,6,8,0,7,30,30,60.9,40,49.6,105.5,180,70.4,83.4,20,41.0
SIM-REQ-00983,SIMULATED,SIM-MRISK-2026.1,TRD,1,WELD_REPAIR,6,LOW,0,88.9,9.4,84.8,1,0,-10,10,6,30,13,50.4,42,50.4,72.6,180,43.8,84.4,24,42.7
SIM-REQ-00984,SIMULATED,SIM-MRISK-2026.1,OPTG,3,POINT_OVERHAUL,3,LOW,0,73.5,10.7,88.4,1,6,14,0,5,90,64,58.5,40,52.1,66.7,120,47.6,90.2,3,29.4
SIM-REQ-00985,SIMULATED,SIM-MRISK-2026.1,TRD,1,TRACK_TAMPING,0,HIGH,2,100.0,5.7,79.1,1,0,8,0,5,30,30,84.1,41,50.3,52.9,120,41.0,92.3,20,24.0
SIM-REQ-00986,SIMULATED,SIM-MRISK-2026.1,ENGG,0,OHE_INSPECTION,2,LOW,0,86.1,5.7,74.9,1,6,0,0,6,30,42,96.4,108,94.6,136.3,240,44.5,56.9,21,35.0
SIM-REQ-00987,SIMULATED,SIM-MRISK-2026.1,TRD,1,RAIL_REPLACEMENT,1,MEDIUM,1,100.0,1.4,88.4,1,35,5,0,2,45,39,56.2,46,55.9,22.1,150,41.0,91.0,18,32.9
SIM-REQ-00988,SIMULATED,SIM-MRISK-2026.1,SNT,2,WELD_REPAIR,6,HIGH,2,67.7,8.3,67.0,1,11,7,0,6,180,52,97.3,59,62.1,148.1,150,49.1,53.8,5,28.0
SIM-REQ-00989,SIMULATED,SIM-MRISK-2026.1,TRD,1,BALLAST_CLEANING,4,HIGH,2,64.6,13.4,56.0,2,17,-11,11,1,90,111,56.2,113,97.6,22.6,240,65.8,47.0,1,61.8
SIM-REQ-00990,SIMULATED,SIM-MRISK-2026.1,ENGG,0,WELD_REPAIR,6,HIGH,2,74.8,10.3,60.6,2,31,17,0,3,90,27,91.6,70,64.6,56.9,60,63.3,79.6,22,41.5
SIM-REQ-00991,SIMULATED,SIM-MRISK-2026.1,SNT,2,WELD_REPAIR,6,HIGH,2,79.4,5.2,61.3,2,0,7,0,5,30,36,49.3,71,69.5,123.8,240,62.1,68.7,14,38.7
SIM-REQ-00992,SIMULATED,SIM-MRISK-2026.1,ENGG,0,BALLAST_CLEANING,4,LOW,0,94.9,3.8,60.8,2,2,6,0,5,90,121,67.8,23,39.4,96.1,150,58.3,69.2,9,30.0
SIM-REQ-00993,SIMULATED,SIM-MRISK-2026.1,ENGG,0,TRACK_CIRCUIT,5,MEDIUM,1,85.6,12.1,60.7,2,15,5,0,8,45,59,41.9,66,69.8,115.7,60,60.6,90.2,16,35.8
SIM-REQ-00994,SIMULATED,SIM-MRISK-2026.1,ENGG,0,WELD_REPAIR,6,MEDIUM,1,24.0,32.8,55.6,3,28,15,0,8,180,70,78.2,39,55.9,106.4,150,92.0,37.3,18,57.9
SIM-REQ-00995,SIMULATED,SIM-MRISK-2026.1,ENGG,0,RAIL_REPLACEMENT,1,HIGH,2,89.1,13.9,86.4,2,18,16,0,0,90,68,91.4,92,90.0,4.4,120,59.7,83.1,11,41.0
SIM-REQ-00996,SIMULATED,SIM-MRISK-2026.1,ENGG,0,TRACK_TAMPING,0,MEDIUM,1,74.9,2.4,62.1,2,0,1,0,7,45,11,70.8,43,55.2,156.8,240,63.3,46.7,7,34.8
SIM-REQ-00997,SIMULATED,SIM-MRISK-2026.1,ENGG,0,OHE_INSPECTION,2,MEDIUM,1,94.0,9.9,34.2,1,1,2,0,3,90,139,86.8,95,81.5,53.4,180,42.5,37.0,6,23.3
SIM-REQ-00998,SIMULATED,SIM-MRISK-2026.1,TRD,1,OHE_INSPECTION,2,MEDIUM,1,56.0,10.7,43.7,3,6,-5,5,9,180,43,77.2,46,51.4,101.1,90,84.0,92.6,23,62.6
SIM-REQ-00999,SIMULATED,SIM-MRISK-2026.1,ENGG,0,RAIL_REPLACEMENT,1,HIGH,2,83.5,5.4,76.7,2,33,16,0,5,45,62,55.9,51,66.5,131.2,120,61.1,87.9,24,36.9
SIM-REQ-01000,SIMULATED,SIM-MRISK-2026.1,OPTG,3,WELD_REPAIR,6,HIGH,2,80.4,7.1,82.8,2,39,20,0,2,30,43,87.6,41,50.9,55.6,60,61.9,68.7,20,38.8
SIM-REQ-01001,SIMULATED,SIM-MRISK-2026.1,ENGG,0,TRACK_TAMPING,0,LOW,0,38.2,16.5,55.0,1,2,0,0,4,30,15,94.6,42,56.4,92.2,60,56.5,90.1,16,31.9
SIM-REQ-01002,SIMULATED,SIM-MRISK-2026.1,SNT,2,POINT_OVERHAUL,3,HIGH,2,84.5,2.8,93.0,2,35,17,0,9,60,11,67.0,63,74.4,205.4,90,60.9,91.1,23,44.7
SIM-REQ-01003,SIMULATED,SIM-MRISK-2026.1,TRD,1,POINT_OVERHAUL,3,LOW,0,69.3,13.6,72.4,2,8,8,0,2,60,67,55.1,79,79.5,38.8,60,64.7,55.7,20,37.4
SIM-REQ-01004,SIMULATED,SIM-MRISK-2026.1,ENGG,0,POINT_OVERHAUL,3,MEDIUM,1,91.8,4.9,82.4,1,43,24,0,6,30,32,67.5,29,47.7,74.6,120,43.0,42.8,7,26.8
SIM-REQ-01005,SIMULATED,SIM-MRISK-2026.1,ENGG,0,TRACK_CIRCUIT,5,MEDIUM,1,87.7,2.5,59.3,1,27,8,0,4,90,74,93.1,73,75.8,52.2,240,44.1,71.7,16,28.5
SIM-REQ-01006,SIMULATED,SIM-MRISK-2026.1,ENGG,0,POINT_OVERHAUL,3,MEDIUM,1,83.3,2.6,80.8,1,3,14,0,4,90,136,62.8,56,68.0,61.8,120,45.2,94.2,5,30.3
SIM-REQ-01007,SIMULATED,SIM-MRISK-2026.1,ENGG,0,POINT_OVERHAUL,3,MEDIUM,1,84.1,16.9,74.1,2,63,4,0,2,45,48,78.2,32,44.2,41.6,90,61.0,60.6,17,42.6
SIM-REQ-01008,SIMULATED,SIM-MRISK-2026.1,ENGG,0,WELD_REPAIR,6,LOW,0,58.1,8.2,84.2,1,28,8,0,6,45,20,77.2,22,47.1,122.9,120,51.5,72.4,21,31.0
SIM-REQ-01009,SIMULATED,SIM-MRISK-2026.1,SNT,2,POINT_OVERHAUL,3,HIGH,2,66.8,5.7,71.0,2,8,1,0,2,60,54,41.2,35,48.1,42.4,60,65.3,36.6,16,35.0
SIM-REQ-01010,SIMULATED,SIM-MRISK-2026.1,ENGG,0,OHE_INSPECTION,2,HIGH,2,87.3,11.3,63.8,2,7,24,0,5,180,256,44.5,112,98.0,66.6,60,60.2,68.2,1,42.2
SIM-REQ-01011,SIMULATED,SIM-MRISK-2026.1,ENGG,0,TRACK_TAMPING,0,LOW,0,44.8,14.3,51.2,1,38,26,0,6,90,103,57.9,31,49.3,106.2,240,54.8,71.8,24,22.0
SIM-REQ-01012,SIMULATED,SIM-MRISK-2026.1,ENGG,0,RAIL_REPLACEMENT,1,LOW,0,36.4,15.5,83.9,3,14,21,0,4,180,223,75.7,89,95.6,113.2,90,88.9,80.6,17,59.0
SIM-REQ-01013,SIMULATED,SIM-MRISK-2026.1,SNT,2,BALLAST_CLEANING,4,MEDIUM,1,69.5,8.0,82.2,1,3,9,0,7,180,133,72.8,106,97.7,117.7,150,48.6,95.0,24,38.0
SIM-REQ-01014,SIMULATED,SIM-MRISK-2026.1,ENGG,0,POINT_OVERHAUL,3,MEDIUM,1,78.7,6.6,75.7,2,0,0,0,6,30,45,67.6,67,72.6,123.9,120,62.3,57.0,15,38.3
SIM-REQ-01015,SIMULATED,SIM-MRISK-2026.1,ENGG,0,RAIL_REPLACEMENT,1,HIGH,2,24.7,25.7,79.8,3,6,-4,4,5,90,113,88.7,33,40.2,78.1,90,91.8,46.7,5,67.5
SIM-REQ-01016,SIMULATED,SIM-MRISK-2026.1,SNT,2,TRACK_TAMPING,0,LOW,0,90.1,6.7,67.1,1,1,-5,5,4,90,61,45.2,57,64.7,86.7,120,43.5,38.1,2,35.0
SIM-REQ-01017,SIMULATED,SIM-MRISK-2026.1,ENGG,0,WELD_REPAIR,6,LOW,0,73.1,8.1,53.5,1,7,9,0,5,180,151,50.7,53,57.7,67.4,150,47.7,61.7,7,27.4
SIM-REQ-01018,SIMULATED,SIM-MRISK-2026.1,SNT,2,BALLAST_CLEANING,4,MEDIUM,1,83.1,5.6,72.0,1,19,1,0,2,60,12,42.8,20,38.0,31.5,240,45.2,67.3,2,25.5
SIM-REQ-01019,SIMULATED,SIM-MRISK-2026.1,ENGG,0,TRACK_TAMPING,0,MEDIUM,1,83.6,5.6,69.7,2,62,13,0,9,180,268,87.3,101,73.0,223.2,150,61.1,83.7,2,48.9
SIM-REQ-01020,SIMULATED,SIM-MRISK-2026.1,TRD,1,POINT_OVERHAUL,3,MEDIUM,1,88.2,6.6,80.0,1,3,12,0,4,60,17,49.6,64,60.2,44.1,90,44.0,42.7,17,25.9
SIM-REQ-01021,SIMULATED,SIM-MRISK-2026.1,ENGG,0,BALLAST_CLEANING,4,MEDIUM,1,71.2,6.4,82.7,1,14,9,0,3,90,91,72.6,107,98.0,76.7,90,48.2,38.0,17,39.7
SIM-REQ-01022,SIMULATED,SIM-MRISK-2026.1,TRD,1,RAIL_REPLACEMENT,1,MEDIUM,1,59.8,27.2,75.7,2,7,0,0,6,180,92,96.1,27,38.2,111.2,120,67.0,37.2,22,34.5
SIM-REQ-01023,SIMULATED,SIM-MRISK-2026.1,ENGG,0,BALLAST_CLEANING,4,MEDIUM,1,74.3,2.5,74.7,1,4,13,0,6,180,191,85.7,22,36.2,110.2,60,47.4,46.9,17,24.7
SIM-REQ-01024,SIMULATED,SIM-MRISK-2026.1,ENGG,0,OHE_INSPECTION,2,LOW,0,87.9,8.7,65.1,2,41,5,0,4,180,124,82.7,87,75.9,89.1,90,60.0,76.2,9,39.5
SIM-REQ-01025,SIMULATED,SIM-MRISK-2026.1,SNT,2,TRACK_CIRCUIT,5,MEDIUM,1,31.3,16.7,67.1,4,6,2,0,4,45,41,87.7,64,68.9,103.0,150,98.0,56.0,14,72.1
SIM-REQ-01026,SIMULATED,SIM-MRISK-2026.1,SNT,2,TRACK_CIRCUIT,5,MEDIUM,1,33.6,10.1,45.6,2,10,14,0,6,60,55,57.4,50,57.6,97.7,240,73.6,72.1,8,33.9
SIM-REQ-01027,SIMULATED,SIM-MRISK-2026.1,ENGG,0,RAIL_REPLACEMENT,1,HIGH,2,81.7,7.8,75.7,1,12,0,0,3,45,56,46.7,90,81.9,60.5,60,45.6,64.2,3,35.4
SIM-REQ-01028,SIMULATED,SIM-MRISK-2026.1,ENGG,0,TRACK_TAMPING,0,LOW,0,66.3,12.7,83.9,1,8,0,0,2,90,60,42.4,24,44.8,58.4,240,49.4,71.0,1,28.6
SIM-REQ-01029,SIMULATED,SIM-MRISK-2026.1,TRD,1,OHE_INSPECTION,2,MEDIUM,1,81.3,9.6,64.4,1,4,6,0,2,180,60,84.6,69,71.5,36.9,120,45.7,78.5,9,22.9
SIM-REQ-01030,SIMULATED,SIM-MRISK-2026.1,ENGG,0,POINT_OVERHAUL,3,MEDIUM,1,84.4,4.4,78.5,1,10,0,0,6,90,68,62.6,79,71.0,114.0,150,44.9,54.7,18,30.4
SIM-REQ-01031,SIMULATED,SIM-MRISK-2026.1,ENGG,0,WELD_REPAIR,6,MEDIUM,1,90.0,1.1,82.8,1,5,7,0,2,45,15,67.0,76,78.9,32.3,150,43.5,53.6,16,29.2
SIM-REQ-01032,SIMULATED,SIM-MRISK-2026.1,TRD,1,TRACK_TAMPING,0,HIGH,2,91.6,7.0,61.9,1,4,9,0,7,60,24,87.3,33,48.1,128.4,150,43.1,68.4,11,26.2
SIM-REQ-01033,SIMULATED,SIM-MRISK-2026.1,ENGG,0,POINT_OVERHAUL,3,MEDIUM,1,91.4,5.0,89.0,1,1,0,0,2,180,185,87.3,87,91.4,36.8,180,43.1,60.1,4,30.2
SIM-REQ-01034,SIMULATED,SIM-MRISK-2026.1,ENGG,0,BALLAST_CLEANING,4,MEDIUM,1,58.1,11.9,75.1,3,57,0,0,6,60,50,96.4,61,68.5,101.1,90,83.5,52.8,1,68.6
SIM-REQ-01035,SIMULATED,SIM-MRISK-2026.1,ENGG,0,WELD_REPAIR,6,MEDIUM,1,86.2,13.2,61.1,1,26,19,0,6,60,12,53.1,46,45.8,59.8,180,44.5,53.4,4,23.0
SIM-REQ-01036,SIMULATED,SIM-MRISK-2026.1,ENGG,0,RAIL_REPLACEMENT,1,MEDIUM,1,95.2,3.4,77.6,2,2,-13,13,6,180,78,47.2,114,98.0,149.6,180,58.2,42.7,7,58.6
SIM-REQ-01037,SIMULATED,SIM-MRISK-2026.1,ENGG,0,BALLAST_CLEANING,4,MEDIUM,1,82.0,4.0,50.4,1,12,3,0,4,30,26,95.7,26,41.1,40.8,240,45.5,35.5,16,25.0
SIM-REQ-01038,SIMULATED,SIM-MRISK-2026.1,TRD,1,WELD_REPAIR,6,HIGH,2,82.3,3.8,67.8,1,1,13,0,6,90,121,86.9,84,89.2,152.6,60,45.4,76.4,15,31.8
SIM-REQ-01039,SIMULATED,SIM-MRISK-2026.1,ENGG,0,TRACK_CIRCUIT,5,MEDIUM,1,54.3,22.3,60.2,2,44,3,0,2,60,41,72.0,28,36.2,59.9,180,68.4,74.8,10,43.7
SIM-REQ-01040,SIMULATED,SIM-MRISK-2026.1,ENGG,0,WELD_REPAIR,6,HIGH,2,100.0,3.3,78.0,2,0,0,0,2,30,13,78.3,40,43.5,45.9,180,57.0,41.5,10,37.3
SIM-REQ-01041,SIMULATED,SIM-MRISK-2026.1,TRD,1,RAIL_REPLACEMENT,1,HIGH,2,98.7,5.7,96.4,1,9,-2,2,4,90,60,86.8,42,62.6,71.0,240,41.3,39.8,14,35.2
SIM-REQ-01042,SIMULATED,SIM-MRISK-2026.1,ENGG,0,WELD_REPAIR,6,LOW,0,54.3,17.6,52.1,2,1,5,0,7,30,12,43.3,61,74.1,161.0,120,68.4,37.2,23,36.8
SIM-REQ-01043,SIMULATED,SIM-MRISK-2026.1,ENGG,0,POINT_OVERHAUL,3,HIGH,2,40.8,23.6,93.3,3,14,12,0,6,30,11,71.6,26,43.2,139.2,240,87.8,49.8,24,59.8
SIM-REQ-01044,SIMULATED,SIM-MRISK-2026.1,SNT,2,WELD_REPAIR,6,MEDIUM,1,10.0,28.8,76.7,3,6,16,0,6,30,42,97.5,75,72.6,104.1,180,95.5,63.4,11,56.1
SIM-REQ-01045,SIMULATED,SIM-MRISK-2026.1,OPTG,3,RAIL_REPLACEMENT,1,MEDIUM,1,43.3,13.2,74.7,3,13,-3,3,3,30,41,73.9,25,33.0,85.7,60,87.2,63.1,19,61.3
SIM-REQ-01046,SIMULATED,SIM-MRISK-2026.1,SNT,2,TRACK_CIRCUIT,5,MEDIUM,1,56.8,14.4,45.5,2,74,9,0,7,90,72,90.1,84,76.9,190.4,60,67.8,93.6,14,47.7
SIM-REQ-01047,SIMULATED,SIM-MRISK-2026.1,ENGG,0,BALLAST_CLEANING,4,HIGH,2,80.8,8.0,82.3,1,7,-18,18,7,90,105,76.2,57,64.8,164.5,120,45.8,52.1,1,44.8
SIM-REQ-01048,SIMULATED,SIM-MRISK-2026.1,TRD,1,TRACK_TAMPING,0,MEDIUM,1,58.2,2.6,52.1,1,12,7,0,1,30,10,83.3,111,98.0,26.7,240,51.5,62.1,10,28.7
SIM-REQ-01049,SIMULATED,SIM-MRISK-2026.1,ENGG,0,POINT_OVERHAUL,3,MEDIUM,1,95.8,5.2,93.7,2,37,-7,7,8,45,70,68.2,22,43.2,179.7,150,58.0,79.5,4,59.5
SIM-REQ-01050,SIMULATED,SIM-MRISK-2026.1,ENGG,0,RAIL_REPLACEMENT,1,HIGH,2,83.2,13.0,84.5,2,7,7,0,2,180,68,44.1,69,64.2,32.9,240,61.2,36.5,21,38.7
SIM-REQ-01051,SIMULATED,SIM-MRISK-2026.1,SNT,2,BALLAST_CLEANING,4,MEDIUM,1,42.0,19.9,54.7,1,5,2,0,4,60,33,49.4,76,84.0,105.9,240,55.5,90.6,9,35.4
SIM-REQ-01052,SIMULATED,SIM-MRISK-2026.1,SNT,2,TRACK_TAMPING,0,MEDIUM,1,100.0,3.7,70.4,1,0,11,0,3,30,39,68.8,33,55.4,45.8,120,41.0,64.9,3,17.0
SIM-REQ-01053,SIMULATED,SIM-MRISK-2026.1,ENGG,0,POINT_OVERHAUL,3,MEDIUM,1,85.1,8.9,94.5,1,6,-6,6,4,90,28,68.9,33,50.3,88.9,240,44.7,91.1,16,42.1
SIM-REQ-01054,SIMULATED,SIM-MRISK-2026.1,ENGG,0,POINT_OVERHAUL,3,MEDIUM,1,47.6,21.4,78.5,3,24,-15,15,3,30,13,78.3,89,88.0,55.8,240,86.1,56.9,8,80.5
SIM-REQ-01055,SIMULATED,SIM-MRISK-2026.1,SNT,2,TRACK_TAMPING,0,HIGH,2,69.5,16.3,55.2,1,24,4,0,3,60,72,59.2,48,58.9,45.4,60,48.6,67.4,24,27.7
SIM-REQ-01056,SIMULATED,SIM-MRISK-2026.1,SNT,2,TRACK_CIRCUIT,5,MEDIUM,1,77.3,6.7,36.1,1,9,12,0,2,60,57,53.3,93,80.8,44.3,90,46.7,41.6,16,25.5
SIM-REQ-01057,SIMULATED,SIM-MRISK-2026.1,ENGG,0,BALLAST_CLEANING,4,MEDIUM,1,47.0,15.7,53.9,1,17,10,0,4,60,21,49.6,90,82.7,104.7,90,54.2,61.2,1,32.9
SIM-REQ-01058,SIMULATED,SIM-MRISK-2026.1,ENGG,0,TRACK_TAMPING,0,MEDIUM,1,61.0,5.2,70.8,1,0,-17,17,6,45,35,96.2,74,72.5,140.5,180,50.8,88.1,23,48.1
SIM-REQ-01059,SIMULATED,SIM-MRISK-2026.1,TRD,1,RAIL_REPLACEMENT,1,LOW,0,56.3,12.8,70.8,1,1,11,0,5,90,39,92.2,61,76.3,82.3,180,51.9,89.3,0,34.8
SIM-REQ-01060,SIMULATED,SIM-MRISK-2026.1,TRD,1,RAIL_REPLACEMENT,1,LOW,0,72.5,9.6,86.0,2,6,-15,15,3,180,92,77.5,107,90.3,77.4,180,63.9,63.9,5,64.4
SIM-REQ-01061,SIMULATED,SIM-MRISK-2026.1,SNT,2,TRACK_TAMPING,0,HIGH,2,76.0,13.9,61.3,2,34,2,0,2,60,69,66.0,25,38.6,58.7,60,63.0,70.4,17,34.1
SIM-REQ-01062,SIMULATED,SIM-MRISK-2026.1,ENGG,0,TRACK_CIRCUIT,5,HIGH,2,60.4,10.5,31.3,1,21,1,0,4,30,19,79.3,108,98.0,81.8,150,50.9,71.9,12,35.0
SIM-REQ-01063,SIMULATED,SIM-MRISK-2026.1,ENGG,0,BALLAST_CLEANING,4,LOW,0,66.4,12.7,68.8,2,4,4,0,7,180,150,58.3,99,78.3,110.9,90,65.4,78.3,2,44.8
SIM-REQ-01064,SIMULATED,SIM-MRISK-2026.1,ENGG,0,TRACK_CIRCUIT,5,MEDIUM,1,75.9,6.4,71.3,1,8,2,0,6,90,135,80.4,63,73.1,158.8,150,47.0,79.9,13,27.3
SIM-REQ-01065,SIMULATED,SIM-MRISK-2026.1,ENGG,0,WELD_REPAIR,6,MEDIUM,1,76.2,8.9,74.6,1,9,18,0,3,60,74,87.1,32,41.2,53.5,150,47.0,78.3,12,22.5
SIM-REQ-01066,SIMULATED,SIM-MRISK-2026.1,TRD,1,RAIL_REPLACEMENT,1,HIGH,2,100.0,5.7,94.1,1,2,17,0,2,90,64,81.2,39,49.9,32.7,120,41.0,87.8,11,24.9
SIM-REQ-01067,SIMULATED,SIM-MRISK-2026.1,TRD,1,POINT_OVERHAUL,3,MEDIUM,1,59.1,10.7,92.0,2,6,-2,2,11,90,91,64.9,66,76.8,129.0,90,67.2,75.4,23,51.1
SIM-REQ-01068,SIMULATED,SIM-MRISK-2026.1,TRD,1,RAIL_REPLACEMENT,1,MEDIUM,1,58.8,14.5,94.5,2,38,8,0,4,30,45,59.7,42,50.5,82.0,120,67.3,68.0,18,48.8
SIM-REQ-01069,SIMULATED,SIM-MRISK-2026.1,ENGG,0,BALLAST_CLEANING,4,LOW,0,44.8,17.6,56.0,2,16,15,0,5,180,247,83.2,81,71.5,125.6,240,70.8,35.1,4,38.6
SIM-REQ-01070,SIMULATED,SIM-MRISK-2026.1,ENGG,0,BALLAST_CLEANING,4,MEDIUM,1,63.5,10.1,58.5,2,33,3,0,8,90,83,46.4,70,71.2,85.0,120,66.1,69.4,17,45.1
SIM-REQ-01071,SIMULATED,SIM-MRISK-2026.1,ENGG,0,BALLAST_CLEANING,4,MEDIUM,1,81.8,8.7,78.4,1,15,9,0,6,180,63,88.3,26,56.6,58.5,90,45.5,50.1,24,24.1
SIM-REQ-01072,SIMULATED,SIM-MRISK-2026.1,TRD,1,WELD_REPAIR,6,MEDIUM,1,97.5,2.1,56.9,1,15,-1,1,1,180,74,74.7,23,45.3,17.1,120,41.6,35.8,11,23.9
SIM-REQ-01073,SIMULATED,SIM-MRISK-2026.1,SNT,2,POINT_OVERHAUL,3,HIGH,2,79.0,18.4,94.2,1,36,7,0,10,90,83,48.2,28,44.2,146.8,150,46.2,35.3,6,31.7
SIM-REQ-01074,SIMULATED,SIM-MRISK-2026.1,TRD,1,WELD_REPAIR,6,LOW,0,83.8,6.3,84.0,1,33,13,0,6,180,92,59.9,60,60.7,154.7,90,45.0,78.0,4,32.1
SIM-REQ-01075,SIMULATED,SIM-MRISK-2026.1,OPTG,3,TRACK_TAMPING,0,MEDIUM,1,95.4,10.5,55.6,1,10,13,0,3,60,35,50.3,59,64.7,64.0,120,42.1,61.9,13,26.7
SIM-REQ-01076,SIMULATED,SIM-MRISK-2026.1,ENGG,0,TRACK_TAMPING,0,HIGH,2,33.8,21.4,69.9,4,27,13,0,8,90,79,80.3,39,61.1,117.1,60,98.0,81.2,3,68.3
SIM-REQ-01077,SIMULATED,SIM-MRISK-2026.1,SNT,2,TRACK_CIRCUIT,5,MEDIUM,1,77.9,8.2,40.3,1,9,12,0,1,45,23,52.8,31,45.0,20.0,90,46.5,41.4,20,19.5
SIM-REQ-01078,SIMULATED,SIM-MRISK-2026.1,ENGG,0,TRACK_TAMPING,0,MEDIUM,1,100.0,1.5,59.1,1,1,-10,10,6,45,18,78.5,33,37.2,89.3,180,41.0,40.4,13,38.0
SIM-REQ-01079,SIMULATED,SIM-MRISK-2026.1,ENGG,0,RAIL_REPLACEMENT,1,MEDIUM,1,79.3,10.0,88.9,1,4,4,0,4,90,46,46.9,77,83.5,50.8,60,46.2,44.3,4,32.0
SIM-REQ-01080,SIMULATED,SIM-MRISK-2026.1,ENGG,0,RAIL_REPLACEMENT,1,MEDIUM,1,67.6,13.3,86.1,2,9,-3,3,4,90,29,75.9,93,89.3,98.6,180,65.1,63.7,9,56.0
SIM-REQ-01081,SIMULATED,SIM-MRISK-2026.1,ENGG,0,WELD_REPAIR,6,LOW,0,35.0,30.4,54.9,2,3,17,0,5,90,141,97.0,64,72.4,91.3,60,73.2,42.8,20,40.9
SIM-REQ-01082,SIMULATED,SIM-MRISK-2026.1,TRD,1,WELD_REPAIR,6,LOW,0,92.7,6.6,61.0,2,2,19,0,2,180,25,83.6,113,96.1,24.1,240,58.8,61.7,3,38.0
SIM-REQ-01083,SIMULATED,SIM-MRISK-2026.1,ENGG,0,RAIL_REPLACEMENT,1,LOW,0,81.8,8.1,79.8,1,24,-16,16,0,30,17,92.4,25,49.1,7.3,150,45.5,65.6,22,44.5
SIM-REQ-01084,SIMULATED,SIM-MRISK-2026.1,TRD,1,RAIL_REPLACEMENT,1,MEDIUM,1,60.4,16.0,94.6,1,12,7,0,8,60,50,90.0,53,55.6,126.8,60,50.9,51.6,24,31.3
SIM-REQ-01085,SIMULATED,SIM-MRISK-2026.1,SNT,2,POINT_OVERHAUL,3,MEDIUM,1,94.4,6.9,79.7,2,4,9,0,4,30,42,73.4,50,53.5,37.9,150,58.4,56.3,3,31.5
SIM-REQ-01086,SIMULATED,SIM-MRISK-2026.1,ENGG,0,OHE_INSPECTION,2,MEDIUM,1,74.9,13.4,71.4,2,11,5,0,3,30,14,93.1,62,63.9,36.1,60,63.3,70.4,20,38.5
SIM-REQ-01087,SIMULATED,SIM-MRISK-2026.1,ENGG,0,BALLAST_CLEANING,4,LOW,0,63.4,6.7,53.0,1,50,1,0,6,180,226,48.0,88,79.1,137.6,120,50.1,79.5,18,31.9
SIM-REQ-01088,SIMULATED,SIM-MRISK-2026.1,OPTG,3,OHE_INSPECTION,2,LOW,0,43.9,22.3,49.5,2,1,7,0,4,180,143,86.0,109,92.9,78.8,60,71.0,74.3,8,46.9
SIM-REQ-01089,SIMULATED,SIM-MRISK-2026.1,TRD,1,OHE_INSPECTION,2,MEDIUM,1,100.0,14.5,36.3,2,6,-1,1,3,45,20,86.8,41,56.3,30.6,120,57.0,48.8,0,30.1
SIM-REQ-01090,SIMULATED,SIM-MRISK-2026.1,SNT,2,BALLAST_CLEANING,4,MEDIUM,1,46.1,11.9,76.4,2,1,18,0,2,90,91,63.9,50,66.9,69.5,240,70.5,77.5,5,37.9
SIM-REQ-01091,SIMULATED,SIM-MRISK-2026.1,ENGG,0,RAIL_REPLACEMENT,1,HIGH,2,87.2,9.5,94.3,1,0,8,0,4,30,17,64.4,43,54.7,53.1,150,44.2,41.2,3,28.7
SIM-REQ-01092,SIMULATED,SIM-MRISK-2026.1,OPTG,3,POINT_OVERHAUL,3,MEDIUM,1,91.1,4.8,78.1,1,2,13,0,3,45,50,76.9,96,81.4,53.3,240,43.2,64.1,18,28.1
SIM-REQ-01093,SIMULATED,SIM-MRISK-2026.1,OPTG,3,BALLAST_CLEANING,4,MEDIUM,1,76.7,7.5,57.2,1,13,8,0,3,60,54,89.5,82,74.5,45.0,150,46.8,55.6,15,24.6
SIM-REQ-01094,SIMULATED,SIM-MRISK-2026.1,SNT,2,TRACK_TAMPING,0,LOW,0,75.1,6.3,60.8,1,18,1,0,4,45,22,50.2,96,78.6,92.4,150,47.2,79.2,12,33.9
SIM-REQ-01095,SIMULATED,SIM-MRISK-2026.1,ENGG,0,TRACK_TAMPING,0,LOW,0,84.3,7.8,73.5,2,20,-7,7,6,90,95,40.9,100,87.3,88.6,120,60.9,93.2,8,51.0
SIM-REQ-01096,SIMULATED,SIM-MRISK-2026.1,ENGG,0,BALLAST_CLEANING,4,MEDIUM,1,65.0,9.6,61.5,1,7,16,0,4,180,265,83.1,85,89.0,98.4,150,49.8,53.7,10,29.4
SIM-REQ-01097,SIMULATED,SIM-MRISK-2026.1,SNT,2,OHE_INSPECTION,2,MEDIUM,1,64.3,5.4,50.8,3,17,5,0,4,30,10,58.2,88,86.0,103.2,120,81.9,78.7,4,52.8
SIM-REQ-01098,SIMULATED,SIM-MRISK-2026.1,TRD,1,TRACK_CIRCUIT,5,MEDIUM,1,59.5,5.0,61.5,3,1,-1,1,5,60,94,57.6,26,48.1,83.9,180,83.1,58.4,10,50.3
SIM-REQ-01099,SIMULATED,SIM-MRISK-2026.1,TRD,1,TRACK_CIRCUIT,5,MEDIUM,1,87.4,5.7,38.0,1,29,16,0,5,45,12,80.8,73,71.2,82.1,120,44.1,58.3,19,25.4
SIM-REQ-01100,SIMULATED,SIM-MRISK-2026.1,ENGG,0,TRACK_CIRCUIT,5,MEDIUM,1,76.9,7.8,47.6,1,6,11,0,4,45,64,75.7,41,50.3,50.9,60,46.8,44.6,16,19.5
SIM-REQ-01101,SIMULATED,SIM-MRISK-2026.1,SNT,2,TRACK_CIRCUIT,5,HIGH,2,81.7,7.5,39.9,1,9,32,0,2,180,93,92.7,105,89.2,40.4,120,45.6,53.4,8,28.1
SIM-REQ-01102,SIMULATED,SIM-MRISK-2026.1,ENGG,0,TRACK_TAMPING,0,MEDIUM,1,36.1,16.3,68.4,1,2,24,0,7,180,83,56.3,98,89.7,96.3,60,57.0,63.6,17,33.3
SIM-REQ-01103,SIMULATED,SIM-MRISK-2026.1,TRD,1,OHE_INSPECTION,2,LOW,0,78.6,12.7,36.3,1,10,6,0,6,90,114,71.7,36,40.8,158.1,150,46.4,63.8,2,25.8
SIM-REQ-01104,SIMULATED,SIM-MRISK-2026.1,ENGG,0,WELD_REPAIR,6,LOW,0,57.9,13.8,61.6,3,10,-3,3,10,90,64,97.1,101,89.9,99.2,150,83.5,92.4,10,69.0
SIM-REQ-01105,SIMULATED,SIM-MRISK-2026.1,TRD,1,TRACK_TAMPING,0,MEDIUM,1,100.0,3.7,82.8,1,40,-12,12,6,90,91,95.9,55,67.0,122.2,90,41.0,86.0,2,46.2
SIM-REQ-01106,SIMULATED,SIM-MRISK-2026.1,ENGG,0,TRACK_TAMPING,0,MEDIUM,1,71.5,8.2,84.1,1,10,-17,17,6,45,46,81.7,34,39.8,124.0,120,48.1,68.8,11,47.2
SIM-REQ-01107,SIMULATED,SIM-MRISK-2026.1,ENGG,0,RAIL_REPLACEMENT,1,LOW,0,75.4,10.4,75.1,2,16,7,0,6,60,25,71.3,39,53.0,105.0,150,63.1,92.7,3,42.5
SIM-REQ-01108,SIMULATED,SIM-MRISK-2026.1,TRD,1,POINT_OVERHAUL,3,MEDIUM,1,69.5,15.7,88.6,1,0,-9,9,6,30,33,97.0,89,87.4,119.8,120,48.6,91.6,1,53.1
SIM-REQ-01109,SIMULATED,SIM-MRISK-2026.1,ENGG,0,BALLAST_CLEANING,4,HIGH,2,84.1,1.9,70.0,1,35,-2,2,1,30,22,64.5,54,61.5,15.0,90,45.0,80.9,7,35.4
SIM-REQ-01110,SIMULATED,SIM-MRISK-2026.1,SNT,2,BALLAST_CLEANING,4,MEDIUM,1,82.4,4.5,62.1,1,10,5,0,8,90,83,90.1,43,54.2,195.6,60,45.4,81.4,11,33.3
SIM-REQ-01111,SIMULATED,SIM-MRISK-2026.1,SNT,2,RAIL_REPLACEMENT,1,LOW,0,70.6,10.1,82.2,1,27,3,0,5,45,23,63.6,25,41.8,85.9,120,48.4,50.3,2,32.0
SIM-REQ-01112,SIMULATED,SIM-MRISK-2026.1,ENGG,0,WELD_REPAIR,6,MEDIUM,1,66.3,6.5,73.3,1,19,12,0,7,90,125,45.4,62,63.7,130.0,60,49.4,83.1,6,27.6
SIM-REQ-01113,SIMULATED,SIM-MRISK-2026.1,ENGG,0,POINT_OVERHAUL,3,HIGH,2,69.6,19.6,74.4,1,2,-13,13,6,30,40,74.0,28,30.9,60.3,180,48.6,66.9,24,45.3
SIM-REQ-01114,SIMULATED,SIM-MRISK-2026.1,SNT,2,POINT_OVERHAUL,3,HIGH,2,71.0,8.6,80.0,1,0,-3,3,7,30,22,71.5,24,40.2,165.5,240,48.2,77.4,18,43.0
SIM-REQ-01115,SIMULATED,SIM-MRISK-2026.1,TRD,1,POINT_OVERHAUL,3,MEDIUM,1,60.6,12.1,84.0,2,6,3,0,4,90,46,64.5,81,81.2,79.5,180,66.8,74.5,9,42.5
SIM-REQ-01116,SIMULATED,SIM-MRISK-2026.1,TRD,1,OHE_INSPECTION,2,MEDIUM,1,82.8,3.8,37.4,1,31,0,0,1,45,48,94.2,46,50.2,25.3,150,45.3,84.2,12,18.9
SIM-REQ-01117,SIMULATED,SIM-MRISK-2026.1,SNT,2,OHE_INSPECTION,2,MEDIUM,1,58.8,5.5,36.7,1,10,10,0,4,45,43,64.3,72,67.9,107.6,180,51.3,68.0,24,23.0
SIM-REQ-01118,SIMULATED,SIM-MRISK-2026.1,ENGG,0,RAIL_REPLACEMENT,1,HIGH,2,83.3,9.8,83.7,1,0,4,0,4,30,43,84.1,59,52.4,40.2,150,45.2,91.3,16,29.6
SIM-REQ-01119,SIMULATED,SIM-MRISK-2026.1,SNT,2,BALLAST_CLEANING,4,MEDIUM,1,75.8,11.9,64.0,1,18,25,0,3,90,26,61.4,90,82.6,34.3,90,47.0,59.8,21,29.7
SIM-REQ-01120,SIMULATED,SIM-MRISK-2026.1,ENGG,0,POINT_OVERHAUL,3,HIGH,2,63.7,6.6,97.6,1,10,0,0,7,90,115,80.4,49,61.5,91.6,60,50.1,57.9,6,37.9
SIM-REQ-01121,SIMULATED,SIM-MRISK-2026.1,ENGG,0,WELD_REPAIR,6,MEDIUM,1,53.1,14.3,72.5,1,2,-5,5,3,180,147,93.4,78,83.0,74.3,240,52.7,40.8,4,50.9
SIM-REQ-01122,SIMULATED,SIM-MRISK-2026.1,SNT,2,POINT_OVERHAUL,3,MEDIUM,1,58.5,19.7,93.9,2,6,-2,2,1,90,124,84.7,72,73.3,34.1,180,67.4,81.9,10,46.4
SIM-REQ-01123,SIMULATED,SIM-MRISK-2026.1,ENGG,0,BALLAST_CLEANING,4,MEDIUM,1,97.5,6.2,56.7,2,7,-11,11,6,45,52,58.0,51,50.2,127.1,240,57.6,55.6,17,48.7
SIM-REQ-01124,SIMULATED,SIM-MRISK-2026.1,ENGG,0,TRACK_TAMPING,0,MEDIUM,1,92.2,3.6,81.2,2,0,18,0,4,90,77,94.5,89,79.8,76.6,150,59.0,74.5,23,38.4
SIM-REQ-01125,SIMULATED,SIM-MRISK-2026.1,SNT,2,POINT_OVERHAUL,3,LOW,0,67.2,13.7,71.4,2,1,5,0,3,45,67,45.1,58,51.7,65.8,60,65.2,57.9,20,39.4
SIM-REQ-01126,SIMULATED,SIM-MRISK-2026.1,ENGG,0,BALLAST_CLEANING,4,HIGH,2,58.3,10.6,50.1,2,0,-8,8,4,180,262,69.6,32,42.8,88.7,240,67.4,81.0,3,53.8
SIM-REQ-01127,SIMULATED,SIM-MRISK-2026.1,ENGG,0,WELD_REPAIR,6,LOW,0,89.0,8.4,50.8,1,8,15,0,7,60,79,92.0,65,70.1,176.5,120,43.8,57.3,17,25.5
SIM-REQ-01128,SIMULATED,SIM-MRISK-2026.1,TRD,1,POINT_OVERHAUL,3,MEDIUM,1,50.4,20.5,71.3,3,1,10,0,6,180,214,53.3,112,98.0,135.9,150,85.4,62.0,24,53.9
SIM-REQ-01129,SIMULATED,SIM-MRISK-2026.1,OPTG,3,WELD_REPAIR,6,HIGH,2,100.0,2.6,64.1,2,14,-5,5,1,180,167,97.0,103,94.2,14.3,180,57.0,40.8,22,61.8
SIM-REQ-01130,SIMULATED,SIM-MRISK-2026.1,TRD,1,BALLAST_CLEANING,4,LOW,0,71.6,9.5,82.1,1,0,19,0,1,60,88,90.1,105,98.0,31.7,150,48.1,62.3,19,30.1
SIM-REQ-01131,SIMULATED,SIM-MRISK-2026.1,SNT,2,TRACK_TAMPING,0,HIGH,2,70.5,8.1,78.9,2,11,0,0,9,180,28,74.1,95,86.0,177.1,120,64.4,59.9,14,46.2
SIM-REQ-01132,SIMULATED,SIM-MRISK-2026.1,TRD,1,OHE_INSPECTION,2,LOW,0,52.7,17.5,35.6,2,39,13,0,1,60,38,70.1,67,72.5,29.2,120,68.8,56.4,0,32.4
SIM-REQ-01133,SIMULATED,SIM-MRISK-2026.1,ENGG,0,OHE_INSPECTION,2,HIGH,2,83.0,6.1,38.9,2,12,12,0,3,90,38,52.0,83,85.1,73.4,90,61.2,87.1,23,34.1
SIM-REQ-01134,SIMULATED,SIM-MRISK-2026.1,ENGG,0,WELD_REPAIR,6,HIGH,2,79.4,12.2,55.3,1,24,2,0,5,45,10,84.6,51,52.6,65.3,120,46.1,87.0,0,24.5
SIM-REQ-01135,SIMULATED,SIM-MRISK-2026.1,SNT,2,BALLAST_CLEANING,4,HIGH,2,61.3,12.7,64.4,2,1,11,0,8,60,67,54.3,67,73.4,211.2,180,66.7,51.0,23,39.0
SIM-REQ-01136,SIMULATED,SIM-MRISK-2026.1,ENGG,0,WELD_REPAIR,6,MEDIUM,1,78.5,14.4,67.7,1,12,9,0,3,30,12,89.6,79,73.8,41.9,60,46.4,89.4,13,25.8
SIM-REQ-01137,SIMULATED,SIM-MRISK-2026.1,ENGG,0,WELD_REPAIR,6,MEDIUM,1,97.0,5.4,73.1,1,5,-6,6,1,45,51,61.3,22,38.3,12.6,150,41.8,90.9,19,36.1
SIM-REQ-01138,SIMULATED,SIM-MRISK-2026.1,ENGG,0,RAIL_REPLACEMENT,1,HIGH,2,80.5,8.4,83.0,1,1,6,0,5,180,168,64.5,40,49.2,85.9,60,45.9,46.5,13,27.0
SIM-REQ-01139,SIMULATED,SIM-MRISK-2026.1,TRD,1,OHE_INSPECTION,2,LOW,0,92.3,10.2,48.5,1,10,1,0,2,30,26,76.3,112,97.5,40.2,90,42.9,85.8,5,30.0
SIM-REQ-01140,SIMULATED,SIM-MRISK-2026.1,SNT,2,OHE_INSPECTION,2,MEDIUM,1,85.1,3.8,59.2,1,20,-1,1,1,60,73,74.0,69,68.3,30.0,60,44.7,92.3,12,38.2
SIM-REQ-01141,SIMULATED,SIM-MRISK-2026.1,OPTG,3,TRACK_TAMPING,0,LOW,0,45.1,17.2,78.7,2,4,-9,9,4,90,17,57.2,64,72.2,90.5,150,70.7,48.6,13,63.2
SIM-REQ-01142,SIMULATED,SIM-MRISK-2026.1,SNT,2,BALLAST_CLEANING,4,LOW,0,81.2,11.0,76.1,1,29,4,0,5,180,101,53.0,94,88.5,75.6,240,45.7,80.5,1,31.4
SIM-REQ-01143,SIMULATED,SIM-MRISK-2026.1,SNT,2,BALLAST_CLEANING,4,HIGH,2,66.5,12.1,78.6,1,54,0,0,5,45,65,57.9,43,59.2,111.1,120,49.4,38.3,23,31.6
SIM-REQ-01144,SIMULATED,SIM-MRISK-2026.1,ENGG,0,RAIL_REPLACEMENT,1,MEDIUM,1,76.0,6.0,77.9,1,14,4,0,6,90,47,76.8,44,55.7,62.7,90,47.0,77.5,20,26.8
SIM-REQ-01145,SIMULATED,SIM-MRISK-2026.1,ENGG,0,TRACK_CIRCUIT,5,LOW,0,89.7,6.1,57.5,1,19,9,0,3,90,15,73.0,99,89.9,32.2,150,43.6,83.9,13,24.5
SIM-REQ-01146,SIMULATED,SIM-MRISK-2026.1,ENGG,0,WELD_REPAIR,6,MEDIUM,1,79.6,4.8,80.2,1,23,6,0,3,90,45,72.8,34,52.7,77.4,60,46.1,71.2,9,25.6
SIM-REQ-01147,SIMULATED,SIM-MRISK-2026.1,TRD,1,BALLAST_CLEANING,4,LOW,0,64.3,13.5,78.6,2,3,9,0,4,180,263,43.4,28,48.9,103.2,240,65.9,76.3,6,32.2
SIM-REQ-01148,SIMULATED,SIM-MRISK-2026.1,ENGG,0,WELD_REPAIR,6,LOW,0,72.3,3.4,70.4,1,8,6,0,7,90,58,65.7,98,92.0,120.7,120,47.9,79.1,20,36.2
SIM-REQ-01149,SIMULATED,SIM-MRISK-2026.1,ENGG,0,BALLAST_CLEANING,4,HIGH,2,63.9,12.0,65.5,2,19,23,0,5,60,41,60.6,97,87.6,116.5,240,66.0,51.3,20,39.1
SIM-REQ-01150,SIMULATED,SIM-MRISK-2026.1,TRD,1,WELD_REPAIR,6,HIGH,2,66.6,17.8,58.9,2,11,11,0,9,45,12,74.8,64,75.6,221.3,120,65.3,94.5,8,43.1
SIM-REQ-01151,SIMULATED,SIM-MRISK-2026.1,ENGG,0,OHE_INSPECTION,2,MEDIUM,1,60.4,7.8,59.0,1,2,-9,9,7,60,29,59.9,63,65.3,131.1,90,50.9,71.2,24,52.9
SIM-REQ-01152,SIMULATED,SIM-MRISK-2026.1,TRD,1,TRACK_TAMPING,0,LOW,0,60.8,7.4,72.9,2,9,-12,12,6,45,27,75.5,76,70.8,153.8,60,66.8,79.9,5,55.2
SIM-REQ-01153,SIMULATED,SIM-MRISK-2026.1,TRD,1,OHE_INSPECTION,2,MEDIUM,1,64.6,3.8,46.1,2,4,-11,11,5,180,93,80.2,77,76.8,75.2,180,65.8,64.1,14,52.9
SIM-REQ-01154,SIMULATED,SIM-MRISK-2026.1,ENGG,0,RAIL_REPLACEMENT,1,LOW,0,68.6,13.2,85.2,1,5,31,0,8,60,75,49.7,21,35.1,108.2,90,48.9,37.2,14,28.1
SIM-REQ-01155,SIMULATED,SIM-MRISK-2026.1,TRD,1,RAIL_REPLACEMENT,1,LOW,0,98.4,13.0,75.1,1,16,-4,4,4,45,63,51.2,64,55.6,36.6,90,41.4,65.5,14,34.1
SIM-REQ-01156,SIMULATED,SIM-MRISK-2026.1,TRD,1,TRACK_TAMPING,0,HIGH,2,63.1,10.7,52.1,2,36,-6,6,3,180,109,53.3,86,68.7,86.2,120,66.2,65.6,19,53.8
SIM-REQ-01157,SIMULATED,SIM-MRISK-2026.1,ENGG,0,WELD_REPAIR,6,MEDIUM,1,63.7,13.9,59.9,2,36,4,0,5,60,18,74.1,62,72.3,89.5,180,66.1,36.5,9,39.8
SIM-REQ-01158,SIMULATED,SIM-MRISK-2026.1,TRD,1,POINT_OVERHAUL,3,MEDIUM,1,85.6,9.9,85.6,2,0,8,0,6,180,149,88.7,67,69.3,154.1,150,60.6,55.5,11,39.8
SIM-REQ-01159,SIMULATED,SIM-MRISK-2026.1,ENGG,0,BALLAST_CLEANING,4,MEDIUM,1,57.0,20.8,50.1,1,13,-5,5,6,30,26,52.1,101,96.8,161.6,90,51.8,48.6,7,46.0
SIM-REQ-01160,SIMULATED,SIM-MRISK-2026.1,ENGG,0,RAIL_REPLACEMENT,1,MEDIUM,1,67.8,6.3,70.0,1,5,11,0,6,60,90,79.8,57,63.2,70.4,180,49.0,90.2,8,29.3
SIM-REQ-01161,SIMULATED,SIM-MRISK-2026.1,TRD,1,OHE_INSPECTION,2,LOW,0,50.9,11.3,52.4,3,10,-4,4,5,45,13,42.7,33,50.7,126.4,120,85.3,60.9,5,53.5
SIM-REQ-01162,SIMULATED,SIM-MRISK-2026.1,SNT,2,TRACK_TAMPING,0,HIGH,2,76.8,11.9,80.9,1,8,-3,3,4,45,16,68.7,36,57.2,43.4,120,46.8,67.7,3,35.4
SIM-REQ-01163,SIMULATED,SIM-MRISK-2026.1,ENGG,0,BALLAST_CLEANING,4,MEDIUM,1,13.3,38.0,51.9,3,15,15,0,2,30,20,60.3,25,43.6,75.6,240,94.7,52.1,0,51.4
SIM-REQ-01164,SIMULATED,SIM-MRISK-2026.1,TRD,1,POINT_OVERHAUL,3,HIGH,2,53.5,15.2,96.7,1,2,4,0,6,60,56,60.0,114,98.0,93.5,90,52.6,48.3,10,41.6
SIM-REQ-01165,SIMULATED,SIM-MRISK-2026.1,ENGG,0,RAIL_REPLACEMENT,1,HIGH,2,86.1,8.5,80.3,1,0,29,0,5,45,35,69.8,77,74.9,58.2,120,44.5,84.0,5,30.7
SIM-REQ-01166,SIMULATED,SIM-MRISK-2026.1,TRD,1,BALLAST_CLEANING,4,LOW,0,40.0,14.2,65.6,1,18,5,0,8,30,14,41.3,64,70.7,113.2,150,56.0,65.1,20,33.5
SIM-REQ-01167,SIMULATED,SIM-MRISK-2026.1,TRD,1,OHE_INSPECTION,2,MEDIUM,1,71.6,10.9,68.5,1,34,-1,1,5,45,44,82.2,79,77.0,121.2,120,48.1,82.6,7,42.3
SIM-REQ-01168,SIMULATED,SIM-MRISK-2026.1,ENGG,0,TRACK_CIRCUIT,5,MEDIUM,1,97.9,5.0,52.9,2,3,-4,4,8,45,24,67.2,105,98.0,198.6,180,57.5,48.7,1,52.5
SIM-REQ-01169,SIMULATED,SIM-MRISK-2026.1,ENGG,0,BALLAST_CLEANING,4,MEDIUM,1,51.1,12.8,71.9,3,26,1,0,7,60,39,63.3,98,92.6,140.7,150,85.2,49.0,19,64.8
SIM-REQ-01170,SIMULATED,SIM-MRISK-2026.1,ENGG,0,TRACK_TAMPING,0,LOW,0,79.7,5.1,51.0,1,22,13,0,2,30,28,81.0,46,59.8,41.9,90,46.1,84.7,2,20.3
SIM-REQ-01171,SIMULATED,SIM-MRISK-2026.1,ENGG,0,TRACK_CIRCUIT,5,MEDIUM,1,81.4,8.0,65.6,1,32,-8,8,4,90,60,73.4,82,80.4,83.8,120,45.6,38.6,5,46.9
SIM-REQ-01172,SIMULATED,SIM-MRISK-2026.1,SNT,2,OHE_INSPECTION,2,MEDIUM,1,88.0,7.4,74.4,2,0,-3,3,3,90,60,90.9,83,85.1,52.1,180,60.0,83.0,12,52.0
SIM-REQ-01173,SIMULATED,SIM-MRISK-2026.1,ENGG,0,RAIL_REPLACEMENT,1,MEDIUM,1,61.9,19.3,79.7,3,8,8,0,7,45,65,59.1,79,60.7,140.5,90,82.5,86.1,16,53.4
SIM-REQ-01174,SIMULATED,SIM-MRISK-2026.1,TRD,1,WELD_REPAIR,6,MEDIUM,1,68.5,17.7,60.7,1,9,3,0,4,90,49,59.3,98,92.5,76.6,120,48.9,49.3,10,29.9
SIM-REQ-01175,SIMULATED,SIM-MRISK-2026.1,OPTG,3,POINT_OVERHAUL,3,MEDIUM,1,75.8,4.1,87.1,1,9,-10,10,8,60,82,82.4,73,80.9,137.0,240,47.0,76.6,2,52.6
SIM-REQ-01176,SIMULATED,SIM-MRISK-2026.1,OPTG,3,POINT_OVERHAUL,3,MEDIUM,1,55.3,17.9,74.9,1,30,8,0,5,90,12,67.2,73,69.0,119.0,240,52.2,67.4,12,30.5
SIM-REQ-01177,SIMULATED,SIM-MRISK-2026.1,TRD,1,BALLAST_CLEANING,4,LOW,0,65.8,11.5,79.3,1,17,22,0,6,30,36,73.0,89,87.4,149.7,60,49.5,43.6,11,36.6
SIM-REQ-01178,SIMULATED,SIM-MRISK-2026.1,ENGG,0,POINT_OVERHAUL,3,MEDIUM,1,67.1,6.7,80.3,1,15,15,0,4,60,83,64.9,59,50.1,94.7,240,49.2,52.1,0,28.5
SIM-REQ-01179,SIMULATED,SIM-MRISK-2026.1,SNT,2,POINT_OVERHAUL,3,LOW,0,86.6,8.8,82.7,2,10,11,0,0,60,75,46.3,78,77.5,5.4,60,60.4,80.7,12,32.1
SIM-REQ-01180,SIMULATED,SIM-MRISK-2026.1,ENGG,0,WELD_REPAIR,6,HIGH,2,100.0,2.6,52.9,1,5,13,0,5,90,38,70.7,72,66.9,87.6,60,41.0,77.4,6,24.9
SIM-REQ-01181,SIMULATED,SIM-MRISK-2026.1,ENGG,0,POINT_OVERHAUL,3,LOW,0,70.4,10.6,71.5,2,3,12,0,1,180,138,78.2,111,95.2,30.8,150,64.4,53.3,6,39.3
SIM-REQ-01182,SIMULATED,SIM-MRISK-2026.1,TRD,1,BALLAST_CLEANING,4,LOW,0,81.1,12.0,67.9,1,32,-2,2,5,45,20,73.8,42,48.5,82.3,240,45.7,64.5,22,36.9
SIM-REQ-01183,SIMULATED,SIM-MRISK-2026.1,ENGG,0,BALLAST_CLEANING,4,HIGH,2,84.3,7.7,81.4,2,4,-14,14,4,45,61,42.3,78,71.1,44.6,240,60.9,72.9,23,58.5
SIM-REQ-01184,SIMULATED,SIM-MRISK-2026.1,SNT,2,RAIL_REPLACEMENT,1,LOW,0,69.1,13.7,88.0,1,0,8,0,4,90,142,64.1,31,38.2,82.9,240,48.7,51.7,2,29.1
SIM-REQ-01185,SIMULATED,SIM-MRISK-2026.1,OPTG,3,BALLAST_CLEANING,4,HIGH,2,72.2,11.6,67.5,2,7,9,0,7,45,62,65.5,35,44.5,86.1,60,64.0,79.4,2,34.9
SIM-REQ-01186,SIMULATED,SIM-MRISK-2026.1,OPTG,3,BALLAST_CLEANING,4,HIGH,2,96.5,3.2,54.4,1,26,11,0,4,60,65,73.7,77,79.1,33.7,90,41.9,53.5,22,22.1
SIM-REQ-01187,SIMULATED,SIM-MRISK-2026.1,SNT,2,POINT_OVERHAUL,3,HIGH,2,53.2,22.5,72.1,3,14,-4,4,1,45,32,90.0,55,62.4,37.6,60,84.7,57.5,2,65.1
SIM-REQ-01188,SIMULATED,SIM-MRISK-2026.1,TRD,1,TRACK_CIRCUIT,5,LOW,0,71.7,11.5,65.6,1,6,22,0,7,180,221,51.5,60,61.2,172.2,60,48.1,67.6,1,25.5
SIM-REQ-01189,SIMULATED,SIM-MRISK-2026.1,TRD,1,TRACK_CIRCUIT,5,HIGH,2,65.4,12.9,33.9,2,11,11,0,4,60,26,45.9,41,51.8,82.6,90,65.7,71.9,21,33.7
SIM-REQ-01190,SIMULATED,SIM-MRISK-2026.1,SNT,2,OHE_INSPECTION,2,LOW,0,48.6,20.0,61.6,3,32,3,0,8,45,69,63.5,61,62.7,219.2,150,85.8,62.6,20,60.1
SIM-REQ-01191,SIMULATED,SIM-MRISK-2026.1,SNT,2,TRACK_TAMPING,0,MEDIUM,1,77.2,12.3,84.5,1,18,-6,6,5,30,44,72.0,93,81.0,57.8,180,46.7,52.3,5,49.5
SIM-REQ-01192,SIMULATED,SIM-MRISK-2026.1,TRD,1,TRACK_CIRCUIT,5,HIGH,2,86.5,6.9,71.1,1,17,17,0,4,30,31,55.1,97,89.8,55.8,90,44.4,38.8,18,32.4
SIM-REQ-01193,SIMULATED,SIM-MRISK-2026.1,ENGG,0,WELD_REPAIR,6,MEDIUM,1,57.6,13.3,81.7,3,23,8,0,6,60,36,93.9,47,65.2,82.7,60,83.6,58.4,17,53.0
SIM-REQ-01194,SIMULATED,SIM-MRISK-2026.1,ENGG,0,TRACK_CIRCUIT,5,HIGH,2,66.5,14.3,69.5,1,12,3,0,7,60,56,44.3,29,47.8,135.9,150,49.4,63.7,6,30.3
SIM-REQ-01195,SIMULATED,SIM-MRISK-2026.1,TRD,1,OHE_INSPECTION,2,HIGH,2,36.1,18.9,53.8,2,1,16,0,2,90,12,53.5,105,98.0,57.3,240,73.0,80.2,0,43.8
SIM-REQ-01196,SIMULATED,SIM-MRISK-2026.1,SNT,2,RAIL_REPLACEMENT,1,LOW,0,71.3,8.1,78.1,2,10,20,0,6,180,222,67.2,22,48.0,114.9,90,64.2,67.1,23,34.5
SIM-REQ-01197,SIMULATED,SIM-MRISK-2026.1,ENGG,0,POINT_OVERHAUL,3,LOW,0,32.5,21.8,91.7,3,82,-7,7,2,90,55,59.8,46,61.3,50.5,90,89.9,43.0,2,93.6
SIM-REQ-01198,SIMULATED,SIM-MRISK-2026.1,ENGG,0,TRACK_TAMPING,0,MEDIUM,1,57.7,12.5,71.2,3,8,3,0,8,30,29,83.6,72,73.7,99.3,60,83.6,47.8,0,57.2
SIM-REQ-01199,SIMULATED,SIM-MRISK-2026.1,TRD,1,RAIL_REPLACEMENT,1,MEDIUM,1,73.9,14.2,87.2,1,28,6,0,4,60,82,45.0,26,37.4,92.4,180,47.5,41.1,6,33.2
SIM-REQ-01200,SIMULATED,SIM-MRISK-2026.1,TRD,1,OHE_INSPECTION,2,HIGH,2,16.3,28.2,52.6,4,5,3,0,7,90,45,87.1,42,54.6,135.2,120,98.0,79.0,17,67.0
SIM-REQ-01201,SIMULATED,SIM-MRISK-2026.1,ENGG,0,OHE_INSPECTION,2,LOW,0,85.9,15.6,32.0,1,10,-2,2,5,180,233,86.2,98,93.8,49.6,60,44.5,42.2,22,37.7
SIM-REQ-01202,SIMULATED,SIM-MRISK-2026.1,SNT,2,RAIL_REPLACEMENT,1,HIGH,2,85.4,2.3,78.5,2,10,0,0,7,180,87,47.9,73,74.9,79.1,180,60.6,50.1,18,40.8
SIM-REQ-01203,SIMULATED,SIM-MRISK-2026.1,ENGG,0,RAIL_REPLACEMENT,1,MEDIUM,1,65.2,13.1,71.5,1,9,0,0,3,180,26,58.8,92,83.1,55.5,120,49.7,57.0,18,41.5
SIM-REQ-01204,SIMULATED,SIM-MRISK-2026.1,ENGG,0,POINT_OVERHAUL,3,LOW,0,84.9,6.4,77.0,1,9,5,0,7,180,97,57.7,39,55.3,84.2,180,44.8,51.4,6,30.0
SIM-REQ-01205,SIMULATED,SIM-MRISK-2026.1,TRD,1,WELD_REPAIR,6,MEDIUM,1,90.6,5.5,73.5,1,6,3,0,4,180,37,76.9,89,77.9,56.7,90,43.4,37.3,20,35.9
SIM-REQ-01206,SIMULATED,SIM-MRISK-2026.1,ENGG,0,RAIL_REPLACEMENT,1,LOW,0,72.4,9.9,88.1,1,3,-19,19,8,60,22,70.6,40,48.3,193.8,120,47.9,50.8,2,46.6
SIM-REQ-01207,SIMULATED,SIM-MRISK-2026.1,ENGG,0,OHE_INSPECTION,2,LOW,0,73.8,8.2,59.3,1,0,-12,12,2,60,66,94.5,38,36.9,48.1,60,47.5,35.3,9,41.2
SIM-REQ-01208,SIMULATED,SIM-MRISK-2026.1,ENGG,0,BALLAST_CLEANING,4,LOW,0,57.4,14.8,53.6,1,1,-10,10,9,60,35,49.3,27,51.8,230.2,90,51.6,86.5,20,42.8
SIM-REQ-01209,SIMULATED,SIM-MRISK-2026.1,ENGG,0,TRACK_TAMPING,0,HIGH,2,61.3,16.0,53.9,1,3,17,0,4,90,80,77.2,47,69.1,98.0,180,50.7,84.9,4,24.7
SIM-REQ-01210,SIMULATED,SIM-MRISK-2026.1,TRD,1,TRACK_CIRCUIT,5,MEDIUM,1,71.6,12.9,34.9,2,14,15,0,5,60,81,41.6,28,48.5,113.1,60,64.1,44.1,7,37.3
SIM-REQ-01211,SIMULATED,SIM-MRISK-2026.1,SNT,2,TRACK_CIRCUIT,5,HIGH,2,61.5,12.3,64.0,2,3,0,0,1,45,49,96.6,44,45.8,38.3,240,66.6,80.9,5,34.8
SIM-REQ-01212,SIMULATED,SIM-MRISK-2026.1,ENGG,0,OHE_INSPECTION,2,LOW,0,83.5,10.5,56.0,2,46,3,0,5,45,68,83.4,62,68.5,96.0,150,61.1,65.6,6,42.1
SIM-REQ-01213,SIMULATED,SIM-MRISK-2026.1,SNT,2,WELD_REPAIR,6,HIGH,2,58.4,8.1,59.7,1,13,5,0,12,90,23,67.9,84,85.2,266.0,180,51.4,79.9,19,36.5
SIM-REQ-01214,SIMULATED,SIM-MRISK-2026.1,TRD,1,POINT_OVERHAUL,3,MEDIUM,1,64.3,19.8,82.4,2,6,-3,3,5,45,26,77.9,28,46.4,94.3,60,65.9,51.5,23,52.4
SIM-REQ-01215,SIMULATED,SIM-MRISK-2026.1,ENGG,0,WELD_REPAIR,6,MEDIUM,1,29.9,23.6,60.1,3,10,14,0,7,180,189,97.5,32,45.6,157.7,120,90.5,59.0,12,55.1
SIM-REQ-01216,SIMULATED,SIM-MRISK-2026.1,ENGG,0,WELD_REPAIR,6,MEDIUM,1,37.8,13.0,67.5,2,7,10,0,4,45,26,50.8,96,85.1,114.4,120,72.5,51.9,14,43.2
SIM-REQ-01217,SIMULATED,SIM-MRISK-2026.1,ENGG,0,WELD_REPAIR,6,HIGH,2,73.8,13.2,71.6,2,1,-5,5,10,60,25,73.1,52,61.5,138.2,150,63.5,47.2,15,52.5
SIM-REQ-01218,SIMULATED,SIM-MRISK-2026.1,TRD,1,TRACK_TAMPING,0,MEDIUM,1,76.4,8.9,61.7,1,0,3,0,3,180,136,73.7,76,74.3,64.7,240,46.9,45.1,11,30.4
SIM-REQ-01219,SIMULATED,SIM-MRISK-2026.1,ENGG,0,OHE_INSPECTION,2,MEDIUM,1,88.0,6.6,32.0,1,6,7,0,6,60,37,91.4,22,38.8,62.8,90,44.0,78.1,19,14.6
SIM-REQ-01220,SIMULATED,SIM-MRISK-2026.1,ENGG,0,RAIL_REPLACEMENT,1,MEDIUM,1,63.9,17.2,95.2,1,14,5,0,6,60,80,71.7,74,79.5,71.2,60,50.0,89.6,2,36.5
SIM-REQ-01221,SIMULATED,SIM-MRISK-2026.1,TRD,1,RAIL_REPLACEMENT,1,MEDIUM,1,84.5,6.6,80.4,1,5,12,0,4,30,38,43.7,40,50.4,71.5,60,44.9,65.0,9,32.7
SIM-REQ-01222,SIMULATED,SIM-MRISK-2026.1,TRD,1,POINT_OVERHAUL,3,HIGH,2,72.2,5.2,93.1,1,1,5,0,4,180,12,42.5,22,36.6,45.9,120,48.0,37.6,18,26.9
SIM-REQ-01223,SIMULATED,SIM-MRISK-2026.1,TRD,1,WELD_REPAIR,6,LOW,0,64.0,16.2,76.2,2,7,7,0,5,180,264,42.4,97,81.8,91.0,150,66.0,70.0,15,41.8
SIM-REQ-01224,SIMULATED,SIM-MRISK-2026.1,SNT,2,BALLAST_CLEANING,4,MEDIUM,1,78.2,10.1,81.9,1,12,-14,14,6,90,11,83.9,21,43.9,72.7,150,46.5,73.8,19,40.9
SIM-REQ-01225,SIMULATED,SIM-MRISK-2026.1,TRD,1,RAIL_REPLACEMENT,1,MEDIUM,1,72.2,5.5,97.7,1,25,0,0,4,90,77,85.9,87,75.2,95.6,120,48.0,43.6,0,31.2
SIM-REQ-01226,SIMULATED,SIM-MRISK-2026.1,OPTG,3,RAIL_REPLACEMENT,1,MEDIUM,1,75.0,13.1,78.3,2,15,9,0,4,60,28,56.9,85,75.2,58.3,120,63.2,72.2,0,40.7
SIM-REQ-01227,SIMULATED,SIM-MRISK-2026.1,ENGG,0,BALLAST_CLEANING,4,MEDIUM,1,70.4,16.8,76.8,1,3,3,0,2,30,17,68.7,58,71.2,50.3,90,48.4,53.1,1,31.4
SIM-REQ-01228,SIMULATED,SIM-MRISK-2026.1,TRD,1,OHE_INSPECTION,2,MEDIUM,1,54.5,19.4,54.7,1,74,7,0,4,30,47,67.9,58,69.6,92.4,240,52.4,71.8,8,29.2
SIM-REQ-01229,SIMULATED,SIM-MRISK-2026.1,ENGG,0,TRACK_CIRCUIT,5,HIGH,2,62.5,10.4,53.7,1,6,8,0,8,90,89,89.5,104,91.2,175.1,120,50.4,56.2,16,39.5
SIM-REQ-01230,SIMULATED,SIM-MRISK-2026.1,SNT,2,TRACK_CIRCUIT,5,MEDIUM,1,67.1,13.7,36.1,1,1,1,0,7,180,192,56.5,89,85.3,177.2,180,49.2,39.3,22,34.2
SIM-REQ-01231,SIMULATED,SIM-MRISK-2026.1,SNT,2,WELD_REPAIR,6,HIGH,2,82.7,6.1,62.8,1,20,26,0,7,60,43,74.2,113,97.9,177.7,180,45.3,87.7,14,36.6
SIM-REQ-01232,SIMULATED,SIM-MRISK-2026.1,TRD,1,RAIL_REPLACEMENT,1,HIGH,2,90.4,10.1,95.9,1,39,7,0,3,60,16,95.0,113,98.0,78.0,90,43.4,73.9,6,43.0
SIM-REQ-01233,SIMULATED,SIM-MRISK-2026.1,TRD,1,WELD_REPAIR,6,MEDIUM,1,85.7,11.5,60.4,1,44,0,0,4,90,62,72.2,20,35.8,69.4,240,44.6,43.3,11,23.1
SIM-REQ-01234,SIMULATED,SIM-MRISK-2026.1,TRD,1,BALLAST_CLEANING,4,MEDIUM,1,67.7,6.8,58.4,1,8,8,0,9,30,25,87.8,44,49.8,121.3,90,49.1,59.0,4,29.5
SIM-REQ-01235,SIMULATED,SIM-MRISK-2026.1,SNT,2,RAIL_REPLACEMENT,1,MEDIUM,1,57.7,9.4,81.8,3,14,12,0,6,180,192,86.5,82,79.0,80.2,120,83.6,58.4,6,55.8
SIM-REQ-01236,SIMULATED,SIM-MRISK-2026.1,ENGG,0,BALLAST_CLEANING,4,MEDIUM,1,61.0,8.2,55.2,2,15,-7,7,3,90,129,71.7,61,66.2,40.2,60,66.8,70.9,10,51.3
SIM-REQ-01237,SIMULATED,SIM-MRISK-2026.1,TRD,1,TRACK_CIRCUIT,5,HIGH,2,100.0,4.7,43.6,1,27,29,0,6,180,234,72.9,45,56.9,64.5,120,41.0,43.6,15,22.3
SIM-REQ-01238,SIMULATED,SIM-MRISK-2026.1,TRD,1,POINT_OVERHAUL,3,MEDIUM,1,54.5,15.6,75.9,1,1,10,0,5,45,53,47.0,100,87.2,117.2,150,52.4,59.1,3,35.9
SIM-REQ-01239,SIMULATED,SIM-MRISK-2026.1,TRD,1,BALLAST_CLEANING,4,LOW,0,72.7,3.9,62.3,1,9,-3,3,8,30,36,71.0,113,98.0,98.8,60,47.8,67.2,5,51.2
SIM-REQ-01240,SIMULATED,SIM-MRISK-2026.1,ENGG,0,POINT_OVERHAUL,3,MEDIUM,1,79.0,9.2,85.4,1,2,0,0,3,30,16,53.6,39,55.6,65.1,240,46.2,86.4,5,31.8
SIM-REQ-01241,SIMULATED,SIM-MRISK-2026.1,ENGG,0,TRACK_TAMPING,0,MEDIUM,1,83.8,10.7,60.1,1,11,3,0,7,30,30,46.7,43,54.1,80.6,60,45.0,57.1,11,27.6
SIM-REQ-01242,SIMULATED,SIM-MRISK-2026.1,ENGG,0,OHE_INSPECTION,2,LOW,0,100.0,6.4,43.1,2,21,-2,2,4,30,29,47.8,29,37.5,47.8,90,57.0,57.2,12,41.0
SIM-REQ-01243,SIMULATED,SIM-MRISK-2026.1,ENGG,0,BALLAST_CLEANING,4,HIGH,2,66.3,14.0,70.4,1,0,4,0,3,60,43,91.2,73,75.1,51.2,90,49.4,94.0,0,29.3
SIM-REQ-01244,SIMULATED,SIM-MRISK-2026.1,TRD,1,TRACK_CIRCUIT,5,HIGH,2,100.0,2.3,64.6,1,5,3,0,4,60,60,80.2,79,86.8,70.9,150,41.0,75.8,11,27.6
SIM-REQ-01245,SIMULATED,SIM-MRISK-2026.1,SNT,2,TRACK_TAMPING,0,MEDIUM,1,59.8,17.0,79.1,1,1,3,0,6,60,31,71.4,39,60.8,108.1,90,51.0,77.4,17,31.7
SIM-REQ-01246,SIMULATED,SIM-MRISK-2026.1,TRD,1,TRACK_TAMPING,0,MEDIUM,1,100.0,5.8,51.3,1,1,1,0,3,30,47,94.3,73,71.9,29.1,240,41.0,75.3,5,25.8
SIM-REQ-01247,SIMULATED,SIM-MRISK-2026.1,SNT,2,BALLAST_CLEANING,4,MEDIUM,1,32.6,24.0,68.3,2,40,9,0,5,45,26,53.3,43,46.5,85.7,180,73.8,64.8,11,47.1
SIM-REQ-01248,SIMULATED,SIM-MRISK-2026.1,TRD,1,OHE_INSPECTION,2,HIGH,2,72.7,13.2,70.6,2,3,5,0,7,30,23,65.6,86,83.9,90.6,60,63.8,64.7,3,41.5
SIM-REQ-01249,SIMULATED,SIM-MRISK-2026.1,ENGG,0,WELD_REPAIR,6,MEDIUM,1,57.3,11.2,69.9,2,16,0,0,7,180,145,71.3,87,76.2,91.3,240,67.7,58.1,19,46.5
SIM-REQ-01250,SIMULATED,SIM-MRISK-2026.1,TRD,1,BALLAST_CLEANING,4,MEDIUM,1,72.3,13.8,71.0,1,10,3,0,3,60,88,42.1,26,48.1,48.0,120,47.9,59.0,2,28.9
SIM-REQ-01251,SIMULATED,SIM-MRISK-2026.1,TRD,1,POINT_OVERHAUL,3,LOW,0,69.2,6.0,77.4,1,17,9,0,2,30,26,65.5,56,62.8,51.9,150,48.7,90.3,2,30.0
SIM-REQ-01252,SIMULATED,SIM-MRISK-2026.1,SNT,2,BALLAST_CLEANING,4,LOW,0,70.9,10.7,75.3,1,4,-3,3,2,45,13,55.0,56,58.5,33.4,90,48.3,42.4,15,38.6
SIM-REQ-01253,SIMULATED,SIM-MRISK-2026.1,OPTG,3,WELD_REPAIR,6,MEDIUM,1,67.3,17.5,65.1,1,13,1,0,5,180,62,50.2,26,33.8,136.3,240,49.2,74.5,9,29.1
SIM-REQ-01254,SIMULATED,SIM-MRISK-2026.1,ENGG,0,POINT_OVERHAUL,3,MEDIUM,1,93.8,4.2,93.1,2,25,-1,1,2,90,81,43.7,43,56.5,52.4,240,58.5,63.7,6,43.2
SIM-REQ-01255,SIMULATED,SIM-MRISK-2026.1,ENGG,0,TRACK_TAMPING,0,MEDIUM,1,59.3,16.4,57.5,2,5,-6,6,3,60,16,70.1,87,95.4,57.7,180,67.2,54.6,24,55.5
SIM-REQ-01256,SIMULATED,SIM-MRISK-2026.1,ENGG,0,RAIL_REPLACEMENT,1,MEDIUM,1,78.0,11.1,76.1,1,8,0,0,4,180,182,69.4,60,58.9,63.4,150,46.5,74.7,16,30.3
SIM-REQ-01257,SIMULATED,SIM-MRISK-2026.1,SNT,2,OHE_INSPECTION,2,MEDIUM,1,71.4,6.8,38.3,1,18,0,0,5,30,16,50.7,78,75.1,67.0,150,48.1,51.8,13,32.8
SIM-REQ-01258,SIMULATED,SIM-MRISK-2026.1,TRD,1,POINT_OVERHAUL,3,MEDIUM,1,72.0,3.0,84.7,1,12,-4,4,1,45,66,44.7,43,55.1,29.0,150,48.0,62.5,15,35.4
SIM-REQ-01259,SIMULATED,SIM-MRISK-2026.1,ENGG,0,BALLAST_CLEANING,4,HIGH,2,78.4,3.1,57.7,1,19,11,0,5,180,77,84.7,64,64.1,52.9,120,46.4,69.4,4,17.3
SIM-REQ-01260,SIMULATED,SIM-MRISK-2026.1,SNT,2,TRACK_TAMPING,0,LOW,0,92.5,4.8,60.8,2,10,1,0,5,30,30,88.3,82,80.0,103.8,240,58.9,80.4,9,35.9
SIM-REQ-01261,SIMULATED,SIM-MRISK-2026.1,ENGG,0,WELD_REPAIR,6,MEDIUM,1,49.3,15.6,53.1,1,17,22,0,6,60,85,43.2,90,83.7,118.3,240,53.7,85.3,22,33.6
SIM-REQ-01262,SIMULATED,SIM-MRISK-2026.1,TRD,1,OHE_INSPECTION,2,MEDIUM,1,88.8,7.3,47.3,1,3,8,0,2,60,50,45.0,46,56.4,25.0,120,43.8,53.7,19,19.8
SIM-REQ-01263,SIMULATED,SIM-MRISK-2026.1,TRD,1,RAIL_REPLACEMENT,1,MEDIUM,1,97.7,5.2,94.4,1,27,6,0,6,90,63,96.3,79,80.4,50.9,60,41.6,59.4,14,35.2
SIM-REQ-01264,SIMULATED,SIM-MRISK-2026.1,OPTG,3,POINT_OVERHAUL,3,LOW,0,72.8,8.9,80.9,1,3,5,0,5,90,31,59.9,75,67.7,52.9,60,47.8,38.0,23,33.3
SIM-REQ-01265,SIMULATED,SIM-MRISK-2026.1,ENGG,0,WELD_REPAIR,6,MEDIUM,1,68.9,9.3,62.1,1,2,2,0,7,180,254,89.9,31,42.7,158.7,150,48.8,93.7,2,26.9
SIM-REQ-01266,SIMULATED,SIM-MRISK-2026.1,ENGG,0,TRACK_TAMPING,0,MEDIUM,1,52.7,19.9,69.0,1,19,0,0,4,30,30,87.2,40,58.1,110.4,240,52.8,93.4,8,30.8
SIM-REQ-01267,SIMULATED,SIM-MRISK-2026.1,ENGG,0,BALLAST_CLEANING,4,MEDIUM,1,99.2,9.8,84.4,1,31,-14,14,3,45,59,48.6,89,76.3,31.7,60,41.2,53.1,2,49.9
SIM-REQ-01268,SIMULATED,SIM-MRISK-2026.1,OPTG,3,OHE_INSPECTION,2,MEDIUM,1,74.3,9.3,43.8,2,15,-1,1,6,90,112,48.9,38,47.8,113.1,120,63.4,67.7,21,40.6
SIM-REQ-01269,SIMULATED,SIM-MRISK-2026.1,SNT,2,OHE_INSPECTION,2,LOW,0,99.5,5.0,59.5,1,11,-11,11,3,45,29,68.0,71,67.9,54.7,150,41.1,39.2,12,38.9
SIM-REQ-01270,SIMULATED,SIM-MRISK-2026.1,ENGG,0,POINT_OVERHAUL,3,MEDIUM,1,48.0,15.9,85.3,2,12,17,0,6,90,36,66.2,71,65.1,75.2,180,70.0,79.1,15,44.6
SIM-REQ-01271,SIMULATED,SIM-MRISK-2026.1,ENGG,0,RAIL_REPLACEMENT,1,MEDIUM,1,91.0,4.6,94.8,2,1,21,0,0,90,10,42.9,28,39.2,3.6,60,59.2,39.7,6,26.9
SIM-REQ-01272,SIMULATED,SIM-MRISK-2026.1,TRD,1,RAIL_REPLACEMENT,1,LOW,0,59.5,13.7,93.5,2,37,17,0,4,30,20,69.1,111,93.8,106.0,180,67.1,49.7,3,52.6
SIM-REQ-01273,SIMULATED,SIM-MRISK-2026.1,ENGG,0,RAIL_REPLACEMENT,1,HIGH,2,84.7,3.6,93.7,2,8,-10,10,7,30,23,63.2,85,85.7,106.1,240,60.8,69.3,6,67.5
SIM-REQ-01274,SIMULATED,SIM-MRISK-2026.1,SNT,2,RAIL_REPLACEMENT,1,MEDIUM,1,69.9,12.4,97.2,1,2,9,0,7,45,45,55.4,80,79.5,128.5,150,48.5,88.6,6,34.5
SIM-REQ-01275,SIMULATED,SIM-MRISK-2026.1,ENGG,0,OHE_INSPECTION,2,MEDIUM,1,63.6,10.1,36.8,3,14,0,0,1,180,73,47.4,90,77.1,36.7,90,82.1,75.4,18,52.1
SIM-REQ-01276,SIMULATED,SIM-MRISK-2026.1,TRD,1,BALLAST_CLEANING,4,MEDIUM,1,34.0,26.1,50.7,2,32,1,0,9,60,39,87.7,87,76.2,179.8,240,73.5,42.7,9,51.2
SIM-REQ-01277,SIMULATED,SIM-MRISK-2026.1,ENGG,0,WELD_REPAIR,6,LOW,0,54.0,12.5,80.9,3,3,22,0,4,30,28,90.7,22,35.5,63.8,240,84.5,89.5,19,46.4
SIM-REQ-01278,SIMULATED,SIM-MRISK-2026.1,ENGG,0,RAIL_REPLACEMENT,1,MEDIUM,1,86.9,6.8,86.3,2,4,15,0,6,45,10,79.5,64,72.1,143.7,120,60.3,47.7,4,39.8
SIM-REQ-01279,SIMULATED,SIM-MRISK-2026.1,TRD,1,OHE_INSPECTION,2,HIGH,2,100.0,8.6,38.3,1,7,4,0,4,30,34,97.2,103,92.3,60.9,180,41.0,63.4,10,23.0
SIM-REQ-01280,SIMULATED,SIM-MRISK-2026.1,SNT,2,TRACK_CIRCUIT,5,LOW,0,68.5,12.9,70.6,2,17,14,0,5,45,53,87.6,101,88.3,128.9,240,64.9,69.9,19,43.8
SIM-REQ-01281,SIMULATED,SIM-MRISK-2026.1,OPTG,3,RAIL_REPLACEMENT,1,MEDIUM,1,65.6,8.6,86.0,2,3,11,0,5,45,53,46.0,20,39.0,121.1,150,65.6,80.7,7,37.9
SIM-REQ-01282,SIMULATED,SIM-MRISK-2026.1,SNT,2,TRACK_CIRCUIT,5,MEDIUM,1,82.4,12.5,32.1,1,3,4,0,3,30,34,86.0,64,71.8,37.5,90,45.4,94.9,21,21.1
SIM-REQ-01283,SIMULATED,SIM-MRISK-2026.1,ENGG,0,WELD_REPAIR,6,HIGH,2,57.7,14.5,58.1,1,9,6,0,3,90,31,86.0,50,66.9,80.7,150,51.6,86.1,22,25.3
SIM-REQ-01284,SIMULATED,SIM-MRISK-2026.1,TRD,1,BALLAST_CLEANING,4,MEDIUM,1,36.4,22.1,77.6,2,2,2,0,6,45,14,75.6,65,61.8,146.4,240,72.9,89.9,6,46.7
SIM-REQ-01285,SIMULATED,SIM-MRISK-2026.1,TRD,1,TRACK_CIRCUIT,5,MEDIUM,1,58.6,14.4,44.6,1,12,-1,1,7,90,110,92.5,99,86.7,81.9,90,51.4,43.7,16,37.9
SIM-REQ-01286,SIMULATED,SIM-MRISK-2026.1,TRD,1,POINT_OVERHAUL,3,MEDIUM,1,60.9,11.0,93.1,1,2,-2,2,8,60,78,61.5,85,74.4,161.8,150,50.8,64.8,21,45.5
SIM-REQ-01287,SIMULATED,SIM-MRISK-2026.1,ENGG,0,RAIL_REPLACEMENT,1,LOW,0,79.5,7.1,92.0,1,9,19,0,3,45,34,41.9,73,75.5,36.6,150,46.1,79.9,15,26.5
SIM-REQ-01288,SIMULATED,SIM-MRISK-2026.1,SNT,2,TRACK_TAMPING,0,LOW,0,90.3,9.0,59.9,1,0,6,0,3,30,23,60.4,78,75.0,32.8,120,43.4,79.7,21,23.8
SIM-REQ-01289,SIMULATED,SIM-MRISK-2026.1,TRD,1,TRACK_CIRCUIT,5,MEDIUM,1,51.5,9.9,44.0,1,4,6,0,7,180,178,61.4,23,45.0,134.9,120,53.1,70.8,11,28.5
SIM-REQ-01290,SIMULATED,SIM-MRISK-2026.1,ENGG,0,TRACK_TAMPING,0,HIGH,2,66.4,7.5,64.0,2,24,-1,1,4,60,13,69.4,93,90.3,91.9,180,65.4,56.9,15,46.7
SIM-REQ-01291,SIMULATED,SIM-MRISK-2026.1,SNT,2,POINT_OVERHAUL,3,LOW,0,52.4,18.4,79.7,2,0,1,0,9,30,24,76.3,110,98.0,234.6,60,68.9,85.5,15,53.5
SIM-REQ-01292,SIMULATED,SIM-MRISK-2026.1,ENGG,0,RAIL_REPLACEMENT,1,HIGH,2,80.7,3.3,92.3,1,13,0,0,8,45,24,60.4,111,94.6,124.3,60,45.8,36.6,10,41.1
SIM-REQ-01293,SIMULATED,SIM-MRISK-2026.1,ENGG,0,POINT_OVERHAUL,3,LOW,0,62.6,9.9,82.5,2,17,-2,2,2,30,23,62.7,65,67.4,40.6,180,66.3,37.8,14,46.5
SIM-REQ-01294,SIMULATED,SIM-MRISK-2026.1,SNT,2,OHE_INSPECTION,2,LOW,0,97.3,8.6,51.7,1,0,14,0,3,30,46,81.0,41,47.6,75.5,60,41.7,44.9,14,11.8
SIM-REQ-01295,SIMULATED,SIM-MRISK-2026.1,OPTG,3,TRACK_TAMPING,0,MEDIUM,1,65.1,13.9,79.0,2,37,16,0,2,90,24,94.8,37,44.4,39.2,150,65.7,71.0,24,35.8
SIM-REQ-01296,SIMULATED,SIM-MRISK-2026.1,TRD,1,RAIL_REPLACEMENT,1,MEDIUM,1,81.4,8.4,92.1,1,13,17,0,5,60,33,70.9,94,71.5,49.6,60,45.6,78.8,1,32.5
SIM-REQ-01297,SIMULATED,SIM-MRISK-2026.1,TRD,1,WELD_REPAIR,6,MEDIUM,1,79.3,13.4,63.6,2,28,6,0,7,45,28,91.3,85,74.0,116.0,90,62.2,81.8,24,45.1
SIM-REQ-01298,SIMULATED,SIM-MRISK-2026.1,ENGG,0,RAIL_REPLACEMENT,1,MEDIUM,1,67.8,9.8,73.0,1,46,-7,7,7,45,29,44.1,35,46.3,79.6,90,49.0,85.9,7,42.9
SIM-REQ-01299,SIMULATED,SIM-MRISK-2026.1,SNT,2,RAIL_REPLACEMENT,1,HIGH,2,88.9,6.9,71.4,2,1,17,0,3,45,34,70.6,23,35.3,34.4,60,59.8,68.2,11,28.8
SIM-REQ-01300,SIMULATED,SIM-MRISK-2026.1,ENGG,0,BALLAST_CLEANING,4,HIGH,2,71.6,6.6,59.5,2,40,11,0,4,180,111,58.6,108,98.0,61.3,150,64.1,91.2,13,44.7
SIM-REQ-01301,SIMULATED,SIM-MRISK-2026.1,SNT,2,BALLAST_CLEANING,4,MEDIUM,1,60.4,16.6,67.8,2,3,9,0,6,45,49,79.4,61,67.2,97.3,240,66.9,41.1,20,42.5
SIM-REQ-01302,SIMULATED,SIM-MRISK-2026.1,TRD,1,TRACK_TAMPING,0,LOW,0,88.0,4.7,52.5,1,21,-3,3,6,45,55,51.5,49,54.8,73.3,150,44.0,89.0,7,30.3
SIM-REQ-01303,SIMULATED,SIM-MRISK-2026.1,ENGG,0,TRACK_TAMPING,0,HIGH,2,79.2,1.5,70.9,2,12,-4,4,3,90,33,76.8,103,92.2,41.9,240,62.2,58.4,23,58.4
SIM-REQ-01304,SIMULATED,SIM-MRISK-2026.1,SNT,2,TRACK_CIRCUIT,5,MEDIUM,1,63.6,8.8,56.9,2,14,5,0,6,180,228,86.3,83,75.3,151.6,60,66.1,61.8,23,37.0
SIM-REQ-01305,SIMULATED,SIM-MRISK-2026.1,SNT,2,WELD_REPAIR,6,HIGH,2,64.8,11.6,78.3,1,0,13,0,5,180,78,44.1,28,46.0,59.5,90,49.8,74.7,6,24.4
SIM-REQ-01306,SIMULATED,SIM-MRISK-2026.1,ENGG,0,WELD_REPAIR,6,MEDIUM,1,94.2,2.4,52.0,1,0,5,0,7,90,132,95.5,111,94.6,155.2,150,42.5,73.6,16,32.6
SIM-REQ-01307,SIMULATED,SIM-MRISK-2026.1,ENGG,0,POINT_OVERHAUL,3,MEDIUM,1,55.6,10.8,80.3,2,8,8,0,9,90,140,41.5,35,55.1,188.6,60,68.1,40.0,24,37.1
SIM-REQ-01308,SIMULATED,SIM-MRISK-2026.1,ENGG,0,TRACK_TAMPING,0,MEDIUM,1,65.6,23.7,67.7,1,14,29,0,7,45,55,77.2,96,84.6,132.9,240,49.6,76.3,1,30.9
SIM-REQ-01309,SIMULATED,SIM-MRISK-2026.1,ENGG,0,BALLAST_CLEANING,4,MEDIUM,1,94.3,9.4,82.8,1,23,16,0,3,30,38,59.2,79,83.2,49.8,180,42.4,94.3,13,23.4
SIM-REQ-01310,SIMULATED,SIM-MRISK-2026.1,TRD,1,OHE_INSPECTION,2,MEDIUM,1,49.5,16.4,50.1,2,15,0,0,11,90,15,57.0,73,74.3,206.8,90,69.6,60.2,13,44.4
SIM-REQ-01311,SIMULATED,SIM-MRISK-2026.1,ENGG,0,OHE_INSPECTION,2,MEDIUM,1,67.8,20.1,72.5,2,2,0,0,4,90,137,57.6,59,65.8,80.3,240,65.0,39.2,13,34.1
SIM-REQ-01312,SIMULATED,SIM-MRISK-2026.1,TRD,1,TRACK_CIRCUIT,5,MEDIUM,1,48.8,26.7,50.4,2,0,0,0,2,60,46,80.1,81,74.2,51.0,120,69.8,45.8,14,38.0
SIM-REQ-01313,SIMULATED,SIM-MRISK-2026.1,OPTG,3,OHE_INSPECTION,2,HIGH,2,66.6,19.5,67.4,1,1,1,0,2,180,21,49.2,93,88.9,44.0,60,49.4,77.7,2,34.7
SIM-REQ-01314,SIMULATED,SIM-MRISK-2026.1,ENGG,0,TRACK_CIRCUIT,5,LOW,0,76.6,5.6,41.1,1,5,3,0,5,45,21,48.9,79,75.8,93.5,240,46.9,53.0,20,24.6
SIM-REQ-01315,SIMULATED,SIM-MRISK-2026.1,ENGG,0,BALLAST_CLEANING,4,MEDIUM,1,98.4,4.2,78.5,1,6,7,0,4,60,24,54.7,81,76.7,100.6,60,41.4,36.8,16,32.6
SIM-REQ-01316,SIMULATED,SIM-MRISK-2026.1,SNT,2,OHE_INSPECTION,2,MEDIUM,1,77.2,8.4,39.1,1,7,2,0,4,30,21,71.6,70,73.6,53.1,240,46.7,72.1,7,22.8
SIM-REQ-01317,SIMULATED,SIM-MRISK-2026.1,TRD,1,BALLAST_CLEANING,4,MEDIUM,1,49.9,18.5,61.9,2,17,-4,4,4,60,52,86.8,94,80.5,94.9,180,69.5,64.2,24,57.4
SIM-REQ-01318,SIMULATED,SIM-MRISK-2026.1,ENGG,0,WELD_REPAIR,6,LOW,0,95.8,5.4,57.4,1,1,17,0,1,180,22,67.9,54,49.8,21.6,150,42.0,68.0,22,21.4
SIM-REQ-01319,SIMULATED,SIM-MRISK-2026.1,TRD,1,RAIL_REPLACEMENT,1,LOW,0,99.9,6.6,87.2,1,17,-2,2,2,45,16,40.8,32,43.3,26.1,150,41.0,41.5,17,29.2
SIM-REQ-01320,SIMULATED,SIM-MRISK-2026.1,SNT,2,WELD_REPAIR,6,HIGH,2,72.3,5.5,82.6,1,7,0,0,2,90,99,80.9,25,32.3,32.4,240,47.9,46.7,7,26.9
SIM-REQ-01321,SIMULATED,SIM-MRISK-2026.1,ENGG,0,RAIL_REPLACEMENT,1,HIGH,2,41.9,23.1,92.3,1,2,7,0,6,60,45,80.2,59,68.8,81.6,60,55.5,71.7,16,43.4
SIM-REQ-01322,SIMULATED,SIM-MRISK-2026.1,SNT,2,TRACK_CIRCUIT,5,LOW,0,67.9,18.7,73.7,1,48,14,0,5,90,134,60.2,84,82.0,74.6,120,49.0,87.5,19,36.0
SIM-REQ-01323,SIMULATED,SIM-MRISK-2026.1,SNT,2,WELD_REPAIR,6,HIGH,2,44.1,17.4,53.0,2,9,-7,7,3,180,42,86.5,52,53.9,46.5,90,71.0,52.6,15,55.5
SIM-REQ-01324,SIMULATED,SIM-MRISK-2026.1,ENGG,0,POINT_OVERHAUL,3,MEDIUM,1,57.7,12.5,86.3,2,37,10,0,3,180,58,47.0,85,86.8,66.7,120,67.6,47.2,0,46.1
SIM-REQ-01325,SIMULATED,SIM-MRISK-2026.1,SNT,2,POINT_OVERHAUL,3,HIGH,2,57.1,10.3,75.1,2,14,-12,12,6,60,77,57.6,85,80.4,77.1,90,67.7,51.2,16,63.5
SIM-REQ-01326,SIMULATED,SIM-MRISK-2026.1,TRD,1,OHE_INSPECTION,2,HIGH,2,88.2,1.9,73.1,1,6,6,0,5,90,37,48.0,111,98.0,91.7,60,44.0,87.6,4,33.0
SIM-REQ-01327,SIMULATED,SIM-MRISK-2026.1,SNT,2,BALLAST_CLEANING,4,HIGH,2,87.5,5.3,81.6,1,30,11,0,5,60,46,82.5,114,98.0,71.8,150,44.1,76.9,3,33.0
SIM-REQ-01328,SIMULATED,SIM-MRISK-2026.1,ENGG,0,TRACK_TAMPING,0,HIGH,2,46.5,19.1,79.5,2,10,14,0,5,45,26,79.9,104,90.3,116.5,150,70.4,46.4,5,52.1
SIM-REQ-01329,SIMULATED,SIM-MRISK-2026.1,TRD,1,WELD_REPAIR,6,MEDIUM,1,78.8,8.3,52.6,1,41,15,0,9,180,73,60.6,39,48.7,129.4,60,46.3,42.3,6,20.4
SIM-REQ-01330,SIMULATED,SIM-MRISK-2026.1,ENGG,0,TRACK_TAMPING,0,LOW,0,90.8,4.6,62.1,1,14,10,0,2,30,32,58.0,109,98.0,34.3,150,43.3,55.7,13,34.2
SIM-REQ-01331,SIMULATED,SIM-MRISK-2026.1,ENGG,0,WELD_REPAIR,6,MEDIUM,1,97.5,4.7,83.6,1,10,-1,1,4,180,195,71.1,37,41.3,40.3,180,41.6,66.2,0,35.4
SIM-REQ-01332,SIMULATED,SIM-MRISK-2026.1,ENGG,0,OHE_INSPECTION,2,MEDIUM,1,58.8,9.0,30.7,2,23,3,0,6,45,53,90.6,63,69.0,64.8,60,67.3,47.6,24,34.2
SIM-REQ-01333,SIMULATED,SIM-MRISK-2026.1,TRD,1,OHE_INSPECTION,2,MEDIUM,1,97.8,4.9,40.3,1,11,-9,9,5,180,272,54.9,73,73.7,112.6,150,41.5,80.7,8,39.4
SIM-REQ-01334,SIMULATED,SIM-MRISK-2026.1,TRD,1,BALLAST_CLEANING,4,LOW,0,64.6,14.1,66.4,3,5,9,0,4,30,10,86.1,113,95.1,52.8,120,81.8,79.9,7,56.7
SIM-REQ-01335,SIMULATED,SIM-MRISK-2026.1,OPTG,3,POINT_OVERHAUL,3,LOW,0,70.5,8.5,81.7,1,12,2,0,2,30,38,96.9,89,70.7,53.6,60,48.4,92.4,14,31.3
SIM-REQ-01336,SIMULATED,SIM-MRISK-2026.1,TRD,1,OHE_INSPECTION,2,MEDIUM,1,59.7,8.3,44.0,2,0,18,0,4,60,73,55.4,95,81.2,58.3,60,67.1,77.2,7,34.5
SIM-REQ-01337,SIMULATED,SIM-MRISK-2026.1,ENGG,0,TRACK_TAMPING,0,MEDIUM,1,49.2,14.5,72.5,1,7,20,0,2,60,45,48.3,75,68.9,53.8,240,53.7,71.3,21,31.7
SIM-REQ-01338,SIMULATED,SIM-MRISK-2026.1,ENGG,0,OHE_INSPECTION,2,MEDIUM,1,74.8,9.9,65.6,1,33,17,0,4,180,34,95.1,49,51.2,74.6,90,47.3,41.3,4,29.6
SIM-REQ-01339,SIMULATED,SIM-MRISK-2026.1,ENGG,0,POINT_OVERHAUL,3,MEDIUM,1,92.4,9.2,93.0,2,26,-5,5,2,90,30,80.5,80,77.3,46.3,180,58.9,62.2,13,58.1
SIM-REQ-01340,SIMULATED,SIM-MRISK-2026.1,TRD,1,RAIL_REPLACEMENT,1,MEDIUM,1,57.8,8.5,77.0,2,39,8,0,3,60,21,61.9,64,63.2,73.6,90,67.5,79.9,12,43.0
SIM-REQ-01341,SIMULATED,SIM-MRISK-2026.1,ENGG,0,OHE_INSPECTION,2,HIGH,2,71.2,12.6,32.2,1,4,18,0,8,45,25,41.7,40,52.7,99.4,90,48.2,92.1,6,18.3
SIM-REQ-01342,SIMULATED,SIM-MRISK-2026.1,OPTG,3,RAIL_REPLACEMENT,1,HIGH,2,82.2,13.1,95.7,1,1,19,0,8,45,49,44.4,81,90.4,116.0,180,45.5,79.7,18,36.7
SIM-REQ-01343,SIMULATED,SIM-MRISK-2026.1,ENGG,0,TRACK_TAMPING,0,LOW,0,73.6,11.0,62.1,1,4,-4,4,7,180,113,87.4,48,50.2,85.4,90,47.6,75.9,8,33.7
SIM-REQ-01344,SIMULATED,SIM-MRISK-2026.1,ENGG,0,POINT_OVERHAUL,3,MEDIUM,1,65.2,5.3,95.0,1,9,6,0,2,60,53,59.9,35,43.8,62.2,120,49.7,74.2,7,33.9
SIM-REQ-01345,SIMULATED,SIM-MRISK-2026.1,ENGG,0,POINT_OVERHAUL,3,HIGH,2,62.1,15.8,85.0,1,0,0,0,3,30,34,51.0,99,89.3,83.5,120,50.5,46.9,11,35.2
SIM-REQ-01346,SIMULATED,SIM-MRISK-2026.1,ENGG,0,TRACK_TAMPING,0,MEDIUM,1,89.7,8.4,68.1,1,10,19,0,1,90,102,51.1,72,70.1,27.8,240,43.6,87.7,4,21.9
SIM-REQ-01347,SIMULATED,SIM-MRISK-2026.1,ENGG,0,BALLAST_CLEANING,4,MEDIUM,1,77.8,2.9,58.6,1,3,-4,4,3,180,98,92.7,77,72.9,82.7,60,46.5,48.1,3,42.8
SIM-REQ-01348,SIMULATED,SIM-MRISK-2026.1,TRD,1,TRACK_TAMPING,0,LOW,0,45.8,16.5,80.7,3,12,8,0,7,90,90,92.0,104,93.1,141.0,60,86.5,36.3,3,59.2
SIM-REQ-01349,SIMULATED,SIM-MRISK-2026.1,SNT,2,OHE_INSPECTION,2,MEDIUM,1,60.2,14.5,74.5,3,1,-2,2,6,90,136,88.6,31,45.9,78.3,90,83.0,42.4,10,55.5
SIM-REQ-01350,SIMULATED,SIM-MRISK-2026.1,ENGG,0,WELD_REPAIR,6,MEDIUM,1,89.8,2.3,52.1,1,1,1,0,2,180,94,83.0,43,48.0,35.2,180,43.5,45.9,9,26.0
SIM-REQ-01351,SIMULATED,SIM-MRISK-2026.1,ENGG,0,POINT_OVERHAUL,3,HIGH,2,90.6,6.9,88.2,2,4,-6,6,2,90,20,57.0,22,42.5,44.2,180,59.4,78.0,6,46.7
SIM-REQ-01352,SIMULATED,SIM-MRISK-2026.1,OPTG,3,RAIL_REPLACEMENT,1,HIGH,2,69.0,9.7,78.7,1,3,-2,2,4,45,71,93.5,71,65.7,80.1,90,48.8,73.6,13,35.7
SIM-REQ-01353,SIMULATED,SIM-MRISK-2026.1,ENGG,0,BALLAST_CLEANING,4,LOW,0,70.1,11.9,83.5,1,11,8,0,3,30,32,91.6,25,33.8,40.9,180,48.5,40.6,15,25.4
SIM-REQ-01354,SIMULATED,SIM-MRISK-2026.1,ENGG,0,TRACK_CIRCUIT,5,MEDIUM,1,72.2,14.0,45.8,2,15,22,0,4,90,42,72.2,106,98.0,92.6,120,64.0,59.2,8,35.3
SIM-REQ-01355,SIMULATED,SIM-MRISK-2026.1,ENGG,0,BALLAST_CLEANING,4,MEDIUM,1,63.3,17.5,73.5,3,10,-7,7,4,180,265,48.1,44,56.4,114.5,60,82.2,55.7,20,60.9
SIM-REQ-01356,SIMULATED,SIM-MRISK-2026.1,TRD,1,WELD_REPAIR,6,HIGH,2,82.1,5.0,64.2,1,32,14,0,7,90,16,60.1,81,85.8,67.7,150,45.5,49.3,24,32.7
SIM-REQ-01357,SIMULATED,SIM-MRISK-2026.1,ENGG,0,TRACK_CIRCUIT,5,HIGH,2,44.3,23.1,65.1,1,24,-1,1,2,90,48,77.4,97,86.0,63.5,120,54.9,62.4,1,41.6
SIM-REQ-01358,SIMULATED,SIM-MRISK-2026.1,SNT,2,POINT_OVERHAUL,3,MEDIUM,1,80.9,8.1,94.4,2,10,-1,1,5,90,17,78.5,34,53.6,56.6,60,61.8,66.7,18,50.3
SIM-REQ-01359,SIMULATED,SIM-MRISK-2026.1,ENGG,0,BALLAST_CLEANING,4,MEDIUM,1,97.1,9.5,59.7,1,16,1,0,8,45,66,78.5,27,41.8,164.7,150,41.7,45.5,8,25.2
SIM-REQ-01360,SIMULATED,SIM-MRISK-2026.1,TRD,1,TRACK_TAMPING,0,LOW,0,34.5,26.6,80.3,4,50,-22,22,8,30,35,57.2,29,37.0,198.8,180,98.0,90.7,9,98.5
SIM-REQ-01361,SIMULATED,SIM-MRISK-2026.1,ENGG,0,POINT_OVERHAUL,3,MEDIUM,1,81.8,4.6,84.2,1,1,-1,1,5,45,56,80.0,53,58.7,120.9,150,45.5,51.8,17,33.9
SIM-REQ-01362,SIMULATED,SIM-MRISK-2026.1,SNT,2,WELD_REPAIR,6,LOW,0,78.7,8.9,72.1,1,2,22,0,3,45,70,53.1,20,34.5,83.4,120,46.3,58.4,20,21.2
SIM-REQ-01363,SIMULATED,SIM-MRISK-2026.1,TRD,1,POINT_OVERHAUL,3,MEDIUM,1,81.5,11.2,93.8,1,14,-7,7,3,45,35,86.4,63,72.1,54.3,180,45.6,76.7,21,46.2
SIM-REQ-01364,SIMULATED,SIM-MRISK-2026.1,OPTG,3,POINT_OVERHAUL,3,HIGH,2,88.9,4.5,79.2,2,5,4,0,1,30,43,59.4,64,73.3,26.3,90,59.8,80.9,8,36.0
SIM-REQ-01365,SIMULATED,SIM-MRISK-2026.1,TRD,1,OHE_INSPECTION,2,LOW,0,71.1,6.9,47.0,1,5,7,0,4,45,66,72.9,22,49.9,100.7,180,48.2,77.5,4,22.5
SIM-REQ-01366,SIMULATED,SIM-MRISK-2026.1,ENGG,0,POINT_OVERHAUL,3,MEDIUM,1,56.2,20.4,95.5,3,9,9,0,7,30,26,66.7,74,80.2,73.9,90,84.0,42.3,18,58.0
SIM-REQ-01367,SIMULATED,SIM-MRISK-2026.1,SNT,2,TRACK_CIRCUIT,5,MEDIUM,1,82.6,9.5,61.3,2,3,5,0,2,90,17,92.4,34,52.8,47.4,150,61.4,55.3,18,32.1
SIM-REQ-01368,SIMULATED,SIM-MRISK-2026.1,TRD,1,POINT_OVERHAUL,3,HIGH,2,98.4,5.5,83.5,2,2,5,0,2,60,84,92.6,38,44.5,38.0,90,57.4,60.2,7,29.2
SIM-REQ-01369,SIMULATED,SIM-MRISK-2026.1,OPTG,3,TRACK_TAMPING,0,MEDIUM,1,66.9,12.9,62.8,2,9,-4,4,5,45,54,72.8,23,37.7,114.5,120,65.3,64.9,2,43.0
SIM-REQ-01370,SIMULATED,SIM-MRISK-2026.1,TRD,1,TRACK_TAMPING,0,MEDIUM,1,72.2,8.9,58.4,2,10,-7,7,6,90,132,87.8,38,49.9,138.3,120,64.0,84.7,1,52.5
SIM-REQ-01371,SIMULATED,SIM-MRISK-2026.1,ENGG,0,BALLAST_CLEANING,4,MEDIUM,1,75.8,11.9,75.4,2,17,-1,1,5,30,36,43.4,68,60.0,82.1,240,63.0,39.1,10,47.8
SIM-REQ-01372,SIMULATED,SIM-MRISK-2026.1,ENGG,0,TRACK_TAMPING,0,MEDIUM,1,67.3,9.0,68.9,1,51,6,0,5,60,66,67.3,90,80.1,121.9,60,49.2,41.9,2,31.2
SIM-REQ-01373,SIMULATED,SIM-MRISK-2026.1,TRD,1,POINT_OVERHAUL,3,MEDIUM,1,76.9,9.6,77.5,2,7,-5,5,5,180,210,89.3,57,62.2,115.2,240,62.8,63.5,17,50.5
SIM-REQ-01374,SIMULATED,SIM-MRISK-2026.1,SNT,2,TRACK_TAMPING,0,MEDIUM,1,99.1,10.7,76.2,1,4,8,0,1,45,52,93.6,43,51.3,8.5,120,41.2,89.3,24,27.9
SIM-REQ-01375,SIMULATED,SIM-MRISK-2026.1,TRD,1,OHE_INSPECTION,2,HIGH,2,76.2,1.5,45.3,1,6,-2,2,5,60,56,93.8,55,57.8,102.5,60,47.0,92.6,11,30.7
SIM-REQ-01376,SIMULATED,SIM-MRISK-2026.1,TRD,1,TRACK_CIRCUIT,5,HIGH,2,81.0,3.4,73.7,1,20,-7,7,8,45,12,76.3,84,73.1,151.7,240,45.8,63.2,6,53.2
SIM-REQ-01377,SIMULATED,SIM-MRISK-2026.1,SNT,2,BALLAST_CLEANING,4,MEDIUM,1,78.3,7.7,64.2,1,26,-4,4,5,60,41,97.6,67,67.1,87.6,240,46.4,45.9,8,38.9
SIM-REQ-01378,SIMULATED,SIM-MRISK-2026.1,TRD,1,POINT_OVERHAUL,3,LOW,0,74.7,8.9,90.4,1,22,8,0,9,90,22,61.2,89,86.5,213.0,60,47.3,66.6,18,37.8
SIM-REQ-01379,SIMULATED,SIM-MRISK-2026.1,SNT,2,BALLAST_CLEANING,4,MEDIUM,1,36.9,26.4,79.8,2,3,3,0,4,60,95,74.2,23,35.0,105.7,60,72.8,79.0,20,43.6
SIM-REQ-01380,SIMULATED,SIM-MRISK-2026.1,ENGG,0,WELD_REPAIR,6,MEDIUM,1,94.4,9.8,78.4,2,12,-3,3,1,180,79,91.6,65,63.6,21.4,60,58.4,84.9,20,48.0
SIM-REQ-01381,SIMULATED,SIM-MRISK-2026.1,TRD,1,OHE_INSPECTION,2,LOW,0,67.8,7.2,34.4,1,13,10,0,6,45,62,43.2,24,47.5,148.1,90,49.0,83.8,16,21.9
SIM-REQ-01382,SIMULATED,SIM-MRISK-2026.1,SNT,2,WELD_REPAIR,6,MEDIUM,1,67.0,9.4,79.9,1,2,5,0,6,90,28,70.3,28,37.6,93.0,240,49.2,77.6,1,27.2
SIM-REQ-01383,SIMULATED,SIM-MRISK-2026.1,TRD,1,POINT_OVERHAUL,3,HIGH,2,87.7,6.7,88.8,1,3,-4,4,5,180,12,94.1,71,61.8,78.3,120,44.1,47.5,6,41.1
SIM-REQ-01384,SIMULATED,SIM-MRISK-2026.1,ENGG,0,POINT_OVERHAUL,3,HIGH,2,65.4,18.9,89.7,2,30,0,0,7,45,70,75.3,86,85.4,84.3,90,65.7,40.4,23,56.1
SIM-REQ-01385,SIMULATED,SIM-MRISK-2026.1,TRD,1,RAIL_REPLACEMENT,1,MEDIUM,1,81.6,7.0,93.3,2,12,-3,3,8,90,31,91.2,33,40.1,112.4,180,61.6,65.8,5,49.4
SIM-REQ-01386,SIMULATED,SIM-MRISK-2026.1,ENGG,0,TRACK_CIRCUIT,5,MEDIUM,1,91.0,5.5,31.7,1,35,9,0,6,90,143,80.1,100,88.5,75.1,90,43.2,91.4,12,26.0
SIM-REQ-01387,SIMULATED,SIM-MRISK-2026.1,SNT,2,TRACK_TAMPING,0,LOW,0,67.8,6.1,60.6,1,17,-2,2,0,90,87,73.0,107,98.0,12.9,120,49.0,51.9,9,45.6
SIM-REQ-01388,SIMULATED,SIM-MRISK-2026.1,ENGG,0,TRACK_TAMPING,0,MEDIUM,1,55.3,19.2,67.3,2,1,0,0,6,30,40,50.9,22,45.8,93.4,180,68.2,47.8,14,39.9
SIM-REQ-01389,SIMULATED,SIM-MRISK-2026.1,ENGG,0,TRACK_CIRCUIT,5,MEDIUM,1,44.4,20.3,49.5,2,24,14,0,4,45,65,92.8,26,41.5,74.8,180,70.9,90.0,17,31.6
SIM-REQ-01390,SIMULATED,SIM-MRISK-2026.1,ENGG,0,OHE_INSPECTION,2,MEDIUM,1,90.6,7.8,41.8,2,8,12,0,3,90,85,50.5,37,52.9,32.7,60,59.4,53.8,18,23.5
SIM-REQ-01391,SIMULATED,SIM-MRISK-2026.1,ENGG,0,TRACK_TAMPING,0,LOW,0,77.7,8.1,84.9,1,3,11,0,8,30,30,67.2,42,46.8,126.9,90,46.6,74.5,8,27.4
SIM-REQ-01392,SIMULATED,SIM-MRISK-2026.1,ENGG,0,POINT_OVERHAUL,3,MEDIUM,1,68.5,7.7,96.3,1,8,14,0,8,60,55,52.3,31,40.7,180.8,180,48.9,77.4,24,31.9
SIM-REQ-01393,SIMULATED,SIM-MRISK-2026.1,SNT,2,POINT_OVERHAUL,3,MEDIUM,1,64.9,22.8,94.9,3,8,22,0,4,45,60,56.8,113,98.0,62.7,60,81.8,80.2,4,63.9
SIM-REQ-01394,SIMULATED,SIM-MRISK-2026.1,ENGG,0,OHE_INSPECTION,2,HIGH,2,59.6,13.3,41.8,2,23,10,0,5,180,122,97.1,58,56.4,78.2,150,67.1,77.9,19,37.3
SIM-REQ-01395,SIMULATED,SIM-MRISK-2026.1,OPTG,3,OHE_INSPECTION,2,MEDIUM,1,57.6,15.2,38.7,1,1,-20,20,5,90,87,91.7,99,97.2,62.3,60,51.6,92.8,1,49.6
SIM-REQ-01396,SIMULATED,SIM-MRISK-2026.1,ENGG,0,TRACK_CIRCUIT,5,LOW,0,78.1,13.7,47.7,1,1,-20,20,5,60,68,73.2,104,89.8,63.5,120,46.5,36.9,23,45.8
SIM-REQ-01397,SIMULATED,SIM-MRISK-2026.1,TRD,1,OHE_INSPECTION,2,HIGH,2,90.7,3.9,59.9,1,10,15,0,1,90,45,41.8,68,76.8,19.6,180,43.3,65.0,4,21.8
SIM-REQ-01398,SIMULATED,SIM-MRISK-2026.1,SNT,2,TRACK_CIRCUIT,5,HIGH,2,81.6,2.9,46.6,1,17,32,0,3,180,283,72.1,76,71.7,50.6,120,45.6,57.6,22,21.4
SIM-REQ-01399,SIMULATED,SIM-MRISK-2026.1,SNT,2,TRACK_TAMPING,0,HIGH,2,82.2,7.0,60.1,1,0,-10,10,1,45,62,51.2,113,98.0,29.8,180,45.5,51.7,14,45.2
SIM-REQ-01400,SIMULATED,SIM-MRISK-2026.1,ENGG,0,POINT_OVERHAUL,3,LOW,0,72.1,16.0,78.4,1,1,14,0,7,30,22,41.0,23,45.5,106.1,150,48.0,87.6,10,27.1
SIM-REQ-01401,SIMULATED,SIM-MRISK-2026.1,TRD,1,TRACK_TAMPING,0,MEDIUM,1,95.0,4.3,54.2,1,24,5,0,3,90,55,88.2,97,90.9,36.8,150,42.2,42.4,2,32.0
SIM-REQ-01402,SIMULATED,SIM-MRISK-2026.1,ENGG,0,OHE_INSPECTION,2,MEDIUM,1,93.8,1.9,37.8,1,18,23,0,3,60,53,72.5,91,93.2,48.2,180,42.5,37.8,16,25.5
SIM-REQ-01403,SIMULATED,SIM-MRISK-2026.1,ENGG,0,OHE_INSPECTION,2,MEDIUM,1,48.4,15.4,60.3,2,18,-2,2,9,90,17,76.7,102,88.2,121.3,90,69.9,88.9,23,53.0
SIM-REQ-01404,SIMULATED,SIM-MRISK-2026.1,TRD,1,BALLAST_CLEANING,4,HIGH,2,87.7,6.6,73.1,1,35,13,0,6,60,19,94.4,58,64.5,146.6,120,44.1,64.4,15,31.7
SIM-REQ-01405,SIMULATED,SIM-MRISK-2026.1,SNT,2,TRACK_CIRCUIT,5,MEDIUM,1,57.2,10.1,57.0,3,15,-2,2,8,90,101,76.4,60,70.5,163.5,60,83.7,91.5,5,63.2
SIM-REQ-01406,SIMULATED,SIM-MRISK-2026.1,SNT,2,TRACK_TAMPING,0,HIGH,2,64.4,8.7,78.4,2,31,4,0,3,60,77,83.3,78,81.7,82.0,60,65.9,65.9,5,45.3
SIM-REQ-01407,SIMULATED,SIM-MRISK-2026.1,SNT,2,TRACK_CIRCUIT,5,HIGH,2,81.3,5.9,62.4,1,7,4,0,7,90,36,87.3,108,97.3,91.5,90,45.7,62.4,21,34.4
SIM-REQ-01408,SIMULATED,SIM-MRISK-2026.1,SNT,2,OHE_INSPECTION,2,MEDIUM,1,63.3,9.5,40.7,2,46,9,0,6,45,34,48.0,101,80.1,148.6,180,66.2,63.1,15,46.1
SIM-REQ-01409,SIMULATED,SIM-MRISK-2026.1,TRD,1,TRACK_CIRCUIT,5,MEDIUM,1,77.5,6.4,49.7,1,22,10,0,5,30,42,41.6,28,39.7,85.1,240,46.6,40.5,6,20.2
SIM-REQ-01410,SIMULATED,SIM-MRISK-2026.1,SNT,2,OHE_INSPECTION,2,LOW,0,54.8,16.7,45.5,3,28,4,0,7,90,66,59.2,74,79.9,75.7,120,84.3,35.9,3,54.8
SIM-REQ-01411,SIMULATED,SIM-MRISK-2026.1,TRD,1,POINT_OVERHAUL,3,LOW,0,71.3,10.1,84.2,1,3,10,0,4,45,64,80.9,36,53.4,89.5,150,48.2,52.5,2,26.4
SIM-REQ-01412,SIMULATED,SIM-MRISK-2026.1,TRD,1,POINT_OVERHAUL,3,LOW,0,75.2,5.6,89.1,1,11,10,0,5,60,78,60.4,107,98.0,131.6,120,47.2,64.9,8,41.1
SIM-REQ-01413,SIMULATED,SIM-MRISK-2026.1,ENGG,0,OHE_INSPECTION,2,MEDIUM,1,84.6,6.6,55.6,1,12,-12,12,4,30,20,90.9,80,79.5,74.1,90,44.9,49.8,16,46.9
SIM-REQ-01414,SIMULATED,SIM-MRISK-2026.1,SNT,2,POINT_OVERHAUL,3,LOW,0,48.3,12.9,88.2,2,2,9,0,4,180,254,97.2,106,87.8,56.8,120,69.9,62.2,13,46.3
SIM-REQ-01415,SIMULATED,SIM-MRISK-2026.1,SNT,2,BALLAST_CLEANING,4,HIGH,2,70.8,5.9,66.5,2,46,11,0,0,45,60,93.9,66,67.9,11.7,180,64.3,80.2,8,40.7
SIM-REQ-01416,SIMULATED,SIM-MRISK-2026.1,ENGG,0,OHE_INSPECTION,2,HIGH,2,88.9,4.8,66.4,1,13,35,0,3,45,65,86.6,107,92.7,35.5,120,43.8,71.0,7,28.5
SIM-REQ-01417,SIMULATED,SIM-MRISK-2026.1,ENGG,0,RAIL_REPLACEMENT,1,LOW,0,89.7,14.7,74.0,2,3,0,0,1,30,40,58.1,100,95.9,16.5,240,59.6,46.8,16,37.3
SIM-REQ-01418,SIMULATED,SIM-MRISK-2026.1,SNT,2,POINT_OVERHAUL,3,HIGH,2,85.4,5.4,82.9,2,21,4,0,5,60,30,46.3,80,70.6,52.4,150,60.6,46.8,15,39.0
SIM-REQ-01419,SIMULATED,SIM-MRISK-2026.1,ENGG,0,OHE_INSPECTION,2,MEDIUM,1,81.2,5.7,40.5,1,13,3,0,5,45,25,57.5,42,48.6,119.8,150,45.7,74.6,11,22.5
SIM-REQ-01420,SIMULATED,SIM-MRISK-2026.1,TRD,1,POINT_OVERHAUL,3,MEDIUM,1,68.9,3.3,87.0,2,9,21,0,2,90,81,51.6,112,98.0,56.4,180,64.8,76.2,4,46.7
SIM-REQ-01421,SIMULATED,SIM-MRISK-2026.1,ENGG,0,TRACK_TAMPING,0,LOW,0,65.8,18.9,59.2,1,7,14,0,5,60,11,68.7,92,98.0,61.2,60,49.5,85.9,17,29.3
SIM-REQ-01422,SIMULATED,SIM-MRISK-2026.1,TRD,1,POINT_OVERHAUL,3,HIGH,2,66.6,13.5,96.4,1,2,12,0,4,60,94,95.2,81,71.1,60.1,240,49.4,77.2,19,35.8
SIM-REQ-01423,SIMULATED,SIM-MRISK-2026.1,ENGG,0,POINT_OVERHAUL,3,HIGH,2,69.1,7.1,78.5,1,25,16,0,5,180,67,79.8,80,86.3,72.1,240,48.7,76.5,22,32.6
SIM-REQ-01424,SIMULATED,SIM-MRISK-2026.1,ENGG,0,OHE_INSPECTION,2,MEDIUM,1,91.6,7.3,74.8,1,1,2,0,2,90,65,50.6,66,69.1,32.3,90,43.1,43.1,18,23.5
SIM-REQ-01425,SIMULATED,SIM-MRISK-2026.1,SNT,2,WELD_REPAIR,6,MEDIUM,1,100.0,4.8,54.4,1,6,9,0,2,30,13,97.8,75,71.5,38.1,120,41.0,42.4,12,24.5
SIM-REQ-01426,SIMULATED,SIM-MRISK-2026.1,ENGG,0,WELD_REPAIR,6,MEDIUM,1,68.4,4.8,73.5,2,0,16,0,11,180,253,42.7,101,94.0,222.9,90,64.9,39.2,7,42.7
SIM-REQ-01427,SIMULATED,SIM-MRISK-2026.1,SNT,2,WELD_REPAIR,6,LOW,0,75.7,6.3,79.9,1,10,-1,1,4,30,32,62.4,37,45.6,93.3,240,47.1,35.6,24,34.6
SIM-REQ-01428,SIMULATED,SIM-MRISK-2026.1,SNT,2,WELD_REPAIR,6,MEDIUM,1,56.4,18.1,61.5,3,9,5,0,3,30,18,73.9,78,78.8,56.2,90,83.9,48.6,18,52.1
SIM-REQ-01429,SIMULATED,SIM-MRISK-2026.1,SNT,2,WELD_REPAIR,6,LOW,0,77.2,10.2,75.8,2,17,16,0,4,30,21,86.2,72,73.6,67.9,60,62.7,41.0,20,42.1
SIM-REQ-01430,SIMULATED,SIM-MRISK-2026.1,ENGG,0,TRACK_CIRCUIT,5,HIGH,2,83.7,3.5,63.8,1,29,8,0,6,180,189,45.3,44,57.4,91.5,150,45.1,94.2,4,27.9
SIM-REQ-01431,SIMULATED,SIM-MRISK-2026.1,ENGG,0,OHE_INSPECTION,2,HIGH,2,58.2,12.6,74.2,3,33,15,0,3,45,43,96.3,39,52.7,57.7,150,83.5,76.8,7,53.8
SIM-REQ-01432,SIMULATED,SIM-MRISK-2026.1,ENGG,0,TRACK_TAMPING,0,MEDIUM,1,68.6,6.8,79.9,1,0,21,0,5,180,41,73.8,70,72.5,121.1,60,48.9,45.9,20,26.1
SIM-REQ-01433,SIMULATED,SIM-MRISK-2026.1,ENGG,0,WELD_REPAIR,6,LOW,0,70.6,18.0,70.8,1,19,-4,4,4,90,102,97.4,90,89.8,51.4,60,48.4,92.1,24,46.5
SIM-REQ-01434,SIMULATED,SIM-MRISK-2026.1,SNT,2,POINT_OVERHAUL,3,MEDIUM,1,63.3,15.3,88.6,1,13,11,0,7,30,14,97.7,62,64.8,106.2,240,50.2,35.9,22,30.7
SIM-REQ-01435,SIMULATED,SIM-MRISK-2026.1,ENGG,0,POINT_OVERHAUL,3,LOW,0,80.2,2.8,79.1,2,32,11,0,3,90,34,91.5,84,80.7,60.6,240,62.0,67.1,16,42.2
SIM-REQ-01436,SIMULATED,SIM-MRISK-2026.1,SNT,2,TRACK_CIRCUIT,5,HIGH,2,67.7,6.8,55.7,1,1,-12,12,4,60,18,71.6,93,87.6,71.7,150,49.1,74.0,17,50.8
SIM-REQ-01437,SIMULATED,SIM-MRISK-2026.1,SNT,2,TRACK_CIRCUIT,5,LOW,0,93.3,8.7,43.5,1,39,9,0,4,60,93,44.2,84,70.7,100.5,90,42.7,84.2,0,23.1
SIM-REQ-01438,SIMULATED,SIM-MRISK-2026.1,SNT,2,TRACK_TAMPING,0,LOW,0,85.0,1.3,73.4,1,40,5,0,3,45,54,83.4,106,92.3,70.2,60,44.8,82.3,21,37.4
SIM-REQ-01439,SIMULATED,SIM-MRISK-2026.1,ENGG,0,OHE_INSPECTION,2,HIGH,2,77.6,3.7,39.8,1,3,1,0,4,45,63,87.6,64,73.0,42.0,150,46.6,82.2,1,28.0
SIM-REQ-01440,SIMULATED,SIM-MRISK-2026.1,ENGG,0,OHE_INSPECTION,2,HIGH,2,96.5,2.5,66.5,1,0,19,0,4,30,25,78.8,23,39.0,50.7,120,41.9,43.5,6,17.8
SIM-REQ-01441,SIMULATED,SIM-MRISK-2026.1,SNT,2,POINT_OVERHAUL,3,HIGH,2,44.1,13.5,97.3,2,16,9,0,6,180,26,45.2,113,98.0,167.6,240,71.0,52.3,4,55.4
SIM-REQ-01442,SIMULATED,SIM-MRISK-2026.1,TRD,1,WELD_REPAIR,6,MEDIUM,1,79.6,4.6,74.0,1,6,-8,8,5,180,195,46.4,89,78.7,58.2,90,46.1,73.1,3,44.5
SIM-REQ-01443,SIMULATED,SIM-MRISK-2026.1,SNT,2,OHE_INSPECTION,2,MEDIUM,1,46.5,12.0,38.0,2,18,0,0,6,45,58,58.2,30,48.8,109.3,180,70.4,69.7,6,38.1
SIM-REQ-01444,SIMULATED,SIM-MRISK-2026.1,ENGG,0,RAIL_REPLACEMENT,1,LOW,0,57.2,11.4,83.3,2,39,12,0,4,180,223,50.6,42,49.5,80.7,120,67.7,70.1,0,43.1
SIM-REQ-01445,SIMULATED,SIM-MRISK-2026.1,SNT,2,TRACK_TAMPING,0,MEDIUM,1,82.7,10.5,80.1,2,0,2,0,8,60,28,73.2,54,55.5,173.0,60,61.3,72.0,5,43.0
SIM-REQ-01446,SIMULATED,SIM-MRISK-2026.1,ENGG,0,WELD_REPAIR,6,MEDIUM,1,76.4,14.3,69.9,1,0,-2,2,4,60,27,64.1,107,87.1,103.3,120,46.9,54.1,0,43.8
SIM-REQ-01447,SIMULATED,SIM-MRISK-2026.1,ENGG,0,POINT_OVERHAUL,3,LOW,0,72.2,6.2,94.4,2,36,5,0,5,30,35,74.5,106,98.0,130.3,180,64.0,61.4,6,56.0
SIM-REQ-01448,SIMULATED,SIM-MRISK-2026.1,ENGG,0,POINT_OVERHAUL,3,HIGH,2,63.7,13.4,71.0,1,2,1,0,4,30,43,89.3,72,76.6,73.3,180,50.1,61.0,2,30.2
SIM-REQ-01449,SIMULATED,SIM-MRISK-2026.1,ENGG,0,OHE_INSPECTION,2,MEDIUM,1,61.5,9.7,54.3,2,2,-8,8,7,90,95,82.4,45,58.1,143.5,150,66.6,85.6,13,55.0
SIM-REQ-01450,SIMULATED,SIM-MRISK-2026.1,ENGG,0,WELD_REPAIR,6,MEDIUM,1,68.0,11.0,51.0,1,18,6,0,2,30,42,55.3,34,49.8,32.8,120,49.0,82.2,22,22.8
SIM-REQ-01451,SIMULATED,SIM-MRISK-2026.1,OPTG,3,OHE_INSPECTION,2,MEDIUM,1,92.2,6.1,71.6,2,9,8,0,6,45,31,47.1,65,74.3,97.4,60,59.0,89.1,22,36.6
SIM-REQ-01452,SIMULATED,SIM-MRISK-2026.1,ENGG,0,BALLAST_CLEANING,4,MEDIUM,1,68.8,5.8,78.5,1,11,11,0,1,45,54,46.0,104,91.1,32.4,150,48.8,67.1,23,31.1
SIM-REQ-01453,SIMULATED,SIM-MRISK-2026.1,TRD,1,BALLAST_CLEANING,4,MEDIUM,1,45.7,14.8,76.3,2,1,23,0,6,180,85,53.0,31,51.7,107.8,90,70.6,74.2,22,38.3
SIM-REQ-01454,SIMULATED,SIM-MRISK-2026.1,ENGG,0,TRACK_TAMPING,0,MEDIUM,1,85.6,6.6,83.1,2,12,2,0,3,180,203,76.1,52,65.7,34.6,240,60.6,93.7,13,37.2
SIM-REQ-01455,SIMULATED,SIM-MRISK-2026.1,TRD,1,OHE_INSPECTION,2,HIGH,2,100.0,2.8,54.3,2,31,-3,3,1,45,67,63.4,107,96.8,24.9,90,57.0,43.6,13,53.5
SIM-REQ-01456,SIMULATED,SIM-MRISK-2026.1,SNT,2,BALLAST_CLEANING,4,HIGH,2,86.8,12.1,59.1,1,6,19,0,7,60,93,91.8,108,98.0,163.7,60,44.3,36.9,15,29.0
SIM-REQ-01457,SIMULATED,SIM-MRISK-2026.1,ENGG,0,POINT_OVERHAUL,3,MEDIUM,1,84.1,8.1,96.0,2,6,-1,1,4,60,43,49.2,85,82.5,100.9,150,61.0,91.5,9,48.6
SIM-REQ-01458,SIMULATED,SIM-MRISK-2026.1,ENGG,0,BALLAST_CLEANING,4,HIGH,2,97.5,7.5,54.0,1,18,2,0,3,60,56,86.4,26,42.0,51.3,90,41.6,39.4,2,21.6
SIM-REQ-01459,SIMULATED,SIM-MRISK-2026.1,ENGG,0,POINT_OVERHAUL,3,MEDIUM,1,61.0,14.2,77.4,1,3,-2,2,3,90,120,45.5,94,84.8,88.6,150,50.8,87.5,14,37.2
SIM-REQ-01460,SIMULATED,SIM-MRISK-2026.1,ENGG,0,WELD_REPAIR,6,MEDIUM,1,34.5,21.7,59.4,3,2,11,0,10,45,53,76.9,110,95.4,189.3,120,89.4,81.5,22,55.5
SIM-REQ-01461,SIMULATED,SIM-MRISK-2026.1,SNT,2,POINT_OVERHAUL,3,LOW,0,89.7,5.0,79.9,1,34,23,0,3,45,60,46.2,52,57.2,32.7,180,43.6,52.1,3,25.3
SIM-REQ-01462,SIMULATED,SIM-MRISK-2026.1,ENGG,0,WELD_REPAIR,6,LOW,0,81.4,12.7,51.5,1,11,13,0,5,180,175,88.6,93,79.6,55.8,180,45.6,62.3,4,28.0
SIM-REQ-01463,SIMULATED,SIM-MRISK-2026.1,ENGG,0,TRACK_TAMPING,0,MEDIUM,1,83.0,4.1,65.4,2,8,20,0,4,45,51,87.9,110,96.5,77.8,90,61.2,85.9,20,39.4
SIM-REQ-01464,SIMULATED,SIM-MRISK-2026.1,ENGG,0,TRACK_CIRCUIT,5,HIGH,2,61.0,8.9,39.2,1,3,0,0,2,180,178,91.3,26,42.3,53.9,180,50.8,89.0,16,27.2
SIM-REQ-01465,SIMULATED,SIM-MRISK-2026.1,TRD,1,RAIL_REPLACEMENT,1,MEDIUM,1,68.7,13.1,85.8,1,19,12,0,3,45,48,77.3,102,89.7,65.4,120,48.8,54.9,14,32.2
SIM-REQ-01466,SIMULATED,SIM-MRISK-2026.1,TRD,1,POINT_OVERHAUL,3,MEDIUM,1,74.7,4.4,85.7,1,11,18,0,3,90,39,97.6,34,39.2,45.7,240,47.3,75.3,15,27.0
SIM-REQ-01467,SIMULATED,SIM-MRISK-2026.1,TRD,1,BALLAST_CLEANING,4,MEDIUM,1,42.5,26.2,59.9,2,39,8,0,4,180,149,61.9,46,58.6,78.3,60,71.4,70.1,5,46.8
SIM-REQ-01468,SIMULATED,SIM-MRISK-2026.1,ENGG,0,WELD_REPAIR,6,LOW,0,73.5,4.0,67.0,1,13,-12,12,6,180,156,89.7,50,61.2,98.9,180,47.6,59.0,15,43.5
SIM-REQ-01469,SIMULATED,SIM-MRISK-2026.1,ENGG,0,TRACK_CIRCUIT,5,LOW,0,78.1,9.2,37.7,2,12,-1,1,2,30,39,59.1,29,38.1,30.4,180,62.5,62.1,9,37.5
SIM-REQ-01470,SIMULATED,SIM-MRISK-2026.1,ENGG,0,POINT_OVERHAUL,3,LOW,0,78.5,10.5,97.2,2,2,26,0,5,45,58,84.5,90,91.2,80.3,180,62.4,49.1,17,41.1
SIM-REQ-01471,SIMULATED,SIM-MRISK-2026.1,ENGG,0,TRACK_TAMPING,0,HIGH,2,49.5,16.9,60.2,2,33,8,0,4,30,26,59.7,94,81.1,117.4,240,69.6,49.1,5,46.6
SIM-REQ-01472,SIMULATED,SIM-MRISK-2026.1,SNT,2,POINT_OVERHAUL,3,MEDIUM,1,80.0,9.2,87.4,1,13,14,0,4,180,71,93.0,30,39.6,58.2,90,46.0,65.4,13,28.3
SIM-REQ-01473,SIMULATED,SIM-MRISK-2026.1,TRD,1,TRACK_TAMPING,0,LOW,0,46.9,17.3,77.4,1,1,9,0,6,45,61,60.0,59,62.3,142.9,120,54.3,51.2,6,37.9
SIM-REQ-01474,SIMULATED,SIM-MRISK-2026.1,TRD,1,WELD_REPAIR,6,MEDIUM,1,70.6,7.6,63.6,1,52,12,0,9,30,41,49.5,83,73.8,134.3,240,48.4,39.3,7,36.0
SIM-REQ-01475,SIMULATED,SIM-MRISK-2026.1,TRD,1,TRACK_CIRCUIT,5,MEDIUM,1,34.1,29.1,70.7,3,9,-5,5,7,90,38,91.1,59,65.5,84.1,60,89.5,48.9,13,70.0
SIM-REQ-01476,SIMULATED,SIM-MRISK-2026.1,ENGG,0,POINT_OVERHAUL,3,HIGH,2,70.4,4.2,77.6,1,12,10,0,9,45,46,85.5,114,98.0,173.5,150,48.4,81.9,10,37.5
SIM-REQ-01477,SIMULATED,SIM-MRISK-2026.1,TRD,1,OHE_INSPECTION,2,LOW,0,58.4,14.1,37.7,2,6,-10,10,3,90,92,93.6,39,52.2,72.2,240,67.4,91.5,2,43.8
SIM-REQ-01478,SIMULATED,SIM-MRISK-2026.1,TRD,1,TRACK_TAMPING,0,MEDIUM,1,31.2,22.2,76.8,4,17,-3,3,4,90,97,62.4,81,72.6,95.7,180,98.0,77.5,2,75.0
SIM-REQ-01479,SIMULATED,SIM-MRISK-2026.1,SNT,2,POINT_OVERHAUL,3,MEDIUM,1,68.3,2.2,96.0,2,23,16,0,3,30,37,97.2,25,42.7,46.8,120,64.9,39.4,7,41.4
SIM-REQ-01480,SIMULATED,SIM-MRISK-2026.1,SNT,2,TRACK_CIRCUIT,5,MEDIUM,1,66.4,11.0,51.9,1,11,9,0,8,90,130,46.0,48,64.8,126.8,120,49.4,43.1,21,28.4
SIM-REQ-01481,SIMULATED,SIM-MRISK-2026.1,ENGG,0,TRACK_CIRCUIT,5,MEDIUM,1,90.9,2.8,73.8,1,5,5,0,4,30,38,84.4,93,87.2,44.3,60,43.3,60.3,14,32.4
SIM-REQ-01482,SIMULATED,SIM-MRISK-2026.1,SNT,2,RAIL_REPLACEMENT,1,LOW,0,22.1,33.3,91.1,3,4,-1,1,7,180,100,49.5,103,93.1,184.6,90,92.5,79.3,19,70.4
SIM-REQ-01483,SIMULATED,SIM-MRISK-2026.1,ENGG,0,TRACK_TAMPING,0,MEDIUM,1,72.5,7.2,76.9,1,4,-6,6,3,180,258,83.7,99,87.1,57.3,150,47.9,69.3,19,49.0
SIM-REQ-01484,SIMULATED,SIM-MRISK-2026.1,ENGG,0,TRACK_TAMPING,0,HIGH,2,76.1,10.3,50.8,1,11,8,0,6,60,68,52.0,63,80.0,155.3,60,47.0,62.2,4,27.4
SIM-REQ-01485,SIMULATED,SIM-MRISK-2026.1,TRD,1,RAIL_REPLACEMENT,1,MEDIUM,1,100.0,6.1,93.0,2,20,-3,3,4,30,38,71.6,24,38.6,91.9,60,57.0,60.7,8,49.5
SIM-REQ-01486,SIMULATED,SIM-MRISK-2026.1,SNT,2,TRACK_TAMPING,0,LOW,0,83.7,8.4,61.7,1,23,-2,2,3,30,39,76.8,77,72.1,58.8,240,45.1,76.9,9,31.5
SIM-REQ-01487,SIMULATED,SIM-MRISK-2026.1,ENGG,0,POINT_OVERHAUL,3,HIGH,2,60.6,15.1,90.8,3,0,5,0,7,60,72,43.8,70,70.5,109.0,240,82.8,49.3,2,52.3
SIM-REQ-01488,SIMULATED,SIM-MRISK-2026.1,ENGG,0,RAIL_REPLACEMENT,1,LOW,0,84.6,12.5,88.6,2,23,9,0,3,60,30,85.3,29,41.8,58.2,60,60.9,81.3,3,36.4
SIM-REQ-01489,SIMULATED,SIM-MRISK-2026.1,TRD,1,BALLAST_CLEANING,4,MEDIUM,1,53.8,16.7,78.5,1,3,9,0,6,60,34,70.5,99,87.3,91.7,180,52.5,58.0,23,40.0
SIM-REQ-01490,SIMULATED,SIM-MRISK-2026.1,TRD,1,WELD_REPAIR,6,HIGH,2,77.3,6.5,70.1,1,3,4,0,5,30,10,43.4,52,55.0,104.1,180,46.7,61.2,0,27.8
SIM-REQ-01491,SIMULATED,SIM-MRISK-2026.1,ENGG,0,POINT_OVERHAUL,3,HIGH,2,81.2,2.4,82.6,2,5,5,0,7,90,49,83.6,69,67.0,168.5,120,61.7,44.8,13,40.3
SIM-REQ-01492,SIMULATED,SIM-MRISK-2026.1,ENGG,0,TRACK_CIRCUIT,5,MEDIUM,1,76.8,6.8,34.3,2,8,2,0,10,180,184,52.1,71,78.8,167.0,180,62.8,62.0,1,33.5
SIM-REQ-01493,SIMULATED,SIM-MRISK-2026.1,OPTG,3,OHE_INSPECTION,2,MEDIUM,1,96.8,5.5,53.3,1,18,14,0,8,90,73,79.2,22,37.4,199.9,240,41.8,86.5,15,20.0
SIM-REQ-01494,SIMULATED,SIM-MRISK-2026.1,ENGG,0,OHE_INSPECTION,2,MEDIUM,1,75.4,3.9,39.6,2,36,14,0,4,60,64,89.5,54,58.5,69.7,120,63.1,83.5,0,33.8
SIM-REQ-01495,SIMULATED,SIM-MRISK-2026.1,TRD,1,POINT_OVERHAUL,3,HIGH,2,75.1,13.4,91.7,1,9,7,0,8,90,110,85.2,89,83.9,132.8,180,47.2,49.5,4,40.0
SIM-REQ-01496,SIMULATED,SIM-MRISK-2026.1,TRD,1,TRACK_TAMPING,0,LOW,0,85.6,6.6,73.7,1,0,-7,7,8,45,26,60.2,25,38.5,111.3,180,44.6,61.4,22,39.1
SIM-REQ-01497,SIMULATED,SIM-MRISK-2026.1,TRD,1,POINT_OVERHAUL,3,LOW,0,69.8,8.2,89.9,1,0,0,0,9,45,33,84.7,29,48.5,101.7,180,48.5,63.9,4,30.0
SIM-REQ-01498,SIMULATED,SIM-MRISK-2026.1,SNT,2,POINT_OVERHAUL,3,MEDIUM,1,60.8,13.2,87.9,2,3,-6,6,3,30,47,61.6,76,76.9,43.0,150,66.8,60.3,15,56.0
SIM-REQ-01499,SIMULATED,SIM-MRISK-2026.1,ENGG,0,BALLAST_CLEANING,4,HIGH,2,47.0,21.4,82.0,3,44,6,0,6,60,52,86.0,105,88.2,119.6,240,86.2,45.9,5,69.7
SIM-REQ-01500,SIMULATED,SIM-MRISK-2026.1,ENGG,0,RAIL_REPLACEMENT,1,LOW,0,63.0,11.8,86.0,1,2,26,0,7,45,39,58.2,108,98.0,123.7,240,50.2,74.8,7,41.0
SIM-REQ-01501,SIMULATED,SIM-MRISK-2026.1,ENGG,0,RAIL_REPLACEMENT,1,MEDIUM,1,66.5,3.0,71.0,2,2,0,0,5,180,70,86.0,67,72.5,57.7,120,65.4,35.3,16,35.9
SIM-REQ-01502,SIMULATED,SIM-MRISK-2026.1,SNT,2,OHE_INSPECTION,2,HIGH,2,67.7,11.2,60.3,1,24,3,0,4,45,67,84.0,84,89.1,58.7,240,49.1,44.2,17,34.1
SIM-REQ-01503,SIMULATED,SIM-MRISK-2026.1,ENGG,0,TRACK_TAMPING,0,MEDIUM,1,100.0,5.0,74.5,2,43,-3,3,2,180,13,52.3,41,44.2,49.9,120,57.0,57.3,12,46.0
SIM-REQ-01504,SIMULATED,SIM-MRISK-2026.1,TRD,1,TRACK_CIRCUIT,5,MEDIUM,1,89.2,11.6,66.2,1,8,-3,3,1,60,82,41.5,32,41.2,22.2,150,43.7,90.9,10,23.4
SIM-REQ-01505,SIMULATED,SIM-MRISK-2026.1,ENGG,0,POINT_OVERHAUL,3,LOW,0,81.6,7.5,74.3,2,5,8,0,4,30,26,86.9,80,78.6,49.4,90,61.6,60.1,14,39.3
SIM-REQ-01506,SIMULATED,SIM-MRISK-2026.1,TRD,1,POINT_OVERHAUL,3,MEDIUM,1,90.0,11.9,90.2,2,0,-2,2,3,90,30,56.4,94,91.8,46.0,60,59.5,48.5,15,46.8
SIM-REQ-01507,SIMULATED,SIM-MRISK-2026.1,ENGG,0,OHE_INSPECTION,2,MEDIUM,1,98.7,7.3,45.4,2,21,5,0,5,45,33,67.6,86,87.1,85.5,90,57.3,71.7,5,37.7
SIM-REQ-01508,SIMULATED,SIM-MRISK-2026.1,ENGG,0,OHE_INSPECTION,2,LOW,0,62.1,13.2,38.7,2,7,11,0,7,90,61,47.9,37,43.2,162.7,90,66.5,75.7,24,31.7
SIM-REQ-01509,SIMULATED,SIM-MRISK-2026.1,SNT,2,RAIL_REPLACEMENT,1,MEDIUM,1,88.2,3.8,84.4,1,8,13,0,5,180,52,84.2,20,38.6,56.3,150,44.0,90.2,7,23.1
SIM-REQ-01510,SIMULATED,SIM-MRISK-2026.1,TRD,1,TRACK_TAMPING,0,MEDIUM,1,82.1,6.4,65.3,1,13,9,0,4,180,225,88.4,26,47.1,46.7,120,45.5,82.2,2,19.8
SIM-REQ-01511,SIMULATED,SIM-MRISK-2026.1,OPTG,3,BALLAST_CLEANING,4,MEDIUM,1,84.2,12.8,53.4,1,20,1,0,4,45,46,63.0,84,76.6,67.6,180,45.0,85.3,1,31.8
SIM-REQ-01512,SIMULATED,SIM-MRISK-2026.1,TRD,1,OHE_INSPECTION,2,LOW,0,90.4,12.0,60.1,1,15,-6,6,7,180,29,48.9,73,65.1,121.4,60,43.4,35.8,3,37.5
SIM-REQ-01513,SIMULATED,SIM-MRISK-2026.1,SNT,2,WELD_REPAIR,6,MEDIUM,1,69.6,19.0,56.3,1,15,12,0,8,60,37,65.9,28,35.1,148.5,180,48.6,56.3,8,22.2
SIM-REQ-01514,SIMULATED,SIM-MRISK-2026.1,OPTG,3,WELD_REPAIR,6,LOW,0,61.1,9.8,79.9,2,0,7,0,9,45,10,51.5,61,64.0,140.6,90,66.7,67.2,0,36.9
SIM-REQ-01515,SIMULATED,SIM-MRISK-2026.1,SNT,2,TRACK_TAMPING,0,MEDIUM,1,62.1,8.0,77.1,2,11,7,0,7,90,95,57.7,57,61.7,170.5,120,66.5,80.0,7,36.9
SIM-REQ-01516,SIMULATED,SIM-MRISK-2026.1,SNT,2,TRACK_TAMPING,0,HIGH,2,54.1,9.2,59.6,2,15,14,0,3,45,36,92.0,49,48.9,51.8,240,68.5,45.9,2,34.2
SIM-REQ-01517,SIMULATED,SIM-MRISK-2026.1,TRD,1,TRACK_TAMPING,0,MEDIUM,1,60.3,9.1,62.1,2,16,25,0,4,30,40,68.9,53,57.3,86.3,150,66.9,71.3,4,37.8
SIM-REQ-01518,SIMULATED,SIM-MRISK-2026.1,SNT,2,OHE_INSPECTION,2,HIGH,2,62.8,5.3,40.7,1,16,17,0,8,60,34,75.9,105,93.5,165.7,60,50.3,79.1,1,31.1
SIM-REQ-01519,SIMULATED,SIM-MRISK-2026.1,ENGG,0,BALLAST_CLEANING,4,MEDIUM,1,84.6,7.1,76.3,1,0,15,0,3,45,11,69.3,60,55.9,79.3,120,44.9,37.0,10,24.9
SIM-REQ-01520,SIMULATED,SIM-MRISK-2026.1,ENGG,0,POINT_OVERHAUL,3,MEDIUM,1,84.4,14.9,90.5,2,68,1,0,6,60,70,49.2,112,95.4,124.6,60,60.9,41.0,16,58.0
SIM-REQ-01521,SIMULATED,SIM-MRISK-2026.1,SNT,2,WELD_REPAIR,6,HIGH,2,93.6,3.2,61.7,1,90,12,0,5,60,65,40.4,114,98.0,87.9,240,42.6,91.2,2,35.5
SIM-REQ-01522,SIMULATED,SIM-MRISK-2026.1,ENGG,0,BALLAST_CLEANING,4,HIGH,2,66.5,19.8,62.1,1,22,3,0,5,180,213,67.9,97,77.8,90.9,150,49.4,42.7,2,37.5
SIM-REQ-01523,SIMULATED,SIM-MRISK-2026.1,SNT,2,TRACK_TAMPING,0,LOW,0,36.9,15.9,81.1,1,7,-3,3,13,90,45,59.0,47,58.8,341.8,120,56.8,68.4,3,37.6
SIM-REQ-01524,SIMULATED,SIM-MRISK-2026.1,TRD,1,TRACK_CIRCUIT,5,MEDIUM,1,67.1,9.3,72.0,1,13,-3,3,7,180,230,54.6,59,59.5,138.0,150,49.2,58.7,13,39.3
SIM-REQ-01525,SIMULATED,SIM-MRISK-2026.1,SNT,2,WELD_REPAIR,6,LOW,0,42.0,17.3,78.4,1,10,-5,5,12,45,47,63.5,22,44.7,163.0,180,55.5,90.2,17,46.1
SIM-REQ-01526,SIMULATED,SIM-MRISK-2026.1,OPTG,3,BALLAST_CLEANING,4,LOW,0,57.1,14.2,50.1,2,6,9,0,6,60,33,72.8,26,36.6,69.4,60,67.7,76.1,12,35.5
SIM-REQ-01527,SIMULATED,SIM-MRISK-2026.1,OPTG,3,WELD_REPAIR,6,MEDIUM,1,100.0,1.0,84.2,1,40,24,0,3,45,51,97.1,44,51.4,50.9,90,41.0,35.6,10,26.5
SIM-REQ-01528,SIMULATED,SIM-MRISK-2026.1,SNT,2,TRACK_TAMPING,0,MEDIUM,1,89.1,2.2,80.5,1,67,-1,1,12,90,73,42.3,39,44.1,271.6,120,43.7,46.1,0,33.8
SIM-REQ-01529,SIMULATED,SIM-MRISK-2026.1,SNT,2,POINT_OVERHAUL,3,HIGH,2,51.2,9.7,88.5,1,6,-7,7,5,45,35,53.7,61,67.1,98.1,240,53.2,92.8,8,45.6
SIM-REQ-01530,SIMULATED,SIM-MRISK-2026.1,ENGG,0,TRACK_CIRCUIT,5,LOW,0,74.4,3.8,47.2,2,18,22,0,2,60,20,73.7,39,56.4,37.8,150,63.4,64.1,11,30.9
SIM-REQ-01531,SIMULATED,SIM-MRISK-2026.1,TRD,1,OHE_INSPECTION,2,MEDIUM,1,75.9,5.3,53.1,2,2,14,0,4,30,10,97.1,107,86.8,42.9,120,63.0,54.4,2,37.8
SIM-REQ-01532,SIMULATED,SIM-MRISK-2026.1,TRD,1,TRACK_TAMPING,0,LOW,0,99.6,6.6,75.5,2,10,2,0,7,30,22,85.3,109,95.6,56.6,60,57.1,63.4,22,48.8
SIM-REQ-01533,SIMULATED,SIM-MRISK-2026.1,SNT,2,RAIL_REPLACEMENT,1,HIGH,2,82.7,8.8,74.3,1,2,0,0,3,60,59,56.6,61,62.7,69.7,60,45.3,42.6,0,24.2
SIM-REQ-01534,SIMULATED,SIM-MRISK-2026.1,TRD,1,POINT_OVERHAUL,3,HIGH,2,50.1,15.8,84.5,2,16,12,0,8,90,11,83.6,92,82.2,95.9,60,69.5,72.9,10,51.6
SIM-REQ-01535,SIMULATED,SIM-MRISK-2026.1,SNT,2,OHE_INSPECTION,2,LOW,0,34.0,13.6,73.2,3,4,12,0,8,60,75,54.0,53,55.9,187.8,90,89.5,45.4,1,57.4
SIM-REQ-01536,SIMULATED,SIM-MRISK-2026.1,TRD,1,TRACK_TAMPING,0,HIGH,2,83.9,5.7,60.2,2,4,1,0,1,45,17,80.7,87,86.4,30.8,60,61.0,80.5,23,43.5
SIM-REQ-01537,SIMULATED,SIM-MRISK-2026.1,TRD,1,POINT_OVERHAUL,3,MEDIUM,1,90.5,4.6,79.6,1,55,-17,17,4,30,36,54.5,49,62.2,90.2,150,43.4,44.8,4,45.0
SIM-REQ-01538,SIMULATED,SIM-MRISK-2026.1,TRD,1,RAIL_REPLACEMENT,1,MEDIUM,1,50.3,18.2,96.7,2,3,-4,4,4,45,30,52.7,85,83.4,83.1,90,69.4,65.2,4,54.3
SIM-REQ-01539,SIMULATED,SIM-MRISK-2026.1,TRD,1,TRACK_TAMPING,0,HIGH,2,74.8,9.6,81.5,1,3,-15,15,8,45,26,94.2,83,75.2,144.9,90,47.3,42.6,11,48.8
SIM-REQ-01540,SIMULATED,SIM-MRISK-2026.1,SNT,2,WELD_REPAIR,6,LOW,0,64.2,25.1,63.5,2,25,12,0,5,180,43,80.6,57,61.5,102.5,180,66.0,92.7,11,38.9
SIM-REQ-01541,SIMULATED,SIM-MRISK-2026.1,OPTG,3,BALLAST_CLEANING,4,MEDIUM,1,68.6,11.2,83.7,2,4,-19,19,6,60,12,94.7,63,67.0,72.2,150,64.8,39.9,12,59.8
SIM-REQ-01542,SIMULATED,SIM-MRISK-2026.1,ENGG,0,WELD_REPAIR,6,MEDIUM,1,73.6,3.2,59.9,1,4,21,0,6,180,168,79.5,78,73.4,85.5,240,47.6,62.2,9,28.7
SIM-REQ-01543,SIMULATED,SIM-MRISK-2026.1,ENGG,0,BALLAST_CLEANING,4,MEDIUM,1,55.0,15.2,67.5,3,30,-6,6,6,90,70,80.6,46,56.5,103.5,60,84.2,49.0,12,70.3
SIM-REQ-01544,SIMULATED,SIM-MRISK-2026.1,OPTG,3,POINT_OVERHAUL,3,HIGH,2,97.8,3.1,71.3,1,0,-15,15,3,90,80,59.3,61,73.7,71.4,120,41.5,87.5,2,42.8
SIM-REQ-01545,SIMULATED,SIM-MRISK-2026.1,ENGG,0,WELD_REPAIR,6,MEDIUM,1,84.9,9.3,69.3,1,13,-6,6,5,90,100,82.1,21,39.8,49.8,60,44.8,58.0,0,39.7
SIM-REQ-01546,SIMULATED,SIM-MRISK-2026.1,ENGG,0,WELD_REPAIR,6,LOW,0,67.2,12.0,58.2,1,39,-2,2,6,90,45,69.8,104,89.5,81.3,240,49.2,40.5,3,44.3
SIM-REQ-01547,SIMULATED,SIM-MRISK-2026.1,TRD,1,RAIL_REPLACEMENT,1,LOW,0,38.7,22.2,78.1,3,49,6,0,5,90,105,79.5,69,65.7,97.1,90,88.3,78.1,18,66.6
SIM-REQ-01548,SIMULATED,SIM-MRISK-2026.1,ENGG,0,POINT_OVERHAUL,3,HIGH,2,73.7,6.1,81.7,2,5,8,0,6,60,21,72.1,64,66.4,100.0,150,63.6,64.4,2,36.1
SIM-REQ-01549,SIMULATED,SIM-MRISK-2026.1,ENGG,0,WELD_REPAIR,6,MEDIUM,1,90.7,3.3,59.2,1,1,18,0,2,180,88,41.0,44,52.2,37.6,150,43.3,92.0,14,20.6
SIM-REQ-01550,SIMULATED,SIM-MRISK-2026.1,SNT,2,BALLAST_CLEANING,4,MEDIUM,1,100.0,8.5,61.7,2,6,-14,14,8,30,34,91.1,84,89.0,146.8,120,57.0,91.5,6,55.3
SIM-REQ-01551,SIMULATED,SIM-MRISK-2026.1,TRD,1,OHE_INSPECTION,2,LOW,0,79.1,4.2,31.1,1,12,10,0,4,30,13,84.5,31,41.0,99.4,180,46.2,89.0,23,19.6
SIM-REQ-01552,SIMULATED,SIM-MRISK-2026.1,OPTG,3,WELD_REPAIR,6,MEDIUM,1,32.6,20.7,78.1,3,6,7,0,5,90,94,59.2,30,46.9,81.0,60,89.8,60.8,3,55.1
SIM-REQ-01553,SIMULATED,SIM-MRISK-2026.1,TRD,1,TRACK_TAMPING,0,LOW,0,100.0,0.8,57.7,1,7,0,0,8,45,13,70.7,74,64.7,93.1,150,41.0,43.6,1,27.1
SIM-REQ-01554,SIMULATED,SIM-MRISK-2026.1,SNT,2,RAIL_REPLACEMENT,1,LOW,0,53.6,10.3,90.1,2,5,19,0,4,30,40,61.6,25,40.7,73.0,60,68.6,57.3,21,37.3
SIM-REQ-01555,SIMULATED,SIM-MRISK-2026.1,TRD,1,RAIL_REPLACEMENT,1,MEDIUM,1,80.2,4.8,88.8,1,1,7,0,2,45,59,90.7,46,51.2,36.9,120,46.0,70.7,22,27.6
SIM-REQ-01556,SIMULATED,SIM-MRISK-2026.1,ENGG,0,POINT_OVERHAUL,3,LOW,0,64.8,13.4,71.1,2,16,-7,7,3,45,69,40.4,45,52.7,85.2,150,65.8,40.4,13,51.9
SIM-REQ-01557,SIMULATED,SIM-MRISK-2026.1,SNT,2,POINT_OVERHAUL,3,LOW,0,65.5,11.7,78.1,1,20,17,0,4,30,28,55.6,113,98.0,112.9,240,49.6,52.6,15,38.0
SIM-REQ-01558,SIMULATED,SIM-MRISK-2026.1,OPTG,3,TRACK_CIRCUIT,5,HIGH,2,58.6,15.4,66.6,2,16,16,0,3,30,10,92.3,96,83.3,49.1,150,67.3,62.5,7,39.6
SIM-REQ-01559,SIMULATED,SIM-MRISK-2026.1,ENGG,0,OHE_INSPECTION,2,MEDIUM,1,59.9,9.1,43.5,1,6,12,0,6,60,36,80.7,90,88.4,116.3,240,51.0,73.7,21,35.4
SIM-REQ-01560,SIMULATED,SIM-MRISK-2026.1,SNT,2,TRACK_CIRCUIT,5,MEDIUM,1,89.4,6.7,58.3,1,0,-17,17,3,30,43,64.0,71,69.8,67.7,120,43.6,43.4,16,40.7
SIM-REQ-01561,SIMULATED,SIM-MRISK-2026.1,OPTG,3,TRACK_TAMPING,0,MEDIUM,1,71.3,11.5,54.8,1,8,15,0,1,45,52,50.2,112,97.3,26.4,180,48.2,49.6,18,30.9
SIM-REQ-01562,SIMULATED,SIM-MRISK-2026.1,SNT,2,TRACK_CIRCUIT,5,HIGH,2,42.4,15.7,64.0,1,0,2,0,3,45,38,80.6,54,58.0,57.0,240,55.4,37.9,23,29.0
SIM-REQ-01563,SIMULATED,SIM-MRISK-2026.1,ENGG,0,TRACK_TAMPING,0,LOW,0,92.2,9.8,65.8,1,13,-8,8,5,90,65,74.2,28,41.8,119.7,240,43.0,80.3,3,40.1
SIM-REQ-01564,SIMULATED,SIM-MRISK-2026.1,ENGG,0,TRACK_TAMPING,0,LOW,0,51.5,10.4,64.3,1,1,21,0,2,45,38,40.5,34,43.2,41.2,120,53.1,79.3,9,25.5
SIM-REQ-01565,SIMULATED,SIM-MRISK-2026.1,ENGG,0,TRACK_CIRCUIT,5,MEDIUM,1,64.2,13.8,43.2,3,46,19,0,7,90,41,58.3,98,95.5,159.2,180,82.0,49.6,1,58.6
SIM-REQ-01566,SIMULATED,SIM-MRISK-2026.1,TRD,1,POINT_OVERHAUL,3,LOW,0,100.0,7.7,84.6,1,14,-9,9,4,90,94,96.5,77,74.3,39.0,120,41.0,66.3,6,47.6
SIM-REQ-01567,SIMULATED,SIM-MRISK-2026.1,ENGG,0,POINT_OVERHAUL,3,HIGH,2,100.0,7.7,80.7,1,4,25,0,1,30,44,58.7,84,83.8,14.4,240,41.0,39.5,4,25.6
SIM-REQ-01568,SIMULATED,SIM-MRISK-2026.1,TRD,1,BALLAST_CLEANING,4,HIGH,2,91.5,10.0,66.6,1,8,0,0,3,30,19,75.5,81,81.6,35.2,180,43.1,69.4,14,27.0
SIM-REQ-01569,SIMULATED,SIM-MRISK-2026.1,OPTG,3,BALLAST_CLEANING,4,LOW,0,51.2,18.2,60.1,2,13,0,0,2,30,43,53.8,91,89.1,49.7,180,69.2,81.7,2,44.8
SIM-REQ-01570,SIMULATED,SIM-MRISK-2026.1,SNT,2,RAIL_REPLACEMENT,1,LOW,0,45.4,12.4,83.8,2,5,4,0,8,45,49,48.7,20,36.5,123.7,90,70.7,81.5,12,44.1
SIM-REQ-01571,SIMULATED,SIM-MRISK-2026.1,TRD,1,TRACK_TAMPING,0,HIGH,2,91.2,12.2,61.2,1,3,3,0,5,180,109,57.5,45,56.3,76.3,60,43.2,61.1,5,22.7
SIM-REQ-01572,SIMULATED,SIM-MRISK-2026.1,OPTG,3,TRACK_CIRCUIT,5,HIGH,2,49.5,19.1,74.0,1,17,-6,6,4,180,256,72.4,23,39.5,53.9,120,53.6,72.5,5,45.5
SIM-REQ-01573,SIMULATED,SIM-MRISK-2026.1,TRD,1,WELD_REPAIR,6,MEDIUM,1,61.4,6.6,73.3,2,0,13,0,7,180,96,76.5,26,46.1,78.4,120,66.7,75.3,20,37.9
SIM-REQ-01574,SIMULATED,SIM-MRISK-2026.1,ENGG,0,RAIL_REPLACEMENT,1,LOW,0,91.8,5.9,78.8,1,16,18,0,4,90,136,50.8,96,87.5,80.2,150,43.0,59.8,13,31.5
SIM-REQ-01575,SIMULATED,SIM-MRISK-2026.1,SNT,2,BALLAST_CLEANING,4,LOW,0,12.8,34.9,67.4,3,28,0,0,7,180,105,69.7,61,61.6,145.3,180,94.8,49.8,3,65.7
SIM-REQ-01576,SIMULATED,SIM-MRISK-2026.1,SNT,2,RAIL_REPLACEMENT,1,HIGH,2,71.1,7.9,89.8,1,9,9,0,7,90,81,80.7,66,62.6,174.0,240,48.2,38.9,12,38.1
SIM-REQ-01577,SIMULATED,SIM-MRISK-2026.1,ENGG,0,OHE_INSPECTION,2,MEDIUM,1,81.0,5.6,35.6,2,6,-19,19,4,180,148,93.3,114,96.0,54.9,120,61.8,75.6,3,59.5
SIM-REQ-01578,SIMULATED,SIM-MRISK-2026.1,ENGG,0,BALLAST_CLEANING,4,HIGH,2,53.8,18.4,54.3,2,19,2,0,1,45,70,59.5,48,55.6,41.5,180,68.5,67.8,8,35.8
SIM-REQ-01579,SIMULATED,SIM-MRISK-2026.1,TRD,1,POINT_OVERHAUL,3,MEDIUM,1,50.2,13.1,92.1,1,12,2,0,5,180,278,90.0,36,41.3,79.5,180,53.5,37.5,14,34.1
SIM-REQ-01580,SIMULATED,SIM-MRISK-2026.1,SNT,2,RAIL_REPLACEMENT,1,HIGH,2,93.2,8.7,82.3,1,9,-1,1,5,30,23,84.7,83,81.4,89.4,240,42.7,90.4,24,43.4
SIM-REQ-01581,SIMULATED,SIM-MRISK-2026.1,TRD,1,POINT_OVERHAUL,3,MEDIUM,1,55.0,10.6,85.0,2,34,23,0,4,45,14,53.1,37,42.2,82.0,150,68.2,85.4,13,39.2
SIM-REQ-01582,SIMULATED,SIM-MRISK-2026.1,SNT,2,RAIL_REPLACEMENT,1,HIGH,2,58.0,12.5,85.3,1,8,14,0,3,30,40,78.9,93,82.3,60.7,90,51.5,56.1,11,34.8
SIM-REQ-01583,SIMULATED,SIM-MRISK-2026.1,ENGG,0,WELD_REPAIR,6,LOW,0,90.9,1.6,72.1,1,4,1,0,2,60,15,74.6,62,59.4,25.0,180,43.3,51.2,14,26.6
SIM-REQ-01584,SIMULATED,SIM-MRISK-2026.1,ENGG,0,BALLAST_CLEANING,4,LOW,0,49.8,14.4,71.7,2,26,-2,2,4,90,96,93.3,94,89.3,115.7,90,69.5,50.8,14,63.4
SIM-REQ-01585,SIMULATED,SIM-MRISK-2026.1,ENGG,0,TRACK_TAMPING,0,LOW,0,70.5,10.8,52.4,2,20,5,0,5,45,51,69.8,53,55.8,78.4,240,64.4,52.7,4,34.5
SIM-REQ-01586,SIMULATED,SIM-MRISK-2026.1,TRD,1,WELD_REPAIR,6,LOW,0,95.2,4.6,70.4,1,6,18,0,4,45,47,45.3,66,63.2,85.8,240,42.2,67.5,21,21.6
SIM-REQ-01587,SIMULATED,SIM-MRISK-2026.1,ENGG,0,TRACK_CIRCUIT,5,MEDIUM,1,50.9,15.6,32.2,1,7,8,0,4,30,21,82.4,36,46.7,110.4,120,53.3,42.9,10,24.1
SIM-REQ-01588,SIMULATED,SIM-MRISK-2026.1,SNT,2,OHE_INSPECTION,2,LOW,0,80.9,2.7,33.5,1,1,9,0,6,30,43,78.1,40,41.3,150.6,90,45.8,65.0,21,20.2
SIM-REQ-01589,SIMULATED,SIM-MRISK-2026.1,ENGG,0,TRACK_CIRCUIT,5,MEDIUM,1,79.8,2.1,60.6,1,7,0,0,4,180,39,48.4,32,46.4,66.8,60,46.0,67.1,23,22.9
SIM-REQ-01590,SIMULATED,SIM-MRISK-2026.1,TRD,1,OHE_INSPECTION,2,HIGH,2,96.3,5.8,55.8,1,11,19,0,4,180,182,56.6,35,49.3,63.5,240,41.9,42.7,19,15.8
SIM-REQ-01591,SIMULATED,SIM-MRISK-2026.1,SNT,2,POINT_OVERHAUL,3,HIGH,2,72.8,5.8,96.6,1,1,10,0,4,45,13,68.6,106,91.4,96.3,60,47.8,36.1,0,35.2
SIM-REQ-01592,SIMULATED,SIM-MRISK-2026.1,ENGG,0,RAIL_REPLACEMENT,1,LOW,0,100.0,1.0,82.7,2,0,0,0,7,180,182,87.5,52,56.3,80.9,120,57.0,58.4,23,40.1
SIM-REQ-01593,SIMULATED,SIM-MRISK-2026.1,ENGG,0,BALLAST_CLEANING,4,MEDIUM,1,90.6,3.6,78.9,1,7,-8,8,4,180,33,84.5,102,94.6,70.9,90,43.4,85.5,24,48.7
SIM-REQ-01594,SIMULATED,SIM-MRISK-2026.1,TRD,1,OHE_INSPECTION,2,MEDIUM,1,67.4,10.7,39.2,1,0,17,0,1,60,40,70.7,73,72.3,38.0,240,49.1,66.5,16,20.7
SIM-REQ-01595,SIMULATED,SIM-MRISK-2026.1,ENGG,0,RAIL_REPLACEMENT,1,HIGH,2,62.9,14.2,73.7,1,2,8,0,5,180,17,65.0,80,76.0,68.7,90,50.3,55.9,4,34.7
SIM-REQ-01596,SIMULATED,SIM-MRISK-2026.1,ENGG,0,RAIL_REPLACEMENT,1,HIGH,2,77.5,3.1,73.1,1,0,-4,4,9,60,33,40.4,82,78.8,110.1,120,46.6,77.9,1,41.2
SIM-REQ-01597,SIMULATED,SIM-MRISK-2026.1,SNT,2,WELD_REPAIR,6,HIGH,2,33.6,24.1,50.1,3,17,3,0,6,60,69,94.8,108,93.4,158.9,150,89.6,52.7,1,64.4
SIM-REQ-01598,SIMULATED,SIM-MRISK-2026.1,SNT,2,POINT_OVERHAUL,3,HIGH,2,77.9,10.0,97.2,2,16,-4,4,1,180,30,68.8,86,87.0,33.3,180,62.5,81.8,11,52.2
SIM-REQ-01599,SIMULATED,SIM-MRISK-2026.1,TRD,1,BALLAST_CLEANING,4,LOW,0,54.8,11.5,69.8,2,1,-4,4,9,45,20,43.5,20,41.4,102.6,60,68.3,71.3,20,48.5
SIM-REQ-01600,SIMULATED,SIM-MRISK-2026.1,ENGG,0,OHE_INSPECTION,2,HIGH,2,89.7,8.4,39.1,2,35,16,0,8,60,89,40.9,93,97.8,164.9,60,59.6,89.5,4,38.6
SIM-REQ-01601,SIMULATED,SIM-MRISK-2026.1,ENGG,0,TRACK_CIRCUIT,5,HIGH,2,79.0,10.2,43.7,2,5,4,0,3,45,40,56.6,34,44.6,58.2,90,62.2,78.1,13,30.0
SIM-REQ-01602,SIMULATED,SIM-MRISK-2026.1,SNT,2,BALLAST_CLEANING,4,LOW,0,60.7,9.5,79.6,2,1,16,0,2,180,92,86.4,83,71.6,62.6,90,66.8,59.9,3,38.1
SIM-REQ-01603,SIMULATED,SIM-MRISK-2026.1,ENGG,0,BALLAST_CLEANING,4,MEDIUM,1,100.0,6.0,81.7,2,16,24,0,2,30,26,86.5,74,68.3,37.5,120,57.0,71.0,1,36.4
SIM-REQ-01604,SIMULATED,SIM-MRISK-2026.1,ENGG,0,POINT_OVERHAUL,3,MEDIUM,1,33.7,26.4,95.1,2,30,0,0,7,45,51,96.6,59,62.3,103.8,90,73.6,60.0,7,53.3
SIM-REQ-01605,SIMULATED,SIM-MRISK-2026.1,TRD,1,WELD_REPAIR,6,LOW,0,71.6,10.1,61.5,1,11,11,0,5,30,19,55.0,90,83.5,125.0,120,48.1,62.8,22,32.3
SIM-REQ-01606,SIMULATED,SIM-MRISK-2026.1,TRD,1,TRACK_CIRCUIT,5,MEDIUM,1,59.2,11.8,32.1,3,12,8,0,6,180,149,48.7,102,91.9,143.2,150,83.2,42.7,15,47.0
SIM-REQ-01607,SIMULATED,SIM-MRISK-2026.1,TRD,1,RAIL_REPLACEMENT,1,MEDIUM,1,63.9,13.4,77.4,3,4,15,0,5,30,43,78.1,34,56.7,99.4,120,82.0,71.2,1,50.4
SIM-REQ-01608,SIMULATED,SIM-MRISK-2026.1,ENGG,0,OHE_INSPECTION,2,HIGH,2,72.4,5.5,40.5,1,67,-6,6,6,60,25,84.8,46,49.2,116.4,90,47.9,93.0,19,44.4
SIM-REQ-01609,SIMULATED,SIM-MRISK-2026.1,OPTG,3,RAIL_REPLACEMENT,1,MEDIUM,1,40.3,13.0,74.4,1,3,4,0,8,30,24,85.8,80,73.4,129.2,120,55.9,36.6,21,40.7
SIM-REQ-01610,SIMULATED,SIM-MRISK-2026.1,TRD,1,BALLAST_CLEANING,4,MEDIUM,1,92.2,8.9,74.8,1,4,0,0,4,60,35,94.8,87,90.8,84.3,180,43.0,63.1,6,33.0
SIM-REQ-01611,SIMULATED,SIM-MRISK-2026.1,ENGG,0,TRACK_TAMPING,0,LOW,0,99.4,3.7,76.2,2,0,19,0,5,60,28,52.5,96,85.4,89.0,180,57.1,74.1,13,35.0
SIM-REQ-01612,SIMULATED,SIM-MRISK-2026.1,ENGG,0,POINT_OVERHAUL,3,HIGH,2,69.0,8.1,74.4,1,12,-5,5,3,30,39,49.7,109,95.8,71.6,240,48.8,61.9,19,47.5
SIM-REQ-01613,SIMULATED,SIM-MRISK-2026.1,ENGG,0,OHE_INSPECTION,2,HIGH,2,80.8,4.1,36.9,1,0,12,0,6,60,42,62.1,22,40.2,79.6,150,45.8,71.1,5,15.6
SIM-REQ-01614,SIMULATED,SIM-MRISK-2026.1,ENGG,0,BALLAST_CLEANING,4,HIGH,2,49.3,27.1,59.6,3,22,13,0,1,90,101,59.9,74,69.6,43.5,60,85.7,82.3,22,52.0
SIM-REQ-01615,SIMULATED,SIM-MRISK-2026.1,ENGG,0,WELD_REPAIR,6,MEDIUM,1,78.6,18.4,77.0,1,24,2,0,5,30,45,87.4,27,49.8,118.0,60,46.4,82.8,24,33.5
SIM-REQ-01616,SIMULATED,SIM-MRISK-2026.1,ENGG,0,BALLAST_CLEANING,4,LOW,0,60.5,17.3,82.3,3,6,4,0,4,30,43,50.0,110,94.5,51.0,90,82.9,50.2,4,54.7
SIM-REQ-01617,SIMULATED,SIM-MRISK-2026.1,ENGG,0,TRACK_CIRCUIT,5,HIGH,2,85.8,6.3,50.0,1,35,-2,2,4,180,108,97.7,77,70.4,53.6,120,44.5,72.0,19,35.8
SIM-REQ-01618,SIMULATED,SIM-MRISK-2026.1,ENGG,0,TRACK_TAMPING,0,HIGH,2,66.3,12.8,64.4,1,0,5,0,5,60,65,62.6,55,59.3,75.3,240,49.4,67.6,10,29.5
SIM-REQ-01619,SIMULATED,SIM-MRISK-2026.1,ENGG,0,OHE_INSPECTION,2,LOW,0,50.6,14.7,54.3,2,3,-6,6,7,180,244,50.7,29,49.4,135.8,240,69.3,71.1,17,53.7
SIM-REQ-01620,SIMULATED,SIM-MRISK-2026.1,ENGG,0,TRACK_CIRCUIT,5,MEDIUM,1,80.0,6.5,74.3,1,6,2,0,3,45,49,61.3,57,53.0,42.9,90,46.0,74.5,2,27.2
SIM-REQ-01621,SIMULATED,SIM-MRISK-2026.1,SNT,2,OHE_INSPECTION,2,MEDIUM,1,100.0,2.3,58.5,1,17,11,0,5,30,12,81.3,77,75.3,48.8,180,41.0,77.9,23,23.5
SIM-REQ-01622,SIMULATED,SIM-MRISK-2026.1,SNT,2,BALLAST_CLEANING,4,LOW,0,63.8,14.6,61.4,3,3,8,0,3,180,32,81.1,78,78.3,85.3,150,82.0,60.6,7,49.5
SIM-REQ-01623,SIMULATED,SIM-MRISK-2026.1,TRD,1,TRACK_TAMPING,0,HIGH,2,78.7,15.0,76.1,1,69,15,0,4,30,17,71.8,32,52.9,67.1,120,46.3,75.1,5,27.4
SIM-REQ-01624,SIMULATED,SIM-MRISK-2026.1,OPTG,3,OHE_INSPECTION,2,HIGH,2,74.6,10.4,41.6,1,2,-4,4,10,45,41,70.9,45,52.3,196.7,180,47.4,48.6,4,36.2
SIM-REQ-01625,SIMULATED,SIM-MRISK-2026.1,ENGG,0,WELD_REPAIR,6,HIGH,2,75.5,12.4,56.1,1,6,10,0,3,60,59,71.1,46,53.8,70.0,60,47.1,41.6,12,23.7
SIM-REQ-01626,SIMULATED,SIM-MRISK-2026.1,TRD,1,POINT_OVERHAUL,3,MEDIUM,1,90.6,3.9,83.9,2,21,0,0,3,60,19,54.6,98,89.7,44.8,150,59.4,94.6,7,51.7
SIM-REQ-01627,SIMULATED,SIM-MRISK-2026.1,SNT,2,TRACK_CIRCUIT,5,MEDIUM,1,100.0,5.3,62.9,1,4,12,0,2,30,15,80.5,91,89.6,27.4,90,41.0,65.9,22,28.7
SIM-REQ-01628,SIMULATED,SIM-MRISK-2026.1,TRD,1,OHE_INSPECTION,2,LOW,0,74.2,9.3,48.6,1,21,15,0,4,180,156,72.4,63,71.4,52.0,120,47.5,71.0,12,24.9
SIM-REQ-01629,SIMULATED,SIM-MRISK-2026.1,ENGG,0,TRACK_CIRCUIT,5,HIGH,2,96.4,0.8,73.0,1,3,24,0,5,90,61,69.3,63,64.9,80.2,240,41.9,71.6,6,22.0
SIM-REQ-01630,SIMULATED,SIM-MRISK-2026.1,OPTG,3,BALLAST_CLEANING,4,MEDIUM,1,64.8,20.5,76.2,1,9,11,0,3,60,92,48.0,103,94.5,62.8,240,49.8,79.6,2,35.1
SIM-REQ-01631,SIMULATED,SIM-MRISK-2026.1,ENGG,0,TRACK_CIRCUIT,5,MEDIUM,1,78.5,6.3,53.5,1,18,2,0,2,90,70,42.3,56,67.5,34.1,60,46.4,72.7,16,23.6
SIM-REQ-01632,SIMULATED,SIM-MRISK-2026.1,ENGG,0,OHE_INSPECTION,2,MEDIUM,1,65.8,6.1,56.3,1,19,4,0,2,180,234,97.8,51,54.2,62.4,180,49.5,43.5,17,25.0
SIM-REQ-01633,SIMULATED,SIM-MRISK-2026.1,SNT,2,WELD_REPAIR,6,MEDIUM,1,99.6,10.6,66.7,2,37,9,0,3,180,74,82.8,112,97.1,49.1,150,57.1,85.7,20,43.1
SIM-REQ-01634,SIMULATED,SIM-MRISK-2026.1,TRD,1,POINT_OVERHAUL,3,MEDIUM,1,33.4,23.9,91.1,3,9,-12,12,10,90,53,43.6,73,73.4,261.9,180,89.7,64.1,21,78.2
SIM-REQ-01635,SIMULATED,SIM-MRISK-2026.1,ENGG,0,TRACK_CIRCUIT,5,HIGH,2,49.2,8.8,69.7,1,18,5,0,6,180,280,88.9,60,57.6,114.5,60,53.7,52.7,3,31.0
SIM-REQ-01636,SIMULATED,SIM-MRISK-2026.1,TRD,1,WELD_REPAIR,6,MEDIUM,1,68.3,12.5,63.7,1,31,9,0,6,60,56,42.9,67,75.2,98.2,240,48.9,92.7,6,28.8
SIM-REQ-01637,SIMULATED,SIM-MRISK-2026.1,ENGG,0,TRACK_TAMPING,0,MEDIUM,1,67.6,5.8,52.1,1,4,0,0,2,90,23,96.6,73,76.9,33.2,240,49.1,74.2,0,31.3
SIM-REQ-01638,SIMULATED,SIM-MRISK-2026.1,OPTG,3,RAIL_REPLACEMENT,1,LOW,0,64.5,6.5,85.2,1,21,-12,12,4,180,140,91.5,110,96.4,60.7,240,49.9,36.0,14,61.1
SIM-REQ-01639,SIMULATED,SIM-MRISK-2026.1,ENGG,0,TRACK_CIRCUIT,5,HIGH,2,42.0,18.6,63.3,2,5,-1,1,2,45,32,48.8,56,65.9,48.4,150,71.5,86.6,1,49.0
SIM-REQ-01640,SIMULATED,SIM-MRISK-2026.1,ENGG,0,WELD_REPAIR,6,MEDIUM,1,54.7,14.0,55.5,2,3,-5,5,4,45,51,64.1,90,74.6,72.7,180,68.3,44.4,9,48.5
SIM-REQ-01641,SIMULATED,SIM-MRISK-2026.1,ENGG,0,OHE_INSPECTION,2,MEDIUM,1,39.4,19.1,46.1,2,3,-3,3,5,60,59,88.4,99,90.4,108.8,90,72.2,84.8,11,54.5
SIM-REQ-01642,SIMULATED,SIM-MRISK-2026.1,ENGG,0,TRACK_TAMPING,0,HIGH,2,70.8,6.3,84.7,1,1,-7,7,3,30,43,71.5,71,80.7,84.8,60,48.3,80.0,20,46.0
SIM-REQ-01643,SIMULATED,SIM-MRISK-2026.1,ENGG,0,POINT_OVERHAUL,3,MEDIUM,1,80.0,11.2,95.6,2,0,5,0,6,180,287,54.7,33,43.2,78.3,90,62.0,39.3,0,41.2
SIM-REQ-01644,SIMULATED,SIM-MRISK-2026.1,SNT,2,BALLAST_CLEANING,4,LOW,0,76.4,9.2,54.8,1,11,5,0,5,45,58,77.7,104,95.6,65.7,150,46.9,89.8,5,35.5
SIM-REQ-01645,SIMULATED,SIM-MRISK-2026.1,ENGG,0,BALLAST_CLEANING,4,HIGH,2,59.2,18.3,69.7,2,10,-10,10,3,180,219,85.9,114,98.0,63.5,60,67.2,53.3,7,66.2
SIM-REQ-01646,SIMULATED,SIM-MRISK-2026.1,TRD,1,BALLAST_CLEANING,4,MEDIUM,1,93.5,4.7,51.8,2,38,-7,7,4,30,42,88.6,25,40.4,63.3,240,58.6,55.1,20,48.9
SIM-REQ-01647,SIMULATED,SIM-MRISK-2026.1,OPTG,3,BALLAST_CLEANING,4,MEDIUM,1,74.7,3.9,67.2,2,3,0,0,1,180,272,44.4,21,42.0,26.8,180,63.3,88.4,3,30.0
SIM-REQ-01648,SIMULATED,SIM-MRISK-2026.1,SNT,2,POINT_OVERHAUL,3,MEDIUM,1,87.1,6.0,89.3,2,27,16,0,2,90,142,57.9,69,72.8,33.9,150,60.2,91.4,6,41.6
SIM-REQ-01649,SIMULATED,SIM-MRISK-2026.1,ENGG,0,POINT_OVERHAUL,3,LOW,0,62.5,12.7,91.8,1,66,2,0,7,45,43,65.0,84,82.1,155.9,120,50.4,67.9,6,40.3
SIM-REQ-01650,SIMULATED,SIM-MRISK-2026.1,TRD,1,TRACK_CIRCUIT,5,MEDIUM,1,85.1,6.2,71.3,1,4,8,0,7,45,27,94.3,110,98.0,156.2,180,44.7,93.6,9,31.1
SIM-REQ-01651,SIMULATED,SIM-MRISK-2026.1,ENGG,0,TRACK_CIRCUIT,5,LOW,0,79.4,10.1,51.2,1,21,-5,5,7,60,56,87.3,91,88.7,73.9,90,46.1,94.1,23,39.0
SIM-REQ-01652,SIMULATED,SIM-MRISK-2026.1,TRD,1,WELD_REPAIR,6,MEDIUM,1,92.2,3.8,80.5,2,12,0,0,6,90,84,81.2,54,66.7,72.9,60,59.0,54.1,24,40.1
SIM-REQ-01653,SIMULATED,SIM-MRISK-2026.1,ENGG,0,RAIL_REPLACEMENT,1,MEDIUM,1,94.9,2.1,88.0,1,16,7,0,2,90,58,77.7,73,70.1,39.1,150,42.3,62.5,8,32.4
SIM-REQ-01654,SIMULATED,SIM-MRISK-2026.1,SNT,2,BALLAST_CLEANING,4,MEDIUM,1,71.9,9.0,71.6,2,1,-13,13,4,90,49,40.0,83,81.2,96.3,60,64.0,91.3,5,57.6
SIM-REQ-01655,SIMULATED,SIM-MRISK-2026.1,ENGG,0,TRACK_CIRCUIT,5,MEDIUM,1,61.1,10.1,61.7,3,60,4,0,8,90,33,77.2,112,98.0,88.3,90,82.7,52.9,16,74.2
SIM-REQ-01656,SIMULATED,SIM-MRISK-2026.1,ENGG,0,TRACK_TAMPING,0,MEDIUM,1,54.2,14.7,72.9,2,2,5,0,4,30,46,57.0,58,56.8,108.2,180,68.5,45.9,14,40.8
SIM-REQ-01657,SIMULATED,SIM-MRISK-2026.1,ENGG,0,POINT_OVERHAUL,3,HIGH,2,68.4,8.7,85.8,1,2,4,0,4,60,50,81.8,37,53.3,108.4,150,48.9,61.7,1,33.3
SIM-REQ-01658,SIMULATED,SIM-MRISK-2026.1,ENGG,0,OHE_INSPECTION,2,HIGH,2,75.5,11.7,69.6,2,24,-3,3,3,45,27,55.7,82,75.6,72.6,120,63.1,58.0,18,50.3
SIM-REQ-01659,SIMULATED,SIM-MRISK-2026.1,OPTG,3,POINT_OVERHAUL,3,LOW,0,73.9,12.1,85.7,1,23,24,0,4,60,73,96.7,90,84.2,66.9,240,47.5,65.4,18,37.8
SIM-REQ-01660,SIMULATED,SIM-MRISK-2026.1,ENGG,0,RAIL_REPLACEMENT,1,HIGH,2,57.4,9.9,87.8,1,11,0,0,2,180,282,41.9,76,64.0,55.0,90,51.6,59.4,2,32.6
SIM-REQ-01661,SIMULATED,SIM-MRISK-2026.1,ENGG,0,BALLAST_CLEANING,4,MEDIUM,1,94.0,6.8,56.7,1,3,16,0,4,180,270,95.4,92,89.0,53.9,240,42.5,85.4,3,26.2
SIM-REQ-01662,SIMULATED,SIM-MRISK-2026.1,SNT,2,RAIL_REPLACEMENT,1,LOW,0,78.5,10.0,80.9,1,8,7,0,0,30,36,62.9,49,56.6,8.6,90,46.4,74.2,18,26.4
SIM-REQ-01663,SIMULATED,SIM-MRISK-2026.1,ENGG,0,TRACK_TAMPING,0,MEDIUM,1,83.8,7.9,67.7,1,17,9,0,2,45,34,54.0,76,73.5,47.0,90,45.0,51.4,12,26.9
SIM-REQ-01664,SIMULATED,SIM-MRISK-2026.1,OPTG,3,RAIL_REPLACEMENT,1,HIGH,2,42.3,24.1,81.2,2,10,11,0,6,90,46,49.8,100,88.4,105.2,90,71.4,61.9,11,48.3
SIM-REQ-01665,SIMULATED,SIM-MRISK-2026.1,ENGG,0,TRACK_CIRCUIT,5,LOW,0,77.8,5.2,71.0,2,22,9,0,3,90,69,47.6,43,50.9,33.8,150,62.5,75.5,2,35.7
SIM-REQ-01666,SIMULATED,SIM-MRISK-2026.1,TRD,1,BALLAST_CLEANING,4,HIGH,2,88.9,9.2,68.4,2,2,-8,8,2,180,106,64.8,58,53.1,53.6,240,59.8,78.2,19,49.6
SIM-REQ-01667,SIMULATED,SIM-MRISK-2026.1,ENGG,0,TRACK_TAMPING,0,LOW,0,75.0,4.5,57.3,1,21,26,0,5,45,31,55.4,20,46.5,56.1,120,47.2,82.8,11,24.3
SIM-REQ-01668,SIMULATED,SIM-MRISK-2026.1,OPTG,3,WELD_REPAIR,6,HIGH,2,81.5,3.3,61.6,1,10,18,0,8,180,23,73.1,114,98.0,131.2,120,45.6,69.5,9,32.4
SIM-REQ-01669,SIMULATED,SIM-MRISK-2026.1,OPTG,3,POINT_OVERHAUL,3,MEDIUM,1,76.2,13.4,95.2,2,16,12,0,4,90,133,57.8,84,74.2,57.4,180,63.0,63.7,8,41.6
SIM-REQ-01670,SIMULATED,SIM-MRISK-2026.1,ENGG,0,WELD_REPAIR,6,MEDIUM,1,53.7,11.7,59.3,3,8,-6,6,6,90,83,41.3,61,65.1,120.1,240,84.6,78.2,21,63.9
SIM-REQ-01671,SIMULATED,SIM-MRISK-2026.1,SNT,2,POINT_OVERHAUL,3,MEDIUM,1,87.1,10.0,93.1,1,8,-6,6,7,90,54,95.1,99,89.3,140.9,60,44.2,68.1,16,59.4
SIM-REQ-01672,SIMULATED,SIM-MRISK-2026.1,ENGG,0,OHE_INSPECTION,2,LOW,0,72.3,12.0,56.4,1,9,15,0,4,60,73,53.8,55,54.7,58.8,150,47.9,84.2,10,26.2
SIM-REQ-01673,SIMULATED,SIM-MRISK-2026.1,ENGG,0,TRACK_CIRCUIT,5,HIGH,2,78.5,8.8,72.2,2,29,-8,8,6,60,53,80.3,110,98.0,115.4,90,62.4,58.9,10,59.9
SIM-REQ-01674,SIMULATED,SIM-MRISK-2026.1,OPTG,3,RAIL_REPLACEMENT,1,MEDIUM,1,62.7,17.3,91.0,3,8,16,0,5,180,21,77.4,105,97.0,111.6,150,82.3,89.9,12,56.9
SIM-REQ-01675,SIMULATED,SIM-MRISK-2026.1,SNT,2,TRACK_CIRCUIT,5,MEDIUM,1,39.4,24.2,60.1,1,61,9,0,6,180,154,97.2,41,49.8,75.5,150,56.1,40.2,20,29.9
SIM-REQ-01676,SIMULATED,SIM-MRISK-2026.1,ENGG,0,OHE_INSPECTION,2,MEDIUM,1,74.8,17.9,37.3,1,38,9,0,5,180,268,88.5,93,88.1,129.6,120,47.3,94.7,22,26.8
SIM-REQ-01677,SIMULATED,SIM-MRISK-2026.1,SNT,2,OHE_INSPECTION,2,LOW,0,73.3,11.8,39.9,1,9,-3,3,7,45,17,53.7,86,80.3,88.1,120,47.7,50.8,4,38.0
SIM-REQ-01678,SIMULATED,SIM-MRISK-2026.1,ENGG,0,WELD_REPAIR,6,MEDIUM,1,91.4,7.7,55.3,1,30,0,0,1,90,40,41.1,107,93.3,14.1,90,43.1,38.3,23,28.7
SIM-REQ-01679,SIMULATED,SIM-MRISK-2026.1,ENGG,0,TRACK_TAMPING,0,MEDIUM,1,73.7,12.0,81.2,1,6,0,0,3,30,24,62.3,107,98.0,41.7,120,47.6,35.2,12,36.5
SIM-REQ-01680,SIMULATED,SIM-MRISK-2026.1,ENGG,0,TRACK_CIRCUIT,5,LOW,0,57.6,11.1,58.2,2,0,-7,7,5,180,69,66.7,108,94.9,88.4,180,67.6,60.3,14,59.7
SIM-REQ-01681,SIMULATED,SIM-MRISK-2026.1,ENGG,0,TRACK_CIRCUIT,5,MEDIUM,1,38.3,19.4,55.9,2,0,7,0,6,30,47,67.0,21,43.2,127.0,240,72.4,87.8,10,35.1
SIM-REQ-01682,SIMULATED,SIM-MRISK-2026.1,ENGG,0,OHE_INSPECTION,2,MEDIUM,1,77.2,9.5,45.6,1,79,-5,5,2,45,25,97.1,92,84.0,34.0,60,46.7,49.4,2,47.3
SIM-REQ-01683,SIMULATED,SIM-MRISK-2026.1,TRD,1,POINT_OVERHAUL,3,MEDIUM,1,65.5,15.1,71.8,1,6,11,0,12,60,62,96.7,52,62.2,239.1,90,49.6,38.3,3,35.2
SIM-REQ-01684,SIMULATED,SIM-MRISK-2026.1,SNT,2,RAIL_REPLACEMENT,1,MEDIUM,1,62.8,9.3,96.3,1,3,10,0,5,180,143,65.4,37,53.9,83.9,90,50.3,77.6,6,35.5
SIM-REQ-01685,SIMULATED,SIM-MRISK-2026.1,ENGG,0,TRACK_CIRCUIT,5,MEDIUM,1,90.5,9.3,42.2,2,2,-14,14,3,60,25,48.8,63,64.4,35.2,180,59.4,44.0,3,45.7
SIM-REQ-01686,SIMULATED,SIM-MRISK-2026.1,ENGG,0,BALLAST_CLEANING,4,LOW,0,70.7,12.0,74.6,2,21,15,0,5,60,23,65.9,103,83.2,111.7,120,64.3,67.0,9,42.1
SIM-REQ-01687,SIMULATED,SIM-MRISK-2026.1,OPTG,3,TRACK_TAMPING,0,MEDIUM,1,67.3,14.3,56.9,1,15,2,0,5,45,52,67.2,38,53.0,77.7,240,49.2,92.3,12,27.9
SIM-REQ-01688,SIMULATED,SIM-MRISK-2026.1,ENGG,0,TRACK_TAMPING,0,HIGH,2,65.2,18.2,61.6,1,27,-5,5,5,60,74,64.4,25,40.9,107.4,180,49.7,35.5,15,37.7
SIM-REQ-01689,SIMULATED,SIM-MRISK-2026.1,SNT,2,TRACK_TAMPING,0,HIGH,2,70.0,5.9,59.5,2,11,15,0,4,180,31,50.9,42,53.8,110.4,90,64.5,55.0,16,36.4
SIM-REQ-01690,SIMULATED,SIM-MRISK-2026.1,ENGG,0,WELD_REPAIR,6,LOW,0,83.4,8.0,53.1,2,12,11,0,8,60,87,86.8,76,64.5,122.5,240,61.1,74.8,3,36.3
SIM-REQ-01691,SIMULATED,SIM-MRISK-2026.1,OPTG,3,RAIL_REPLACEMENT,1,MEDIUM,1,71.1,5.4,78.4,1,6,-15,15,4,90,85,53.3,111,95.2,66.1,120,48.2,79.2,10,58.7
SIM-REQ-01692,SIMULATED,SIM-MRISK-2026.1,OPTG,3,BALLAST_CLEANING,4,MEDIUM,1,82.6,4.4,55.8,1,4,-5,5,3,90,64,87.2,24,41.5,55.4,90,45.4,85.2,12,35.8
SIM-REQ-01693,SIMULATED,SIM-MRISK-2026.1,SNT,2,TRACK_TAMPING,0,HIGH,2,53.2,12.7,52.3,2,32,-12,12,6,45,16,79.1,81,86.0,90.9,150,68.7,52.5,4,65.7
SIM-REQ-01694,SIMULATED,SIM-MRISK-2026.1,OPTG,3,BALLAST_CLEANING,4,LOW,0,61.4,13.0,67.3,1,10,-6,6,2,45,41,76.6,22,32.9,41.5,120,50.6,44.6,18,40.4
SIM-REQ-01695,SIMULATED,SIM-MRISK-2026.1,ENGG,0,WELD_REPAIR,6,MEDIUM,1,87.9,2.4,69.9,1,3,13,0,8,180,220,95.4,110,83.5,106.9,150,44.0,69.1,13,31.0
SIM-REQ-01696,SIMULATED,SIM-MRISK-2026.1,TRD,1,WELD_REPAIR,6,MEDIUM,1,46.1,24.2,80.9,3,0,-2,2,7,45,54,45.6,106,85.8,124.8,60,86.5,88.7,11,62.6
SIM-REQ-01697,SIMULATED,SIM-MRISK-2026.1,TRD,1,TRACK_TAMPING,0,MEDIUM,1,57.8,7.2,52.3,2,50,7,0,6,90,63,48.5,86,84.1,68.4,90,67.5,55.8,19,48.4
SIM-REQ-01698,SIMULATED,SIM-MRISK-2026.1,SNT,2,RAIL_REPLACEMENT,1,MEDIUM,1,67.8,13.2,86.1,1,36,2,0,4,45,64,68.1,38,47.2,70.9,60,49.0,42.7,12,26.7
SIM-REQ-01699,SIMULATED,SIM-MRISK-2026.1,ENGG,0,OHE_INSPECTION,2,MEDIUM,1,92.1,7.6,62.1,1,1,0,0,5,90,49,43.9,68,62.0,112.9,60,43.0,38.1,13,29.3
SIM-REQ-01700,SIMULATED,SIM-MRISK-2026.1,ENGG,0,TRACK_TAMPING,0,MEDIUM,1,44.0,11.1,54.7,2,2,1,0,5,45,52,89.2,100,87.8,63.0,90,71.0,82.4,16,47.2
SIM-REQ-01701,SIMULATED,SIM-MRISK-2026.1,ENGG,0,TRACK_CIRCUIT,5,MEDIUM,1,57.1,10.3,30.9,2,1,16,0,2,30,26,59.3,75,75.1,42.8,240,67.7,67.7,14,32.1
SIM-REQ-01702,SIMULATED,SIM-MRISK-2026.1,ENGG,0,OHE_INSPECTION,2,LOW,0,60.1,12.3,61.7,2,30,1,0,5,60,18,47.3,20,44.9,133.4,120,67.0,80.1,6,39.1
SIM-REQ-01703,SIMULATED,SIM-MRISK-2026.1,SNT,2,TRACK_TAMPING,0,HIGH,2,57.4,7.2,76.4,2,22,1,0,6,30,20,85.4,84,84.7,155.9,120,67.7,61.5,8,45.5
SIM-REQ-01704,SIMULATED,SIM-MRISK-2026.1,TRD,1,OHE_INSPECTION,2,MEDIUM,1,32.9,29.6,40.3,3,1,4,0,1,180,74,52.1,112,96.0,35.2,120,89.8,54.9,23,55.3
SIM-REQ-01705,SIMULATED,SIM-MRISK-2026.1,ENGG,0,OHE_INSPECTION,2,MEDIUM,1,85.8,14.2,45.2,2,0,11,0,2,180,194,55.1,44,45.5,24.9,60,60.5,40.1,18,33.9
SIM-REQ-01706,SIMULATED,SIM-MRISK-2026.1,ENGG,0,TRACK_TAMPING,0,MEDIUM,1,81.5,4.4,60.2,1,14,32,0,2,30,22,91.5,109,98.0,27.5,240,45.6,86.9,5,28.3
SIM-REQ-01707,SIMULATED,SIM-MRISK-2026.1,SNT,2,OHE_INSPECTION,2,LOW,0,87.6,4.3,30.4,1,5,10,0,4,60,63,86.0,98,85.7,102.9,60,44.1,68.1,21,21.1
SIM-REQ-01708,SIMULATED,SIM-MRISK-2026.1,TRD,1,TRACK_CIRCUIT,5,LOW,0,97.0,3.1,44.8,1,28,-1,1,5,30,41,70.6,41,48.9,89.3,120,41.8,71.0,23,28.0
SIM-REQ-01709,SIMULATED,SIM-MRISK-2026.1,ENGG,0,OHE_INSPECTION,2,LOW,0,63.5,13.4,44.1,1,5,6,0,4,30,15,67.1,52,54.0,74.6,90,50.1,67.5,20,22.7
SIM-REQ-01710,SIMULATED,SIM-MRISK-2026.1,ENGG,0,TRACK_TAMPING,0,MEDIUM,1,74.1,10.6,73.6,1,35,4,0,7,60,55,58.6,54,55.3,125.8,60,47.5,39.0,4,31.6
SIM-REQ-01711,SIMULATED,SIM-MRISK-2026.1,SNT,2,OHE_INSPECTION,2,MEDIUM,1,84.5,2.7,69.0,1,39,-2,2,5,90,33,46.1,58,63.5,75.0,120,44.9,47.1,12,38.3
SIM-REQ-01712,SIMULATED,SIM-MRISK-2026.1,TRD,1,RAIL_REPLACEMENT,1,HIGH,2,59.0,15.0,78.4,2,9,8,0,5,180,34,93.9,89,84.2,129.7,240,67.2,83.4,16,46.4
SIM-REQ-01713,SIMULATED,SIM-MRISK-2026.1,ENGG,0,TRACK_TAMPING,0,MEDIUM,1,84.9,11.3,78.1,1,7,-1,1,5,30,18,72.7,29,47.9,96.6,120,44.8,71.5,19,37.0
SIM-REQ-01714,SIMULATED,SIM-MRISK-2026.1,ENGG,0,POINT_OVERHAUL,3,HIGH,2,60.7,14.4,94.5,2,43,-15,15,6,30,26,90.5,41,47.7,65.3,120,66.8,43.3,10,61.2
SIM-REQ-01715,SIMULATED,SIM-MRISK-2026.1,TRD,1,BALLAST_CLEANING,4,MEDIUM,1,63.6,7.0,57.0,1,12,13,0,2,30,47,44.3,45,53.0,30.9,240,50.1,73.9,12,24.8
SIM-REQ-01716,SIMULATED,SIM-MRISK-2026.1,ENGG,0,TRACK_TAMPING,0,MEDIUM,1,50.5,12.4,76.6,1,5,-20,20,3,90,79,50.7,73,73.5,66.3,150,53.4,59.8,14,47.8
SIM-REQ-01717,SIMULATED,SIM-MRISK-2026.1,ENGG,0,TRACK_TAMPING,0,LOW,0,96.3,6.3,54.0,2,5,13,0,5,45,12,68.0,68,73.7,43.9,60,57.9,76.7,1,36.7
SIM-REQ-01718,SIMULATED,SIM-MRISK-2026.1,ENGG,0,WELD_REPAIR,6,HIGH,2,65.8,21.8,54.5,1,23,4,0,5,90,23,52.3,105,94.1,123.1,60,49.5,94.3,17,36.0
SIM-REQ-01719,SIMULATED,SIM-MRISK-2026.1,TRD,1,WELD_REPAIR,6,LOW,0,89.7,5.0,68.8,1,8,2,0,7,60,95,86.4,51,61.8,158.4,120,43.6,67.6,19,30.5
SIM-REQ-01720,SIMULATED,SIM-MRISK-2026.1,ENGG,0,TRACK_TAMPING,0,LOW,0,84.7,6.2,57.0,1,19,-10,10,8,60,88,58.8,99,91.5,202.5,180,44.8,67.9,14,48.9
SIM-REQ-01721,SIMULATED,SIM-MRISK-2026.1,ENGG,0,TRACK_TAMPING,0,MEDIUM,1,77.4,10.2,57.6,2,12,-1,1,2,90,62,72.7,51,60.4,53.5,240,62.6,44.8,17,40.4
SIM-REQ-01722,SIMULATED,SIM-MRISK-2026.1,SNT,2,POINT_OVERHAUL,3,MEDIUM,1,78.0,3.4,83.5,1,2,2,0,3,45,50,94.2,29,45.9,80.9,90,46.5,56.6,19,30.9
SIM-REQ-01723,SIMULATED,SIM-MRISK-2026.1,SNT,2,WELD_REPAIR,6,LOW,0,42.2,21.9,56.5,1,0,33,0,7,45,10,76.0,99,93.8,89.3,180,55.5,54.9,10,33.2
SIM-REQ-01724,SIMULATED,SIM-MRISK-2026.1,ENGG,0,WELD_REPAIR,6,MEDIUM,1,88.9,9.6,58.8,1,9,14,0,5,180,130,84.9,112,91.5,122.6,240,43.8,43.5,24,26.1
SIM-REQ-01725,SIMULATED,SIM-MRISK-2026.1,TRD,1,BALLAST_CLEANING,4,LOW,0,19.7,26.6,82.6,3,5,26,0,3,30,15,78.2,20,42.0,61.8,60,93.1,57.8,24,51.4
SIM-REQ-01726,SIMULATED,SIM-MRISK-2026.1,ENGG,0,TRACK_TAMPING,0,HIGH,2,60.5,13.2,83.8,3,1,13,0,4,90,103,86.4,26,38.8,101.0,180,82.9,60.2,16,45.0
SIM-REQ-01727,SIMULATED,SIM-MRISK-2026.1,OPTG,3,RAIL_REPLACEMENT,1,LOW,0,71.0,7.0,70.7,1,2,9,0,7,180,30,41.8,75,75.8,98.6,60,48.2,39.8,10,36.3
SIM-REQ-01728,SIMULATED,SIM-MRISK-2026.1,TRD,1,POINT_OVERHAUL,3,HIGH,2,63.7,18.9,79.4,3,1,3,0,4,180,225,67.5,103,89.7,50.3,120,82.1,56.5,14,62.2
SIM-REQ-01729,SIMULATED,SIM-MRISK-2026.1,OPTG,3,POINT_OVERHAUL,3,MEDIUM,1,85.8,9.1,97.3,1,5,-2,2,3,30,19,81.9,78,80.7,68.5,150,44.5,69.1,12,41.4
SIM-REQ-01730,SIMULATED,SIM-MRISK-2026.1,ENGG,0,TRACK_CIRCUIT,5,LOW,0,65.6,12.2,68.6,2,10,9,0,2,30,27,56.1,61,59.4,59.0,180,65.6,43.9,24,41.0
SIM-REQ-01731,SIMULATED,SIM-MRISK-2026.1,ENGG,0,OHE_INSPECTION,2,MEDIUM,1,80.6,8.0,65.0,1,8,6,0,1,90,83,87.2,56,56.3,25.6,60,45.9,78.2,20,24.2
SIM-REQ-01732,SIMULATED,SIM-MRISK-2026.1,ENGG,0,OHE_INSPECTION,2,MEDIUM,1,79.0,7.2,57.4,2,13,-11,11,5,60,75,67.0,78,79.3,126.8,60,62.2,36.0,10,57.9
SIM-REQ-01733,SIMULATED,SIM-MRISK-2026.1,TRD,1,POINT_OVERHAUL,3,MEDIUM,1,79.8,10.4,70.7,1,19,19,0,3,30,22,51.5,26,33.8,76.3,240,46.0,86.1,5,26.1
SIM-REQ-01734,SIMULATED,SIM-MRISK-2026.1,SNT,2,TRACK_CIRCUIT,5,MEDIUM,1,56.9,13.5,46.8,2,8,21,0,7,30,11,48.3,75,71.7,174.9,120,67.8,72.3,15,38.8
SIM-REQ-01735,SIMULATED,SIM-MRISK-2026.1,ENGG,0,TRACK_CIRCUIT,5,LOW,0,62.6,12.1,62.7,2,10,11,0,5,90,108,65.1,51,63.9,74.8,120,66.3,80.9,8,37.8
SIM-REQ-01736,SIMULATED,SIM-MRISK-2026.1,TRD,1,BALLAST_CLEANING,4,HIGH,2,75.0,5.0,72.8,1,13,14,0,6,30,47,92.2,98,92.5,116.9,120,47.2,67.8,5,32.6
SIM-REQ-01737,SIMULATED,SIM-MRISK-2026.1,ENGG,0,BALLAST_CLEANING,4,HIGH,2,99.6,3.6,68.9,1,16,3,0,4,30,33,59.7,69,74.4,75.9,180,41.1,91.0,20,29.7
SIM-REQ-01738,SIMULATED,SIM-MRISK-2026.1,OPTG,3,TRACK_CIRCUIT,5,HIGH,2,53.5,15.4,56.4,2,1,-15,15,4,45,49,65.9,58,67.4,66.9,240,68.6,79.7,14,60.5
SIM-REQ-01739,SIMULATED,SIM-MRISK-2026.1,TRD,1,TRACK_CIRCUIT,5,LOW,0,32.2,15.3,49.4,4,13,3,0,5,90,65,67.5,110,90.2,87.2,150,98.0,82.0,0,71.1
SIM-REQ-01740,SIMULATED,SIM-MRISK-2026.1,ENGG,0,RAIL_REPLACEMENT,1,MEDIUM,1,97.2,8.7,83.8,2,3,29,0,5,30,17,40.4,100,90.2,66.9,60,57.7,51.1,23,36.2
SIM-REQ-01741,SIMULATED,SIM-MRISK-2026.1,ENGG,0,WELD_REPAIR,6,MEDIUM,1,58.8,13.8,55.5,3,7,6,0,4,30,31,96.4,87,68.8,57.6,240,83.3,70.8,17,49.3
SIM-REQ-01742,SIMULATED,SIM-MRISK-2026.1,ENGG,0,TRACK_CIRCUIT,5,MEDIUM,1,50.0,26.2,51.2,2,23,10,0,7,60,92,89.1,91,83.1,182.6,150,69.5,70.2,24,40.3
SIM-REQ-01743,SIMULATED,SIM-MRISK-2026.1,ENGG,0,TRACK_CIRCUIT,5,MEDIUM,1,90.0,6.5,69.5,1,0,-6,6,6,30,18,88.5,74,65.3,140.1,120,43.5,53.7,19,44.7
SIM-REQ-01744,SIMULATED,SIM-MRISK-2026.1,ENGG,0,RAIL_REPLACEMENT,1,MEDIUM,1,57.1,13.2,97.6,1,1,-3,3,6,90,96,77.2,81,79.1,134.4,150,51.7,87.1,15,46.6
SIM-REQ-01745,SIMULATED,SIM-MRISK-2026.1,SNT,2,WELD_REPAIR,6,MEDIUM,1,72.2,11.2,64.7,1,2,-6,6,10,45,20,95.0,106,92.7,95.6,60,48.0,36.9,24,53.1
SIM-REQ-01746,SIMULATED,SIM-MRISK-2026.1,ENGG,0,RAIL_REPLACEMENT,1,MEDIUM,1,72.0,11.5,81.2,1,6,-13,13,2,30,43,48.4,44,54.3,31.6,150,48.0,48.9,0,43.1
SIM-REQ-01747,SIMULATED,SIM-MRISK-2026.1,SNT,2,OHE_INSPECTION,2,LOW,0,81.0,7.3,44.1,1,20,-9,9,6,90,56,59.6,56,59.0,150.5,180,45.8,62.8,19,40.6
SIM-REQ-01748,SIMULATED,SIM-MRISK-2026.1,TRD,1,OHE_INSPECTION,2,LOW,0,36.7,17.3,60.7,1,2,1,0,13,180,115,41.4,29,39.9,233.3,60,56.8,54.1,21,35.0
SIM-REQ-01749,SIMULATED,SIM-MRISK-2026.1,TRD,1,POINT_OVERHAUL,3,LOW,0,69.7,4.0,77.1,1,40,8,0,5,60,34,55.6,79,81.9,135.1,120,48.6,91.6,6,34.0
SIM-REQ-01750,SIMULATED,SIM-MRISK-2026.1,ENGG,0,RAIL_REPLACEMENT,1,LOW,0,100.0,4.0,72.8,2,12,-9,9,6,45,33,72.1,107,92.7,57.7,120,57.0,76.1,0,56.9
SIM-REQ-01751,SIMULATED,SIM-MRISK-2026.1,TRD,1,OHE_INSPECTION,2,LOW,0,59.3,10.1,31.1,3,7,-4,4,7,90,52,93.5,79,72.6,96.0,60,83.2,75.1,10,56.0
SIM-REQ-01752,SIMULATED,SIM-MRISK-2026.1,TRD,1,WELD_REPAIR,6,MEDIUM,1,82.3,14.8,57.4,1,22,4,0,2,180,94,96.6,97,86.3,48.1,120,45.4,56.2,12,27.6
SIM-REQ-01753,SIMULATED,SIM-MRISK-2026.1,ENGG,0,RAIL_REPLACEMENT,1,LOW,0,86.7,6.6,84.3,1,8,-2,2,2,45,62,86.9,28,40.3,34.9,150,44.3,41.1,9,36.0
SIM-REQ-01754,SIMULATED,SIM-MRISK-2026.1,SNT,2,TRACK_CIRCUIT,5,MEDIUM,1,45.9,11.4,72.2,1,24,0,0,4,180,114,66.8,114,98.0,54.1,60,54.5,42.3,1,43.4
SIM-REQ-01755,SIMULATED,SIM-MRISK-2026.1,OPTG,3,RAIL_REPLACEMENT,1,MEDIUM,1,71.7,16.3,96.8,2,31,2,0,1,45,24,56.6,33,43.3,21.2,150,64.1,65.2,18,42.5
SIM-REQ-01756,SIMULATED,SIM-MRISK-2026.1,ENGG,0,TRACK_CIRCUIT,5,LOW,0,51.8,15.6,55.3,2,5,-7,7,6,45,46,81.5,33,41.3,162.6,240,69.0,92.2,9,53.0
SIM-REQ-01757,SIMULATED,SIM-MRISK-2026.1,ENGG,0,TRACK_CIRCUIT,5,MEDIUM,1,88.8,5.9,34.8,1,6,5,0,5,30,18,97.1,74,68.2,100.7,90,43.8,76.7,15,22.0
SIM-REQ-01758,SIMULATED,SIM-MRISK-2026.1,SNT,2,BALLAST_CLEANING,4,HIGH,2,67.6,6.0,64.1,1,6,25,0,7,90,81,53.9,102,90.7,142.0,60,49.1,58.8,19,32.0
SIM-REQ-01759,SIMULATED,SIM-MRISK-2026.1,TRD,1,WELD_REPAIR,6,MEDIUM,1,72.4,11.3,50.2,1,7,6,0,3,30,13,45.4,23,38.3,49.6,60,47.9,76.8,11,20.7
SIM-REQ-01760,SIMULATED,SIM-MRISK-2026.1,OPTG,3,RAIL_REPLACEMENT,1,MEDIUM,1,60.6,12.2,76.8,3,24,11,0,2,45,12,79.9,55,62.3,44.6,240,82.8,66.8,10,50.3
SIM-REQ-01761,SIMULATED,SIM-MRISK-2026.1,SNT,2,OHE_INSPECTION,2,HIGH,2,52.0,15.8,48.0,2,7,5,0,4,90,15,71.0,89,86.7,74.9,90,69.0,86.1,22,45.4
SIM-REQ-01762,SIMULATED,SIM-MRISK-2026.1,ENGG,0,BALLAST_CLEANING,4,MEDIUM,1,80.0,6.1,72.5,1,23,9,0,3,180,123,63.8,99,94.5,75.3,180,46.0,74.9,7,35.6
SIM-REQ-01763,SIMULATED,SIM-MRISK-2026.1,SNT,2,RAIL_REPLACEMENT,1,MEDIUM,1,79.6,11.3,84.2,2,7,20,0,4,30,46,83.9,47,59.8,84.1,120,62.1,93.4,15,35.0
SIM-REQ-01764,SIMULATED,SIM-MRISK-2026.1,ENGG,0,TRACK_TAMPING,0,HIGH,2,74.5,13.1,77.4,2,7,3,0,4,90,134,76.2,64,76.0,90.1,60,63.4,42.2,0,42.1
SIM-REQ-01765,SIMULATED,SIM-MRISK-2026.1,TRD,1,BALLAST_CLEANING,4,MEDIUM,1,100.0,4.5,75.1,1,3,6,0,4,180,47,83.3,40,46.7,89.1,240,41.0,59.0,7,19.4
SIM-REQ-01766,SIMULATED,SIM-MRISK-2026.1,ENGG,0,POINT_OVERHAUL,3,MEDIUM,1,58.5,11.1,94.7,2,8,9,0,4,60,89,41.7,30,39.0,114.8,180,67.4,80.7,3,41.9
SIM-REQ-01767,SIMULATED,SIM-MRISK-2026.1,SNT,2,TRACK_TAMPING,0,HIGH,2,57.9,10.7,70.6,2,6,3,0,8,60,38,56.7,101,97.7,215.5,180,67.5,52.9,23,47.0
SIM-REQ-01768,SIMULATED,SIM-MRISK-2026.1,ENGG,0,OHE_INSPECTION,2,LOW,0,83.9,8.7,74.3,2,18,4,0,3,30,30,82.9,72,70.1,61.3,60,61.0,53.0,9,34.0
SIM-REQ-01769,SIMULATED,SIM-MRISK-2026.1,TRD,1,TRACK_CIRCUIT,5,MEDIUM,1,82.1,11.4,55.9,1,6,-1,1,2,180,162,82.6,96,92.2,28.7,120,45.5,39.3,20,34.8
SIM-REQ-01770,SIMULATED,SIM-MRISK-2026.1,ENGG,0,BALLAST_CLEANING,4,MEDIUM,1,52.2,20.2,55.6,2,2,24,0,2,45,39,67.4,43,42.1,40.2,120,69.0,39.9,6,30.7
SIM-REQ-01771,SIMULATED,SIM-MRISK-2026.1,TRD,1,POINT_OVERHAUL,3,MEDIUM,1,85.4,7.3,81.9,1,14,11,0,6,90,140,71.1,70,77.7,58.9,240,44.6,53.8,4,34.5
SIM-REQ-01772,SIMULATED,SIM-MRISK-2026.1,ENGG,0,BALLAST_CLEANING,4,MEDIUM,1,100.0,4.0,52.9,1,33,9,0,5,90,75,80.1,47,65.0,84.5,180,41.0,41.7,11,23.4
SIM-REQ-01773,SIMULATED,SIM-MRISK-2026.1,SNT,2,BALLAST_CLEANING,4,LOW,0,79.0,9.9,60.8,1,3,17,0,2,60,50,41.5,101,88.6,50.5,90,46.2,45.1,3,30.7
SIM-REQ-01774,SIMULATED,SIM-MRISK-2026.1,TRD,1,TRACK_TAMPING,0,MEDIUM,1,76.9,12.0,63.8,1,12,14,0,5,30,14,73.2,31,44.6,100.0,120,46.8,77.6,8,24.4
SIM-REQ-01775,SIMULATED,SIM-MRISK-2026.1,TRD,1,WELD_REPAIR,6,LOW,0,50.4,14.3,61.5,2,29,22,0,5,90,45,42.1,23,40.1,130.3,240,69.4,70.4,7,38.2
SIM-REQ-01776,SIMULATED,SIM-MRISK-2026.1,OPTG,3,WELD_REPAIR,6,HIGH,2,74.4,11.6,56.1,1,12,8,0,5,30,29,67.3,79,84.8,103.6,150,47.4,58.1,22,29.6
SIM-REQ-01777,SIMULATED,SIM-MRISK-2026.1,SNT,2,TRACK_TAMPING,0,HIGH,2,71.6,8.1,82.5,1,0,-8,8,6,90,130,50.2,51,58.3,136.8,150,48.1,87.1,4,44.1
SIM-REQ-01778,SIMULATED,SIM-MRISK-2026.1,ENGG,0,TRACK_TAMPING,0,MEDIUM,1,92.1,11.1,67.5,2,0,18,0,2,60,56,55.5,113,86.6,48.1,180,59.0,42.5,22,34.9
SIM-REQ-01779,SIMULATED,SIM-MRISK-2026.1,ENGG,0,POINT_OVERHAUL,3,MEDIUM,1,87.2,3.0,81.8,2,11,-10,10,5,45,71,97.0,98,90.7,94.2,60,60.2,50.8,0,60.3
SIM-REQ-01780,SIMULATED,SIM-MRISK-2026.1,TRD,1,TRACK_TAMPING,0,LOW,0,78.3,4.5,58.2,1,2,-3,3,5,60,49,73.4,27,50.0,49.9,60,46.4,53.7,16,33.9
SIM-REQ-01781,SIMULATED,SIM-MRISK-2026.1,ENGG,0,TRACK_TAMPING,0,LOW,0,50.6,17.6,58.4,2,22,17,0,9,180,80,76.2,94,82.5,141.2,240,69.3,66.9,12,39.4
SIM-REQ-01782,SIMULATED,SIM-MRISK-2026.1,TRD,1,WELD_REPAIR,6,MEDIUM,1,83.6,5.6,81.3,1,30,6,0,6,30,27,77.5,47,56.3,100.9,120,45.1,60.5,12,25.0
SIM-REQ-01783,SIMULATED,SIM-MRISK-2026.1,ENGG,0,TRACK_TAMPING,0,MEDIUM,1,77.1,9.4,82.0,2,2,-14,14,10,45,25,63.1,54,53.3,227.5,120,62.7,35.8,23,56.1
SIM-REQ-01784,SIMULATED,SIM-MRISK-2026.1,ENGG,0,OHE_INSPECTION,2,MEDIUM,1,70.9,7.8,69.9,1,31,3,0,4,45,50,96.6,92,83.8,95.2,120,48.3,71.0,2,37.3
SIM-REQ-01785,SIMULATED,SIM-MRISK-2026.1,ENGG,0,POINT_OVERHAUL,3,MEDIUM,1,92.8,5.9,71.4,1,14,11,0,4,60,17,65.4,57,62.8,71.0,90,42.8,73.9,8,22.6
SIM-REQ-01786,SIMULATED,SIM-MRISK-2026.1,SNT,2,BALLAST_CLEANING,4,HIGH,2,73.9,11.6,58.4,2,11,-12,12,1,180,47,79.7,24,38.1,22.2,120,63.5,49.0,21,45.8
SIM-REQ-01787,SIMULATED,SIM-MRISK-2026.1,ENGG,0,TRACK_TAMPING,0,LOW,0,67.0,10.9,67.0,1,2,6,0,4,180,56,40.6,22,40.0,93.3,60,49.2,73.8,9,27.2
SIM-REQ-01788,SIMULATED,SIM-MRISK-2026.1,ENGG,0,POINT_OVERHAUL,3,MEDIUM,1,67.9,7.8,81.3,1,10,24,0,4,90,34,93.0,43,56.1,76.3,90,49.0,76.4,1,26.9
SIM-REQ-01789,SIMULATED,SIM-MRISK-2026.1,ENGG,0,OHE_INSPECTION,2,LOW,0,50.8,12.7,72.0,3,2,7,0,5,30,18,59.7,26,34.8,94.8,180,85.3,80.0,22,48.0
SIM-REQ-01790,SIMULATED,SIM-MRISK-2026.1,TRD,1,OHE_INSPECTION,2,LOW,0,27.2,24.5,73.1,3,31,7,0,8,60,20,62.0,51,55.9,139.0,60,91.2,70.8,20,65.0
SIM-REQ-01791,SIMULATED,SIM-MRISK-2026.1,SNT,2,TRACK_CIRCUIT,5,LOW,0,70.5,3.7,51.3,1,1,-11,11,7,60,71,85.6,105,93.0,185.9,150,48.4,85.0,15,50.3
SIM-REQ-01792,SIMULATED,SIM-MRISK-2026.1,ENGG,0,POINT_OVERHAUL,3,MEDIUM,1,85.9,6.3,83.6,1,21,29,0,3,30,15,76.8,55,64.1,53.3,180,44.5,79.8,10,26.0
SIM-REQ-01793,SIMULATED,SIM-MRISK-2026.1,TRD,1,WELD_REPAIR,6,MEDIUM,1,60.2,10.4,69.6,2,0,4,0,3,30,18,81.4,44,57.6,85.1,180,67.0,81.4,9,38.1
SIM-REQ-01794,SIMULATED,SIM-MRISK-2026.1,TRD,1,OHE_INSPECTION,2,HIGH,2,78.7,9.7,49.6,1,8,6,0,3,45,51,50.5,23,39.6,79.7,120,46.3,48.4,10,15.3
SIM-REQ-01795,SIMULATED,SIM-MRISK-2026.1,ENGG,0,TRACK_TAMPING,0,HIGH,2,75.5,9.3,56.0,1,10,-10,10,2,60,56,87.3,84,75.7,32.8,90,47.1,87.9,14,46.1
SIM-REQ-01796,SIMULATED,SIM-MRISK-2026.1,OPTG,3,TRACK_TAMPING,0,LOW,0,100.0,4.6,83.1,1,23,-7,7,5,60,74,81.2,94,86.6,68.4,150,41.0,93.0,9,49.5
SIM-REQ-01797,SIMULATED,SIM-MRISK-2026.1,SNT,2,TRACK_TAMPING,0,MEDIUM,1,75.7,13.9,59.1,2,14,0,0,4,30,21,60.7,101,89.7,45.3,240,63.1,78.1,3,44.7
SIM-REQ-01798,SIMULATED,SIM-MRISK-2026.1,OPTG,3,TRACK_CIRCUIT,5,MEDIUM,1,49.1,23.8,74.9,1,1,-5,5,5,30,10,65.9,62,58.9,62.2,90,53.7,52.4,21,41.1
SIM-REQ-01799,SIMULATED,SIM-MRISK-2026.1,SNT,2,TRACK_TAMPING,0,MEDIUM,1,66.7,12.7,57.9,1,1,21,0,8,30,36,94.1,40,52.7,130.0,90,49.3,53.6,17,30.0
SIM-REQ-01800,SIMULATED,SIM-MRISK-2026.1,ENGG,0,RAIL_REPLACEMENT,1,MEDIUM,1,48.5,7.3,72.3,1,19,0,0,7,30,18,40.6,31,43.1,166.3,120,53.9,93.1,10,33.4
SIM-REQ-01801,SIMULATED,SIM-MRISK-2026.1,TRD,1,TRACK_CIRCUIT,5,LOW,0,84.0,9.6,47.2,1,12,0,0,2,90,119,47.7,38,44.7,42.2,90,45.0,48.8,3,26.3
SIM-REQ-01802,SIMULATED,SIM-MRISK-2026.1,SNT,2,RAIL_REPLACEMENT,1,MEDIUM,1,87.3,2.9,96.8,1,3,28,0,4,180,229,47.9,112,97.0,42.2,150,44.2,61.5,14,36.1
SIM-REQ-01803,SIMULATED,SIM-MRISK-2026.1,SNT,2,TRACK_TAMPING,0,MEDIUM,1,92.4,3.1,51.9,1,5,17,0,6,30,19,55.8,85,78.6,95.0,180,42.9,88.3,8,22.8
SIM-REQ-01804,SIMULATED,SIM-MRISK-2026.1,SNT,2,POINT_OVERHAUL,3,MEDIUM,1,56.3,17.3,74.0,2,19,14,0,1,180,284,72.0,53,58.1,39.7,120,67.9,79.8,20,43.0
SIM-REQ-01805,SIMULATED,SIM-MRISK-2026.1,ENGG,0,RAIL_REPLACEMENT,1,HIGH,2,69.8,7.6,93.6,1,19,-5,5,7,30,34,90.0,55,66.2,132.5,240,48.5,86.9,24,50.9
SIM-REQ-01806,SIMULATED,SIM-MRISK-2026.1,ENGG,0,POINT_OVERHAUL,3,MEDIUM,1,100.0,8.4,79.6,1,1,-6,6,4,30,28,96.4,59,57.5,51.1,180,41.0,50.5,20,47.0
SIM-REQ-01807,SIMULATED,SIM-MRISK-2026.1,SNT,2,RAIL_REPLACEMENT,1,LOW,0,64.1,14.4,93.0,2,19,-9,9,7,30,33,76.7,99,81.6,90.4,90,66.0,93.7,18,65.7
SIM-REQ-01808,SIMULATED,SIM-MRISK-2026.1,TRD,1,WELD_REPAIR,6,MEDIUM,1,100.0,1.6,60.2,1,16,16,0,2,180,282,95.4,65,57.5,27.6,240,41.0,38.4,0,21.2
SIM-REQ-01809,SIMULATED,SIM-MRISK-2026.1,ENGG,0,WELD_REPAIR,6,MEDIUM,1,67.2,12.7,63.4,1,2,17,0,3,180,273,93.2,48,56.1,87.2,180,49.2,37.8,19,24.7
SIM-REQ-01810,SIMULATED,SIM-MRISK-2026.1,TRD,1,RAIL_REPLACEMENT,1,HIGH,2,48.6,22.3,81.6,1,12,0,0,3,90,33,78.3,63,74.1,72.3,60,53.9,43.0,7,30.2
SIM-REQ-01811,SIMULATED,SIM-MRISK-2026.1,SNT,2,POINT_OVERHAUL,3,MEDIUM,1,74.4,9.2,75.3,1,10,10,0,3,180,257,74.9,69,73.3,76.9,120,47.4,79.1,8,26.9
SIM-REQ-01812,SIMULATED,SIM-MRISK-2026.1,SNT,2,TRACK_TAMPING,0,HIGH,2,59.6,10.2,81.0,2,0,-1,1,8,180,107,89.0,37,46.7,124.8,120,67.1,85.3,7,50.6
SIM-REQ-01813,SIMULATED,SIM-MRISK-2026.1,ENGG,0,POINT_OVERHAUL,3,LOW,0,92.5,2.6,97.6,1,20,6,0,3,60,80,83.8,22,41.8,48.0,90,42.9,54.4,10,28.5
SIM-REQ-01814,SIMULATED,SIM-MRISK-2026.1,TRD,1,WELD_REPAIR,6,LOW,0,97.5,5.0,80.2,2,40,3,0,4,60,75,81.2,99,86.8,72.2,150,57.6,43.3,0,47.5
SIM-REQ-01815,SIMULATED,SIM-MRISK-2026.1,SNT,2,TRACK_CIRCUIT,5,LOW,0,55.9,17.7,50.5,2,0,5,0,7,180,199,59.7,90,81.1,170.0,60,68.0,89.0,17,42.8
SIM-REQ-01816,SIMULATED,SIM-MRISK-2026.1,TRD,1,RAIL_REPLACEMENT,1,MEDIUM,1,69.8,11.2,72.1,1,4,13,0,5,30,44,58.2,47,66.6,62.1,60,48.5,52.1,23,28.2
SIM-REQ-01817,SIMULATED,SIM-MRISK-2026.1,SNT,2,BALLAST_CLEANING,4,MEDIUM,1,79.6,10.8,70.6,1,13,9,0,4,30,23,62.0,98,92.2,83.9,90,46.1,49.0,9,29.9
SIM-REQ-01818,SIMULATED,SIM-MRISK-2026.1,ENGG,0,POINT_OVERHAUL,3,HIGH,2,58.1,16.5,75.0,3,17,13,0,7,180,195,89.6,97,90.6,158.0,90,83.5,82.1,12,59.5
SIM-REQ-01819,SIMULATED,SIM-MRISK-2026.1,ENGG,0,OHE_INSPECTION,2,LOW,0,87.3,4.1,55.8,1,7,1,0,6,45,34,78.3,36,42.3,80.0,150,44.2,40.1,0,19.2
SIM-REQ-01820,SIMULATED,SIM-MRISK-2026.1,ENGG,0,WELD_REPAIR,6,MEDIUM,1,63.3,15.0,75.3,3,9,-15,15,3,60,26,82.3,76,72.4,79.8,120,82.2,53.2,6,67.8
SIM-REQ-01821,SIMULATED,SIM-MRISK-2026.1,ENGG,0,WELD_REPAIR,6,LOW,0,64.5,10.4,79.0,1,18,-11,11,3,60,19,86.6,112,98.0,75.5,150,49.9,66.5,7,56.0
SIM-REQ-01822,SIMULATED,SIM-MRISK-2026.1,ENGG,0,TRACK_CIRCUIT,5,LOW,0,85.0,6.3,71.2,1,7,1,0,6,30,30,88.2,73,79.0,138.2,240,44.8,89.9,17,34.2
SIM-REQ-01823,SIMULATED,SIM-MRISK-2026.1,ENGG,0,TRACK_TAMPING,0,MEDIUM,1,100.0,4.2,76.3,1,0,6,0,9,60,75,55.7,59,59.6,105.2,150,41.0,80.4,24,23.6
SIM-REQ-01824,SIMULATED,SIM-MRISK-2026.1,ENGG,0,WELD_REPAIR,6,MEDIUM,1,69.7,10.7,71.5,1,7,4,0,3,45,68,97.8,32,44.9,51.3,240,48.6,45.2,8,21.5
SIM-REQ-01825,SIMULATED,SIM-MRISK-2026.1,ENGG,0,WELD_REPAIR,6,MEDIUM,1,65.1,9.4,79.9,1,15,-5,5,2,45,58,56.7,59,54.4,39.7,240,49.7,43.8,9,41.5
SIM-REQ-01826,SIMULATED,SIM-MRISK-2026.1,OPTG,3,BALLAST_CLEANING,4,HIGH,2,60.7,13.1,67.6,2,3,6,0,3,45,54,43.1,22,36.1,71.9,120,66.8,55.0,15,34.5
SIM-REQ-01827,SIMULATED,SIM-MRISK-2026.1,TRD,1,TRACK_CIRCUIT,5,MEDIUM,1,51.9,19.7,34.4,1,6,-2,2,3,180,168,91.8,20,43.6,65.1,150,53.0,38.5,19,36.8
SIM-REQ-01828,SIMULATED,SIM-MRISK-2026.1,TRD,1,TRACK_CIRCUIT,5,MEDIUM,1,88.9,6.5,32.5,1,27,2,0,2,30,17,77.7,43,52.5,49.2,150,43.8,45.6,9,18.7
SIM-REQ-01829,SIMULATED,SIM-MRISK-2026.1,OPTG,3,TRACK_CIRCUIT,5,HIGH,2,71.0,10.1,35.0,1,30,12,0,7,60,79,97.0,51,56.8,73.2,240,48.2,41.9,20,27.1
SIM-REQ-01830,SIMULATED,SIM-MRISK-2026.1,TRD,1,BALLAST_CLEANING,4,HIGH,2,74.8,18.0,81.8,1,23,8,0,5,60,35,84.9,70,67.0,59.9,120,47.3,59.7,19,36.9
SIM-REQ-01831,SIMULATED,SIM-MRISK-2026.1,SNT,2,TRACK_CIRCUIT,5,LOW,0,16.9,29.9,30.4,2,14,8,0,6,45,23,97.8,102,98.0,139.4,150,77.8,52.6,11,44.8
SIM-REQ-01832,SIMULATED,SIM-MRISK-2026.1,ENGG,0,TRACK_CIRCUIT,5,MEDIUM,1,69.3,12.9,44.4,1,0,12,0,7,60,28,64.6,106,98.0,115.2,90,48.7,67.9,6,32.0
SIM-REQ-01833,SIMULATED,SIM-MRISK-2026.1,ENGG,0,WELD_REPAIR,6,MEDIUM,1,91.1,2.4,72.9,1,2,13,0,4,60,76,52.3,70,66.8,82.7,120,43.2,92.5,21,27.0
SIM-REQ-01834,SIMULATED,SIM-MRISK-2026.1,SNT,2,RAIL_REPLACEMENT,1,LOW,0,57.7,10.7,89.5,2,12,11,0,6,180,189,89.8,21,38.8,108.0,60,67.6,69.8,21,38.6
SIM-REQ-01835,SIMULATED,SIM-MRISK-2026.1,TRD,1,TRACK_TAMPING,0,MEDIUM,1,77.7,4.8,56.8,1,7,-5,5,5,180,36,83.4,95,81.2,100.9,90,46.6,94.8,9,40.2
SIM-REQ-01836,SIMULATED,SIM-MRISK-2026.1,SNT,2,TRACK_CIRCUIT,5,MEDIUM,1,83.7,7.6,74.9,2,1,-2,2,5,45,66,52.7,90,81.7,93.5,60,61.1,43.5,1,47.2
SIM-REQ-01837,SIMULATED,SIM-MRISK-2026.1,TRD,1,RAIL_REPLACEMENT,1,HIGH,2,70.1,14.3,72.9,1,5,17,0,5,90,53,59.7,44,67.0,76.7,120,48.5,68.6,7,22.9
SIM-REQ-01838,SIMULATED,SIM-MRISK-2026.1,SNT,2,RAIL_REPLACEMENT,1,HIGH,2,70.3,13.2,88.3,2,9,1,0,8,60,14,72.2,62,68.3,102.3,60,64.4,51.3,7,48.6
SIM-REQ-01839,SIMULATED,SIM-MRISK-2026.1,TRD,1,POINT_OVERHAUL,3,LOW,0,64.1,9.7,87.8,3,7,3,0,1,90,19,47.0,71,65.3,33.2,180,82.0,46.9,14,48.5
SIM-REQ-01840,SIMULATED,SIM-MRISK-2026.1,TRD,1,POINT_OVERHAUL,3,MEDIUM,1,96.9,4.5,81.0,1,24,-8,8,4,180,162,88.1,54,62.8,66.3,90,41.8,65.6,6,47.4
SIM-REQ-01841,SIMULATED,SIM-MRISK-2026.1,ENGG,0,TRACK_TAMPING,0,LOW,0,79.2,8.0,71.8,1,4,10,0,4,45,46,49.8,21,35.9,56.0,60,46.2,60.4,0,20.2
SIM-REQ-01842,SIMULATED,SIM-MRISK-2026.1,SNT,2,RAIL_REPLACEMENT,1,MEDIUM,1,63.9,9.5,86.9,1,77,4,0,4,180,56,84.0,103,84.3,110.8,90,50.0,67.3,7,48.7
SIM-REQ-01843,SIMULATED,SIM-MRISK-2026.1,ENGG,0,BALLAST_CLEANING,4,MEDIUM,1,66.5,3.0,84.5,2,8,-12,12,5,180,253,57.0,74,65.9,73.3,120,65.4,46.7,10,61.2
SIM-REQ-01844,SIMULATED,SIM-MRISK-2026.1,ENGG,0,POINT_OVERHAUL,3,HIGH,2,53.2,7.1,86.6,2,30,1,0,8,60,51,76.4,102,98.0,95.5,90,68.7,47.9,9,53.2
SIM-REQ-01845,SIMULATED,SIM-MRISK-2026.1,OPTG,3,BALLAST_CLEANING,4,LOW,0,52.0,18.3,64.2,1,36,10,0,5,180,77,60.8,91,86.9,114.1,90,53.0,55.1,3,35.6
SIM-REQ-01846,SIMULATED,SIM-MRISK-2026.1,SNT,2,OHE_INSPECTION,2,MEDIUM,1,40.5,19.3,74.2,2,17,-3,3,3,60,48,41.5,32,44.3,58.0,240,71.9,87.5,8,52.3
SIM-REQ-01847,SIMULATED,SIM-MRISK-2026.1,ENGG,0,RAIL_REPLACEMENT,1,MEDIUM,1,79.4,5.9,77.8,1,11,7,0,7,90,139,84.3,91,88.0,83.6,180,46.1,44.4,17,36.7
SIM-REQ-01848,SIMULATED,SIM-MRISK-2026.1,TRD,1,RAIL_REPLACEMENT,1,LOW,0,15.7,29.3,77.8,4,10,5,0,7,90,85,69.8,32,46.4,109.4,240,98.0,84.0,12,71.6
SIM-REQ-01849,SIMULATED,SIM-MRISK-2026.1,TRD,1,TRACK_TAMPING,0,HIGH,2,71.8,9.8,55.6,1,8,1,0,5,60,32,90.9,39,41.2,97.8,90,48.0,64.4,0,26.7
SIM-REQ-01850,SIMULATED,SIM-MRISK-2026.1,ENGG,0,OHE_INSPECTION,2,MEDIUM,1,60.1,6.2,68.4,2,42,4,0,6,45,10,62.1,110,98.0,119.9,180,67.0,86.0,22,47.7
SIM-REQ-01851,SIMULATED,SIM-MRISK-2026.1,OPTG,3,BALLAST_CLEANING,4,MEDIUM,1,72.5,5.0,53.0,1,2,13,0,1,30,38,46.3,33,34.2,25.6,240,47.9,72.4,8,20.9
SIM-REQ-01852,SIMULATED,SIM-MRISK-2026.1,SNT,2,BALLAST_CLEANING,4,MEDIUM,1,82.5,5.9,50.4,2,9,17,0,2,90,124,89.8,24,39.7,25.6,120,61.4,58.0,22,26.0
SIM-REQ-01853,SIMULATED,SIM-MRISK-2026.1,ENGG,0,BALLAST_CLEANING,4,LOW,0,71.7,15.6,77.8,1,14,8,0,9,60,12,43.3,114,98.0,141.9,180,48.1,88.6,12,36.4
SIM-REQ-01854,SIMULATED,SIM-MRISK-2026.1,SNT,2,WELD_REPAIR,6,MEDIUM,1,77.3,5.6,73.9,1,0,15,0,8,60,44,42.4,43,57.8,86.2,120,46.7,81.9,16,23.1
SIM-REQ-01855,SIMULATED,SIM-MRISK-2026.1,SNT,2,RAIL_REPLACEMENT,1,LOW,0,68.9,3.1,76.0,1,7,5,0,3,90,119,70.8,47,57.4,55.9,240,48.8,48.4,15,28.6
SIM-REQ-01856,SIMULATED,SIM-MRISK-2026.1,ENGG,0,POINT_OVERHAUL,3,MEDIUM,1,75.7,8.3,88.4,1,60,18,0,3,60,65,53.7,72,66.8,71.0,90,47.1,38.8,24,35.5
SIM-REQ-01857,SIMULATED,SIM-MRISK-2026.1,ENGG,0,RAIL_REPLACEMENT,1,LOW,0,90.6,5.0,75.8,1,11,13,0,3,90,136,42.5,31,39.4,57.0,90,43.4,75.0,7,23.0
SIM-REQ-01858,SIMULATED,SIM-MRISK-2026.1,TRD,1,OHE_INSPECTION,2,HIGH,2,82.5,11.1,51.2,1,14,-22,22,3,90,107,72.6,99,85.3,56.5,150,45.4,56.4,20,48.1
SIM-REQ-01859,SIMULATED,SIM-MRISK-2026.1,ENGG,0,WELD_REPAIR,6,MEDIUM,1,78.9,7.7,69.5,1,13,8,0,7,90,27,68.7,111,98.0,149.2,60,46.3,51.0,10,37.1
SIM-REQ-01860,SIMULATED,SIM-MRISK-2026.1,ENGG,0,RAIL_REPLACEMENT,1,LOW,0,80.7,9.9,89.8,1,4,-6,6,2,90,91,64.5,57,75.9,39.2,60,45.8,49.9,17,42.3
SIM-REQ-01861,SIMULATED,SIM-MRISK-2026.1,ENGG,0,TRACK_TAMPING,0,MEDIUM,1,78.1,5.1,82.8,2,13,-1,1,6,60,85,77.7,93,81.5,122.1,240,62.5,71.8,14,49.3
SIM-REQ-01862,SIMULATED,SIM-MRISK-2026.1,ENGG,0,POINT_OVERHAUL,3,MEDIUM,1,84.5,5.0,97.0,2,3,21,0,6,90,60,59.0,62,66.4,90.7,240,60.9,86.2,10,36.5
SIM-REQ-01863,SIMULATED,SIM-MRISK-2026.1,ENGG,0,TRACK_TAMPING,0,MEDIUM,1,53.0,24.2,51.4,2,10,-10,10,3,60,42,75.9,23,47.0,52.3,180,68.8,72.9,1,49.0
SIM-REQ-01864,SIMULATED,SIM-MRISK-2026.1,ENGG,0,TRACK_CIRCUIT,5,MEDIUM,1,47.2,12.1,42.3,1,19,24,0,8,30,30,72.8,65,69.4,173.8,240,54.2,79.6,3,31.4
SIM-REQ-01865,SIMULATED,SIM-MRISK-2026.1,SNT,2,TRACK_CIRCUIT,5,HIGH,2,100.0,12.8,74.4,2,3,2,0,4,45,62,85.7,73,70.4,71.1,240,57.0,62.0,14,39.7
SIM-REQ-01866,SIMULATED,SIM-MRISK-2026.1,TRD,1,WELD_REPAIR,6,HIGH,2,88.6,6.1,53.7,1,29,17,0,3,180,48,56.7,57,56.8,74.5,120,43.9,45.9,12,21.7
SIM-REQ-01867,SIMULATED,SIM-MRISK-2026.1,TRD,1,TRACK_CIRCUIT,5,HIGH,2,32.4,24.5,45.3,3,17,-8,8,1,30,11,71.8,104,91.9,38.0,150,89.9,69.7,24,78.3
SIM-REQ-01868,SIMULATED,SIM-MRISK-2026.1,SNT,2,TRACK_TAMPING,0,MEDIUM,1,53.0,17.8,61.8,3,0,-3,3,7,90,47,67.6,80,71.7,90.2,60,84.8,59.4,3,60.4
SIM-REQ-01869,SIMULATED,SIM-MRISK-2026.1,OPTG,3,TRACK_TAMPING,0,MEDIUM,1,92.8,8.8,59.8,1,0,0,0,3,90,31,84.3,46,54.4,52.4,180,42.8,91.6,2,22.6
SIM-REQ-01870,SIMULATED,SIM-MRISK-2026.1,SNT,2,POINT_OVERHAUL,3,HIGH,2,94.3,9.2,73.4,2,9,12,0,5,90,47,78.1,25,45.3,66.5,240,58.4,69.2,18,28.4
SIM-REQ-01871,SIMULATED,SIM-MRISK-2026.1,SNT,2,BALLAST_CLEANING,4,HIGH,2,26.3,31.7,69.3,4,21,8,0,1,90,29,86.6,57,61.3,48.9,90,98.0,49.0,11,75.6
SIM-REQ-01872,SIMULATED,SIM-MRISK-2026.1,TRD,1,WELD_REPAIR,6,HIGH,2,73.9,8.9,77.3,2,34,3,0,8,30,44,56.1,27,51.4,159.1,180,63.5,91.2,13,39.8
SIM-REQ-01873,SIMULATED,SIM-MRISK-2026.1,ENGG,0,OHE_INSPECTION,2,LOW,0,92.1,4.2,68.8,2,54,-3,3,6,90,49,91.7,89,73.7,111.8,240,59.0,62.3,11,54.8
SIM-REQ-01874,SIMULATED,SIM-MRISK-2026.1,ENGG,0,TRACK_TAMPING,0,LOW,0,80.2,5.8,74.8,1,18,-9,9,10,45,33,87.7,83,85.6,190.4,60,46.0,56.2,24,49.6
SIM-REQ-01875,SIMULATED,SIM-MRISK-2026.1,ENGG,0,OHE_INSPECTION,2,LOW,0,27.2,25.8,36.1,2,6,-5,5,9,60,80,69.4,41,50.2,135.1,90,75.2,86.6,17,58.5
SIM-REQ-01876,SIMULATED,SIM-MRISK-2026.1,SNT,2,OHE_INSPECTION,2,HIGH,2,83.9,9.8,39.8,1,0,5,0,3,30,27,47.5,111,98.0,57.4,90,45.0,70.0,22,34.8
SIM-REQ-01877,SIMULATED,SIM-MRISK-2026.1,TRD,1,BALLAST_CLEANING,4,HIGH,2,75.4,13.5,57.1,2,1,13,0,5,90,33,95.9,56,56.8,123.4,90,63.1,58.3,20,39.5
SIM-REQ-01878,SIMULATED,SIM-MRISK-2026.1,ENGG,0,TRACK_CIRCUIT,5,HIGH,2,99.1,3.7,63.7,1,6,11,0,1,90,115,53.8,45,51.9,16.9,120,41.2,83.1,22,20.1
SIM-REQ-01879,SIMULATED,SIM-MRISK-2026.1,ENGG,0,POINT_OVERHAUL,3,MEDIUM,1,80.8,10.3,77.7,1,2,0,0,3,60,35,48.6,23,44.7,62.2,150,45.8,62.8,16,24.7
SIM-REQ-01880,SIMULATED,SIM-MRISK-2026.1,ENGG,0,TRACK_CIRCUIT,5,LOW,0,87.6,3.8,40.2,1,6,0,0,8,90,63,44.0,39,54.0,158.5,90,44.1,72.0,2,22.2
SIM-REQ-01881,SIMULATED,SIM-MRISK-2026.1,TRD,1,OHE_INSPECTION,2,HIGH,2,94.4,7.8,31.1,1,12,15,0,6,45,25,88.5,102,91.0,108.6,180,42.4,65.9,0,24.8
SIM-REQ-01882,SIMULATED,SIM-MRISK-2026.1,SNT,2,RAIL_REPLACEMENT,1,MEDIUM,1,89.9,7.9,96.3,2,1,-2,2,5,45,58,67.5,24,47.5,112.2,120,59.5,73.1,6,42.5
SIM-REQ-01883,SIMULATED,SIM-MRISK-2026.1,ENGG,0,WELD_REPAIR,6,HIGH,2,38.3,14.5,70.0,1,1,-3,3,8,45,49,77.5,30,44.5,104.9,120,56.4,45.3,11,44.6
SIM-REQ-01884,SIMULATED,SIM-MRISK-2026.1,TRD,1,TRACK_CIRCUIT,5,HIGH,2,71.3,6.2,56.0,2,7,0,0,5,90,74,75.0,76,80.6,126.4,120,64.2,56.3,4,37.5
SIM-REQ-01885,SIMULATED,SIM-MRISK-2026.1,OPTG,3,TRACK_CIRCUIT,5,LOW,0,41.5,13.5,44.7,2,1,-4,4,5,30,47,54.1,68,69.3,139.8,60,71.6,72.7,23,47.5
SIM-REQ-01886,SIMULATED,SIM-MRISK-2026.1,TRD,1,POINT_OVERHAUL,3,MEDIUM,1,67.7,7.4,72.3,1,37,-16,16,6,45,63,88.4,56,58.9,100.6,60,49.1,89.6,21,51.9
SIM-REQ-01887,SIMULATED,SIM-MRISK-2026.1,ENGG,0,TRACK_CIRCUIT,5,MEDIUM,1,73.8,3.3,61.2,2,1,17,0,5,90,105,40.3,58,61.2,131.5,60,63.5,35.5,22,32.6
SIM-REQ-01888,SIMULATED,SIM-MRISK-2026.1,ENGG,0,POINT_OVERHAUL,3,MEDIUM,1,77.5,11.0,80.6,1,6,4,0,5,45,29,91.6,39,50.0,121.1,90,46.6,75.1,4,29.7
SIM-REQ-01889,SIMULATED,SIM-MRISK-2026.1,ENGG,0,POINT_OVERHAUL,3,HIGH,2,63.9,10.9,98.0,3,8,0,0,4,90,26,48.4,91,93.7,66.1,240,82.0,49.4,6,59.3
SIM-REQ-01890,SIMULATED,SIM-MRISK-2026.1,ENGG,0,WELD_REPAIR,6,LOW,0,79.1,12.5,75.0,1,22,17,0,3,90,59,58.6,75,77.7,35.3,60,46.2,86.8,2,26.3
SIM-REQ-01891,SIMULATED,SIM-MRISK-2026.1,ENGG,0,POINT_OVERHAUL,3,LOW,0,81.3,13.7,73.5,1,18,-11,11,7,45,47,69.1,91,79.7,114.1,90,45.7,42.0,16,49.2
SIM-REQ-01892,SIMULATED,SIM-MRISK-2026.1,TRD,1,WELD_REPAIR,6,LOW,0,69.4,9.7,63.8,1,22,3,0,3,30,18,54.5,41,52.4,65.3,90,48.6,55.7,3,23.2
SIM-REQ-01893,SIMULATED,SIM-MRISK-2026.1,TRD,1,POINT_OVERHAUL,3,HIGH,2,91.6,4.5,80.8,1,4,24,0,2,30,47,51.9,73,64.3,50.9,180,43.1,61.5,9,19.5
SIM-REQ-01894,SIMULATED,SIM-MRISK-2026.1,TRD,1,POINT_OVERHAUL,3,MEDIUM,1,54.5,17.1,94.4,2,3,2,0,3,180,78,74.7,34,56.1,90.0,60,68.4,83.5,3,43.3
SIM-REQ-01895,SIMULATED,SIM-MRISK-2026.1,SNT,2,RAIL_REPLACEMENT,1,MEDIUM,1,86.3,5.3,86.2,1,5,3,0,3,60,73,68.0,103,97.0,57.7,150,44.4,35.9,24,37.2
SIM-REQ-01896,SIMULATED,SIM-MRISK-2026.1,ENGG,0,TRACK_TAMPING,0,HIGH,2,62.9,8.8,59.6,2,34,3,0,4,45,42,78.4,94,80.2,105.6,60,66.3,83.9,11,47.4
SIM-REQ-01897,SIMULATED,SIM-MRISK-2026.1,ENGG,0,BALLAST_CLEANING,4,MEDIUM,1,38.8,16.2,79.5,1,2,19,0,4,90,51,62.5,21,32.2,116.9,90,56.3,78.3,16,31.9
SIM-REQ-01898,SIMULATED,SIM-MRISK-2026.1,ENGG,0,BALLAST_CLEANING,4,LOW,0,74.5,8.5,50.9,1,17,-9,9,4,60,41,96.3,77,79.1,96.7,240,47.4,64.2,7,44.3
SIM-REQ-01899,SIMULATED,SIM-MRISK-2026.1,TRD,1,WELD_REPAIR,6,MEDIUM,1,100.0,3.7,79.7,1,49,6,0,0,30,37,48.9,25,36.5,0.0,180,41.0,90.1,19,27.8
SIM-REQ-01900,SIMULATED,SIM-MRISK-2026.1,ENGG,0,OHE_INSPECTION,2,HIGH,2,71.1,12.3,58.2,2,24,29,0,1,30,22,63.2,45,56.0,31.9,150,64.2,92.6,5,34.5
SIM-REQ-01901,SIMULATED,SIM-MRISK-2026.1,OPTG,3,POINT_OVERHAUL,3,LOW,0,63.2,5.8,94.4,3,3,3,0,4,60,30,91.3,95,88.0,89.5,240,82.2,88.3,8,57.9
SIM-REQ-01902,SIMULATED,SIM-MRISK-2026.1,ENGG,0,POINT_OVERHAUL,3,MEDIUM,1,24.7,26.8,84.5,3,7,13,0,6,60,17,64.4,80,70.3,110.4,180,91.8,66.5,10,61.7
SIM-REQ-01903,SIMULATED,SIM-MRISK-2026.1,SNT,2,WELD_REPAIR,6,LOW,0,77.5,6.8,76.1,1,5,3,0,1,180,235,83.2,100,85.7,32.8,150,46.6,92.9,14,31.8
SIM-REQ-01904,SIMULATED,SIM-MRISK-2026.1,ENGG,0,OHE_INSPECTION,2,HIGH,2,66.1,7.0,41.6,2,2,13,0,7,60,29,83.8,61,63.9,106.3,60,65.5,64.3,9,32.4
SIM-REQ-01905,SIMULATED,SIM-MRISK-2026.1,SNT,2,TRACK_CIRCUIT,5,LOW,0,51.6,16.2,60.9,2,0,4,0,4,30,23,79.6,111,98.0,85.1,240,69.1,63.8,10,47.0
SIM-REQ-01906,SIMULATED,SIM-MRISK-2026.1,ENGG,0,OHE_INSPECTION,2,LOW,0,50.3,20.2,40.4,2,9,-4,4,2,60,53,96.0,22,39.8,50.2,90,69.4,54.0,9,49.0
SIM-REQ-01907,SIMULATED,SIM-MRISK-2026.1,SNT,2,TRACK_CIRCUIT,5,MEDIUM,1,59.9,4.1,38.9,2,20,-3,3,8,180,167,84.4,99,85.1,131.6,120,67.0,66.0,10,53.3
SIM-REQ-01908,SIMULATED,SIM-MRISK-2026.1,ENGG,0,TRACK_CIRCUIT,5,MEDIUM,1,82.3,9.3,61.1,1,3,11,0,4,90,27,49.4,52,68.3,91.2,120,45.4,35.3,14,27.3
SIM-REQ-01909,SIMULATED,SIM-MRISK-2026.1,TRD,1,TRACK_TAMPING,0,HIGH,2,79.0,9.6,83.2,2,12,19,0,5,30,26,79.5,35,43.9,107.1,150,62.2,70.8,0,39.0
SIM-REQ-01910,SIMULATED,SIM-MRISK-2026.1,SNT,2,BALLAST_CLEANING,4,LOW,0,67.2,6.3,51.9,1,17,7,0,8,90,16,73.4,106,97.9,172.4,60,49.2,86.4,13,33.6
SIM-REQ-01911,SIMULATED,SIM-MRISK-2026.1,OPTG,3,BALLAST_CLEANING,4,HIGH,2,75.4,13.7,53.8,1,1,10,0,7,180,231,56.4,98,87.7,80.3,60,47.1,52.0,10,27.7
SIM-REQ-01912,SIMULATED,SIM-MRISK-2026.1,SNT,2,OHE_INSPECTION,2,LOW,0,76.4,10.8,30.4,2,0,17,0,7,180,89,88.8,47,57.6,136.1,90,62.9,64.3,9,24.3
SIM-REQ-01913,SIMULATED,SIM-MRISK-2026.1,OPTG,3,TRACK_TAMPING,0,LOW,0,74.3,13.0,67.5,2,3,-4,4,2,180,14,89.8,57,65.5,53.1,90,63.4,65.4,4,49.4
SIM-REQ-01914,SIMULATED,SIM-MRISK-2026.1,SNT,2,BALLAST_CLEANING,4,MEDIUM,1,100.0,1.5,73.0,1,21,5,0,4,60,29,45.3,45,55.6,36.1,150,41.0,36.1,12,29.0
SIM-REQ-01915,SIMULATED,SIM-MRISK-2026.1,ENGG,0,WELD_REPAIR,6,MEDIUM,1,76.7,9.0,65.3,1,14,14,0,7,180,196,64.2,33,43.1,130.5,120,46.8,82.0,0,27.9
SIM-REQ-01916,SIMULATED,SIM-MRISK-2026.1,SNT,2,RAIL_REPLACEMENT,1,MEDIUM,1,50.9,13.3,73.8,2,14,0,0,5,45,52,97.8,76,67.6,105.3,150,69.3,46.6,19,45.8
SIM-REQ-01917,SIMULATED,SIM-MRISK-2026.1,OPTG,3,TRACK_CIRCUIT,5,HIGH,2,62.1,17.5,72.4,2,2,-3,3,5,90,88,67.2,70,71.9,98.8,150,66.5,80.5,10,50.3
SIM-REQ-01918,SIMULATED,SIM-MRISK-2026.1,SNT,2,TRACK_CIRCUIT,5,LOW,0,59.8,10.2,65.2,1,6,-5,5,3,60,17,50.2,31,40.2,76.8,90,51.0,84.0,9,37.5
SIM-REQ-01919,SIMULATED,SIM-MRISK-2026.1,SNT,2,BALLAST_CLEANING,4,MEDIUM,1,92.3,4.6,70.8,1,5,1,0,6,90,32,50.3,96,87.0,116.9,240,42.9,40.9,11,28.9
SIM-REQ-01920,SIMULATED,SIM-MRISK-2026.1,ENGG,0,TRACK_TAMPING,0,MEDIUM,1,82.7,8.7,59.9,1,3,4,0,5,60,51,72.7,99,88.4,98.1,240,45.3,37.1,0,32.4
SIM-REQ-01921,SIMULATED,SIM-MRISK-2026.1,SNT,2,POINT_OVERHAUL,3,MEDIUM,1,46.3,17.8,77.2,2,5,-1,1,2,180,35,74.1,82,86.6,55.1,90,70.4,76.3,18,55.7
SIM-REQ-01922,SIMULATED,SIM-MRISK-2026.1,TRD,1,TRACK_CIRCUIT,5,HIGH,2,79.7,13.9,56.9,1,43,-4,4,5,30,30,94.8,44,56.1,97.8,180,46.1,47.8,17,33.8
SIM-REQ-01923,SIMULATED,SIM-MRISK-2026.1,ENGG,0,OHE_INSPECTION,2,LOW,0,88.8,8.0,62.6,2,17,5,0,6,45,25,66.9,38,48.8,95.7,180,59.8,58.8,6,33.5
SIM-REQ-01924,SIMULATED,SIM-MRISK-2026.1,SNT,2,WELD_REPAIR,6,LOW,0,83.6,4.4,76.5,1,35,10,0,2,30,44,73.9,54,58.7,36.3,90,45.1,78.7,17,25.8
SIM-REQ-01925,SIMULATED,SIM-MRISK-2026.1,TRD,1,OHE_INSPECTION,2,MEDIUM,1,82.7,7.6,33.1,2,2,22,0,6,60,73,88.7,111,98.0,133.3,90,61.3,73.9,23,34.1
SIM-REQ-01926,SIMULATED,SIM-MRISK-2026.1,SNT,2,BALLAST_CLEANING,4,MEDIUM,1,81.5,7.2,70.8,1,11,-7,7,5,30,14,88.2,88,86.2,91.3,180,45.6,48.8,2,50.1
SIM-REQ-01927,SIMULATED,SIM-MRISK-2026.1,TRD,1,WELD_REPAIR,6,MEDIUM,1,64.7,10.1,83.0,2,15,-5,5,7,180,239,67.1,75,80.3,126.6,120,65.8,42.3,1,55.8
SIM-REQ-01928,SIMULATED,SIM-MRISK-2026.1,ENGG,0,WELD_REPAIR,6,LOW,0,65.4,10.4,81.8,1,15,9,0,5,30,44,47.6,75,76.1,76.2,180,49.6,71.2,15,33.6
SIM-REQ-01929,SIMULATED,SIM-MRISK-2026.1,ENGG,0,WELD_REPAIR,6,MEDIUM,1,69.3,5.8,76.4,1,27,17,0,6,90,14,87.8,108,97.9,149.8,90,48.7,90.6,22,40.5
SIM-REQ-01930,SIMULATED,SIM-MRISK-2026.1,TRD,1,OHE_INSPECTION,2,LOW,0,68.5,14.4,30.3,1,23,-15,15,4,30,21,57.6,54,58.6,70.5,60,48.9,90.9,11,37.8
SIM-REQ-01931,SIMULATED,SIM-MRISK-2026.1,ENGG,0,WELD_REPAIR,6,HIGH,2,79.2,1.6,51.1,1,8,10,0,3,30,21,68.7,37,48.8,57.7,120,46.2,84.8,8,21.5
SIM-REQ-01932,SIMULATED,SIM-MRISK-2026.1,ENGG,0,WELD_REPAIR,6,MEDIUM,1,79.1,10.4,69.9,1,12,-1,1,3,30,30,96.2,22,36.9,58.4,150,46.2,69.5,19,33.3
SIM-REQ-01933,SIMULATED,SIM-MRISK-2026.1,ENGG,0,TRACK_CIRCUIT,5,MEDIUM,1,43.4,20.6,41.6,2,31,-7,7,8,60,89,54.2,55,62.8,111.6,180,71.2,52.1,13,57.7
SIM-REQ-01934,SIMULATED,SIM-MRISK-2026.1,SNT,2,BALLAST_CLEANING,4,HIGH,2,63.1,14.6,67.9,3,3,23,0,8,60,30,51.2,60,60.4,122.2,60,82.2,58.2,15,46.3
SIM-REQ-01935,SIMULATED,SIM-MRISK-2026.1,ENGG,0,RAIL_REPLACEMENT,1,MEDIUM,1,63.9,17.4,71.1,2,54,7,0,2,45,55,54.9,48,58.7,46.2,60,66.0,90.6,2,47.3
SIM-REQ-01936,SIMULATED,SIM-MRISK-2026.1,TRD,1,TRACK_TAMPING,0,LOW,0,79.3,10.3,62.2,2,12,5,0,7,30,40,93.2,29,44.2,104.4,180,62.2,94.7,14,34.1
SIM-REQ-01937,SIMULATED,SIM-MRISK-2026.1,SNT,2,RAIL_REPLACEMENT,1,MEDIUM,1,68.7,10.8,80.3,1,1,6,0,5,45,70,74.0,93,82.9,92.0,150,48.8,63.8,13,32.8
SIM-REQ-01938,SIMULATED,SIM-MRISK-2026.1,ENGG,0,WELD_REPAIR,6,HIGH,2,87.8,10.2,58.4,1,1,11,0,7,60,84,68.7,34,46.1,100.9,150,44.0,43.9,0,23.4
SIM-REQ-01939,SIMULATED,SIM-MRISK-2026.1,ENGG,0,WELD_REPAIR,6,HIGH,2,84.8,3.9,64.7,1,8,-7,7,4,60,57,61.0,22,35.6,42.0,240,44.8,83.9,11,38.3
SIM-REQ-01940,SIMULATED,SIM-MRISK-2026.1,ENGG,0,RAIL_REPLACEMENT,1,HIGH,2,46.3,18.7,96.0,1,40,2,0,7,45,67,69.1,77,80.0,184.6,180,54.4,61.5,15,44.7
SIM-REQ-01941,SIMULATED,SIM-MRISK-2026.1,ENGG,0,WELD_REPAIR,6,MEDIUM,1,37.2,26.5,84.8,2,21,7,0,1,45,56,53.1,57,62.3,41.1,120,72.7,52.7,15,42.1
SIM-REQ-01942,SIMULATED,SIM-MRISK-2026.1,ENGG,0,TRACK_CIRCUIT,5,MEDIUM,1,64.3,8.1,52.4,2,0,0,0,5,30,22,76.4,80,78.0,100.4,150,65.9,88.7,15,39.9
SIM-REQ-01943,SIMULATED,SIM-MRISK-2026.1,OPTG,3,POINT_OVERHAUL,3,HIGH,2,74.7,15.3,89.5,1,17,16,0,3,30,19,44.0,76,75.4,72.6,60,47.3,41.6,18,26.8
SIM-REQ-01944,SIMULATED,SIM-MRISK-2026.1,ENGG,0,OHE_INSPECTION,2,MEDIUM,1,82.1,9.2,69.1,1,23,-12,12,4,180,192,55.3,96,79.0,67.0,180,45.5,67.6,20,47.5
SIM-REQ-01945,SIMULATED,SIM-MRISK-2026.1,ENGG,0,POINT_OVERHAUL,3,MEDIUM,1,89.7,9.3,83.8,2,21,7,0,5,60,74,65.2,46,59.5,90.1,150,59.6,72.2,16,46.1
SIM-REQ-01946,SIMULATED,SIM-MRISK-2026.1,TRD,1,TRACK_TAMPING,0,HIGH,2,60.1,17.2,73.8,1,4,11,0,5,90,38,53.2,107,91.1,87.3,120,51.0,80.9,15,36.0
SIM-REQ-01947,SIMULATED,SIM-MRISK-2026.1,SNT,2,OHE_INSPECTION,2,MEDIUM,1,91.9,2.5,67.9,1,3,0,0,6,30,28,51.7,74,64.4,85.6,60,43.0,51.8,23,30.6
SIM-REQ-01948,SIMULATED,SIM-MRISK-2026.1,ENGG,0,BALLAST_CLEANING,4,LOW,0,10.2,25.0,80.8,3,13,-1,1,4,45,45,51.6,97,90.1,75.9,120,95.5,83.4,24,72.2
SIM-REQ-01949,SIMULATED,SIM-MRISK-2026.1,OPTG,3,RAIL_REPLACEMENT,1,LOW,0,58.6,11.2,83.3,2,12,-1,1,3,60,86,57.4,39,52.3,76.6,60,67.3,70.0,6,45.4
SIM-REQ-01950,SIMULATED,SIM-MRISK-2026.1,TRD,1,POINT_OVERHAUL,3,LOW,0,92.1,6.1,82.6,1,17,-7,7,3,45,56,44.9,35,49.7,45.9,180,43.0,86.6,13,43.5
SIM-REQ-01951,SIMULATED,SIM-MRISK-2026.1,TRD,1,BALLAST_CLEANING,4,LOW,0,42.6,21.9,81.7,2,1,17,0,6,30,42,51.3,101,90.1,124.1,90,71.3,44.5,15,45.5
SIM-REQ-01952,SIMULATED,SIM-MRISK-2026.1,TRD,1,WELD_REPAIR,6,MEDIUM,1,59.6,9.7,61.0,1,21,1,0,10,45,44,83.3,89,88.6,245.7,180,51.1,74.5,0,41.4
SIM-REQ-01953,SIMULATED,SIM-MRISK-2026.1,SNT,2,TRACK_CIRCUIT,5,HIGH,2,71.9,4.3,55.0,1,4,7,0,2,180,57,47.7,64,71.3,29.9,240,48.0,55.9,7,27.9
SIM-REQ-01954,SIMULATED,SIM-MRISK-2026.1,ENGG,0,RAIL_REPLACEMENT,1,MEDIUM,1,65.7,14.1,71.5,1,37,26,0,6,60,23,91.2,58,65.0,69.1,120,49.6,41.5,5,31.8
SIM-REQ-01955,SIMULATED,SIM-MRISK-2026.1,TRD,1,TRACK_TAMPING,0,MEDIUM,1,66.4,17.5,67.4,1,0,3,0,3,45,34,49.0,69,69.2,45.1,120,49.4,61.5,18,27.2
SIM-REQ-01956,SIMULATED,SIM-MRISK-2026.1,TRD,1,BALLAST_CLEANING,4,MEDIUM,1,88.1,7.9,66.1,1,14,4,0,7,60,29,64.5,35,48.0,93.2,60,44.0,85.2,15,26.5
SIM-REQ-01957,SIMULATED,SIM-MRISK-2026.1,ENGG,0,OHE_INSPECTION,2,MEDIUM,1,74.3,5.9,38.0,1,11,-2,2,1,30,43,50.6,29,46.0,18.9,90,47.4,88.7,0,21.5
SIM-REQ-01958,SIMULATED,SIM-MRISK-2026.1,TRD,1,OHE_INSPECTION,2,MEDIUM,1,79.5,6.6,33.0,1,3,17,0,1,30,19,94.0,74,72.8,21.7,150,46.1,57.2,19,22.1
SIM-REQ-01959,SIMULATED,SIM-MRISK-2026.1,TRD,1,POINT_OVERHAUL,3,MEDIUM,1,73.5,9.0,89.6,2,21,14,0,3,30,38,65.9,38,60.2,50.8,150,63.6,76.8,19,44.6
SIM-REQ-01960,SIMULATED,SIM-MRISK-2026.1,ENGG,0,TRACK_TAMPING,0,MEDIUM,1,47.4,18.1,55.8,2,30,11,0,10,30,32,84.5,31,53.1,248.3,240,70.2,71.4,16,36.8
SIM-REQ-01961,SIMULATED,SIM-MRISK-2026.1,ENGG,0,BALLAST_CLEANING,4,LOW,0,61.2,9.6,62.7,2,0,0,0,2,90,17,73.1,54,60.7,44.0,60,66.7,87.3,12,37.8
SIM-REQ-01962,SIMULATED,SIM-MRISK-2026.1,TRD,1,TRACK_TAMPING,0,LOW,0,72.8,11.0,83.8,2,2,5,0,6,45,21,83.1,63,68.8,155.1,90,63.8,64.5,19,47.1
SIM-REQ-01963,SIMULATED,SIM-MRISK-2026.1,ENGG,0,TRACK_TAMPING,0,LOW,0,64.9,11.1,78.6,1,18,-1,1,6,180,191,52.4,35,48.0,132.9,150,49.8,87.9,1,32.2
SIM-REQ-01964,SIMULATED,SIM-MRISK-2026.1,ENGG,0,RAIL_REPLACEMENT,1,MEDIUM,1,47.3,21.4,83.3,2,17,7,0,1,180,187,61.1,52,58.4,30.5,240,70.2,84.9,24,35.3
SIM-REQ-01965,SIMULATED,SIM-MRISK-2026.1,ENGG,0,WELD_REPAIR,6,MEDIUM,1,55.9,7.6,81.9,2,25,6,0,6,30,35,64.0,28,39.9,124.0,150,68.0,72.6,1,45.4
SIM-REQ-01966,SIMULATED,SIM-MRISK-2026.1,OPTG,3,TRACK_TAMPING,0,MEDIUM,1,91.6,7.4,75.1,2,25,10,0,3,45,44,51.2,76,72.3,55.8,150,59.1,62.8,22,35.6
SIM-REQ-01967,SIMULATED,SIM-MRISK-2026.1,ENGG,0,WELD_REPAIR,6,HIGH,2,76.0,9.7,55.5,2,15,14,0,7,180,50,79.7,41,51.9,130.5,240,63.0,87.4,6,32.8
SIM-REQ-01968,SIMULATED,SIM-MRISK-2026.1,ENGG,0,OHE_INSPECTION,2,MEDIUM,1,92.2,7.7,46.4,2,3,5,0,3,90,102,69.5,110,94.9,51.6,120,59.0,74.4,22,34.4
SIM-REQ-01969,SIMULATED,SIM-MRISK-2026.1,TRD,1,POINT_OVERHAUL,3,LOW,0,71.5,6.6,83.6,2,0,21,0,4,180,120,50.0,66,61.6,82.9,60,64.1,35.4,10,33.7
SIM-REQ-01970,SIMULATED,SIM-MRISK-2026.1,SNT,2,TRACK_CIRCUIT,5,LOW,0,95.2,6.9,42.4,2,36,-22,22,4,180,124,87.1,50,54.3,92.5,90,58.2,45.5,20,51.6
SIM-REQ-01971,SIMULATED,SIM-MRISK-2026.1,ENGG,0,OHE_INSPECTION,2,LOW,0,100.0,6.0,68.5,2,4,5,0,7,60,48,40.2,98,95.3,163.9,120,57.0,83.2,10,42.4
SIM-REQ-01972,SIMULATED,SIM-MRISK-2026.1,ENGG,0,OHE_INSPECTION,2,MEDIUM,1,51.7,15.6,38.0,1,2,-5,5,5,180,37,71.1,66,70.6,65.3,240,53.1,86.8,19,41.6
SIM-REQ-01973,SIMULATED,SIM-MRISK-2026.1,OPTG,3,OHE_INSPECTION,2,MEDIUM,1,86.5,11.8,31.2,2,12,0,0,3,180,38,92.9,71,70.4,47.4,180,60.4,43.1,11,35.8
SIM-REQ-01974,SIMULATED,SIM-MRISK-2026.1,TRD,1,RAIL_REPLACEMENT,1,HIGH,2,96.0,7.4,90.8,2,61,2,0,5,30,46,73.7,76,71.6,99.7,90,58.0,44.0,10,49.1
SIM-REQ-01975,SIMULATED,SIM-MRISK-2026.1,TRD,1,TRACK_CIRCUIT,5,MEDIUM,1,57.8,14.6,46.8,1,12,-1,1,7,60,40,63.4,67,79.8,113.5,150,51.5,47.9,13,43.4
SIM-REQ-01976,SIMULATED,SIM-MRISK-2026.1,ENGG,0,BALLAST_CLEANING,4,LOW,0,97.7,8.9,55.9,1,4,-11,11,3,60,77,56.3,40,49.9,25.4,120,41.6,46.7,8,37.0
SIM-REQ-01977,SIMULATED,SIM-MRISK-2026.1,TRD,1,OHE_INSPECTION,2,HIGH,2,89.1,3.7,45.4,2,11,2,0,6,45,27,83.0,24,32.2,77.2,180,59.7,67.3,18,30.9
SIM-REQ-01978,SIMULATED,SIM-MRISK-2026.1,TRD,1,OHE_INSPECTION,2,LOW,0,72.5,8.7,50.6,1,39,11,0,7,45,34,88.5,48,69.2,160.6,60,47.9,42.9,21,26.2
SIM-REQ-01979,SIMULATED,SIM-MRISK-2026.1,ENGG,0,BALLAST_CLEANING,4,LOW,0,50.9,17.9,64.8,2,1,3,0,5,30,22,45.3,60,63.5,137.4,120,69.3,55.9,13,41.1
SIM-REQ-01980,SIMULATED,SIM-MRISK-2026.1,ENGG,0,TRACK_TAMPING,0,LOW,0,70.1,15.8,66.3,1,18,-5,5,7,30,42,74.6,59,54.6,97.6,240,48.5,57.3,17,43.9
SIM-REQ-01981,SIMULATED,SIM-MRISK-2026.1,SNT,2,WELD_REPAIR,6,HIGH,2,66.2,12.4,76.9,1,17,8,0,7,45,63,52.8,46,54.0,185.4,90,49.5,93.6,8,27.5
SIM-REQ-01982,SIMULATED,SIM-MRISK-2026.1,ENGG,0,OHE_INSPECTION,2,MEDIUM,1,37.8,17.7,54.7,3,10,0,0,4,90,100,73.8,47,56.3,62.1,120,88.5,54.7,20,56.3
SIM-REQ-01983,SIMULATED,SIM-MRISK-2026.1,TRD,1,TRACK_CIRCUIT,5,MEDIUM,1,79.8,11.4,31.2,1,34,1,0,4,30,40,58.9,71,68.5,69.2,120,46.0,67.2,6,20.3
SIM-REQ-01984,SIMULATED,SIM-MRISK-2026.1,TRD,1,TRACK_CIRCUIT,5,MEDIUM,1,69.2,13.5,41.7,1,17,17,0,6,90,122,80.9,105,98.0,148.1,150,48.7,69.2,17,32.4
SIM-REQ-01985,SIMULATED,SIM-MRISK-2026.1,TRD,1,TRACK_CIRCUIT,5,HIGH,2,79.2,6.8,39.4,1,6,15,0,1,180,212,87.7,108,88.5,25.9,120,46.2,42.0,7,29.9
SIM-REQ-01986,SIMULATED,SIM-MRISK-2026.1,ENGG,0,OHE_INSPECTION,2,LOW,0,60.8,14.6,51.2,2,13,2,0,5,90,42,89.9,43,54.0,75.0,120,66.8,47.3,18,36.8
SIM-REQ-01987,SIMULATED,SIM-MRISK-2026.1,OPTG,3,TRACK_CIRCUIT,5,MEDIUM,1,94.5,3.2,60.7,1,7,11,0,3,90,66,41.1,112,95.6,68.5,60,42.4,54.5,5,33.4
SIM-REQ-01988,SIMULATED,SIM-MRISK-2026.1,SNT,2,OHE_INSPECTION,2,MEDIUM,1,71.8,6.5,48.9,1,30,2,0,5,60,92,93.1,52,57.7,62.3,120,48.0,36.2,15,26.2
SIM-REQ-01989,SIMULATED,SIM-MRISK-2026.1,TRD,1,TRACK_CIRCUIT,5,LOW,0,89.1,7.0,70.4,1,1,13,0,6,60,85,90.0,22,34.9,124.3,90,43.7,62.6,8,24.2
SIM-REQ-01990,SIMULATED,SIM-MRISK-2026.1,ENGG,0,BALLAST_CLEANING,4,LOW,0,88.4,7.6,67.9,1,2,0,0,5,180,62,82.9,52,59.2,106.2,60,43.9,74.4,2,28.0
SIM-REQ-01991,SIMULATED,SIM-MRISK-2026.1,ENGG,0,OHE_INSPECTION,2,MEDIUM,1,82.0,10.6,31.2,1,45,6,0,7,90,109,67.9,40,53.1,98.2,180,45.5,81.7,20,21.2
SIM-REQ-01992,SIMULATED,SIM-MRISK-2026.1,TRD,1,RAIL_REPLACEMENT,1,HIGH,2,58.5,15.9,80.9,2,22,10,0,2,45,69,61.5,32,45.5,33.2,60,67.4,54.5,0,39.0
SIM-REQ-01993,SIMULATED,SIM-MRISK-2026.1,ENGG,0,WELD_REPAIR,6,MEDIUM,1,85.0,3.8,73.3,2,9,11,0,6,30,13,56.3,29,45.3,122.7,150,60.8,67.3,12,35.2
SIM-REQ-01994,SIMULATED,SIM-MRISK-2026.1,ENGG,0,TRACK_CIRCUIT,5,MEDIUM,1,58.1,9.4,63.0,2,7,1,0,7,180,135,57.1,69,75.7,143.5,180,67.5,83.0,3,42.8
SIM-REQ-01995,SIMULATED,SIM-MRISK-2026.1,TRD,1,TRACK_CIRCUIT,5,LOW,0,93.8,4.0,70.4,1,2,4,0,5,180,128,70.5,51,54.4,120.9,150,42.5,75.1,6,25.8
SIM-REQ-01996,SIMULATED,SIM-MRISK-2026.1,OPTG,3,OHE_INSPECTION,2,MEDIUM,1,85.0,5.0,53.4,1,0,4,0,6,60,19,66.1,101,84.8,139.2,240,44.8,50.2,18,24.9
SIM-REQ-01997,SIMULATED,SIM-MRISK-2026.1,OPTG,3,TRACK_CIRCUIT,5,MEDIUM,1,84.1,7.3,41.6,1,29,1,0,2,180,74,65.8,31,37.1,32.4,240,45.0,84.7,3,21.3
SIM-REQ-01998,SIMULATED,SIM-MRISK-2026.1,ENGG,0,TRACK_TAMPING,0,MEDIUM,1,89.1,4.9,65.1,1,90,14,0,7,90,109,97.0,111,97.4,124.2,120,43.7,60.0,6,36.6
SIM-REQ-01999,SIMULATED,SIM-MRISK-2026.1,TRD,1,POINT_OVERHAUL,3,MEDIUM,1,78.3,9.1,80.1,2,4,7,0,3,45,47,42.6,88,83.5,38.6,60,62.4,39.2,24,41.7
SIM-REQ-02000,SIMULATED,SIM-MRISK-2026.1,OPTG,3,TRACK_CIRCUIT,5,LOW,0,77.3,12.1,43.4,1,34,-3,3,2,180,24,54.3,107,83.8,40.0,150,46.7,66.5,22,39.6
SIM-REQ-02001,SIMULATED,SIM-MRISK-2026.1,SNT,2,TRACK_CIRCUIT,5,MEDIUM,1,89.9,6.6,39.3,2,6,10,0,3,60,79,90.9,34,48.8,46.5,180,59.5,42.1,0,26.1
SIM-REQ-02002,SIMULATED,SIM-MRISK-2026.1,ENGG,0,POINT_OVERHAUL,3,HIGH,2,34.5,25.0,76.8,3,1,12,0,2,60,32,79.4,112,81.8,70.2,90,89.4,41.9,4,59.0
SIM-REQ-02003,SIMULATED,SIM-MRISK-2026.1,ENGG,0,BALLAST_CLEANING,4,HIGH,2,32.6,22.8,51.5,2,48,9,0,5,45,58,89.7,84,89.8,124.2,120,73.8,67.7,5,49.9
SIM-REQ-02004,SIMULATED,SIM-MRISK-2026.1,ENGG,0,WELD_REPAIR,6,HIGH,2,51.4,10.1,54.0,2,37,0,0,7,180,100,65.6,52,56.5,167.1,60,69.2,38.5,17,39.3
SIM-REQ-02005,SIMULATED,SIM-MRISK-2026.1,ENGG,0,TRACK_CIRCUIT,5,LOW,0,84.2,8.9,42.2,2,29,-7,7,10,60,69,88.7,64,66.1,117.1,240,61.0,42.6,16,55.6
SIM-REQ-02006,SIMULATED,SIM-MRISK-2026.1,TRD,1,TRACK_TAMPING,0,LOW,0,97.6,1.0,69.3,1,0,12,0,3,60,11,40.3,50,54.4,40.1,60,41.6,55.9,18,20.5
SIM-REQ-02007,SIMULATED,SIM-MRISK-2026.1,OPTG,3,POINT_OVERHAUL,3,MEDIUM,1,100.0,10.0,78.1,2,5,8,0,2,45,19,88.4,102,97.4,30.5,240,57.0,77.4,17,37.2
SIM-REQ-02008,SIMULATED,SIM-MRISK-2026.1,ENGG,0,BALLAST_CLEANING,4,MEDIUM,1,63.4,9.7,72.4,2,2,6,0,5,60,19,94.8,21,34.7,86.6,60,66.2,66.2,15,38.0
SIM-REQ-02009,SIMULATED,SIM-MRISK-2026.1,TRD,1,OHE_INSPECTION,2,HIGH,2,90.1,4.9,45.9,1,2,23,0,8,45,44,71.8,54,63.0,192.9,150,43.5,70.5,8,22.4
SIM-REQ-02010,SIMULATED,SIM-MRISK-2026.1,ENGG,0,RAIL_REPLACEMENT,1,MEDIUM,1,66.4,8.1,76.7,2,27,0,0,4,180,48,97.1,114,93.8,69.2,120,65.4,69.8,5,51.9
SIM-REQ-02011,SIMULATED,SIM-MRISK-2026.1,TRD,1,TRACK_CIRCUIT,5,HIGH,2,60.2,6.3,41.4,2,11,17,0,7,45,41,62.0,24,38.8,116.0,150,67.0,70.6,1,33.3
SIM-REQ-02012,SIMULATED,SIM-MRISK-2026.1,SNT,2,POINT_OVERHAUL,3,HIGH,2,61.9,15.9,92.0,1,13,9,0,2,180,225,96.5,72,67.9,34.0,180,50.5,50.4,19,27.6
SIM-REQ-02013,SIMULATED,SIM-MRISK-2026.1,TRD,1,WELD_REPAIR,6,LOW,0,66.1,15.5,61.5,2,21,3,0,7,45,18,88.4,32,38.5,72.0,150,65.5,62.3,18,38.9
SIM-REQ-02014,SIMULATED,SIM-MRISK-2026.1,ENGG,0,POINT_OVERHAUL,3,HIGH,2,67.6,9.1,96.2,2,20,12,0,0,45,49,79.7,67,65.4,13.0,90,65.1,73.8,1,44.0
SIM-REQ-02015,SIMULATED,SIM-MRISK-2026.1,TRD,1,OHE_INSPECTION,2,LOW,0,95.2,5.1,46.3,1,26,17,0,2,180,249,74.5,25,40.3,33.7,90,42.2,51.1,16,22.5
SIM-REQ-02016,SIMULATED,SIM-MRISK-2026.1,ENGG,0,OHE_INSPECTION,2,HIGH,2,36.7,18.7,39.2,3,3,4,0,1,45,18,42.4,114,98.0,49.7,240,88.8,46.1,12,53.8
SIM-REQ-02017,SIMULATED,SIM-MRISK-2026.1,SNT,2,POINT_OVERHAUL,3,MEDIUM,1,100.0,6.8,88.3,1,7,6,0,4,60,19,52.5,96,87.6,53.2,180,41.0,73.1,2,31.7
SIM-REQ-02018,SIMULATED,SIM-MRISK-2026.1,ENGG,0,TRACK_CIRCUIT,5,MEDIUM,1,81.5,5.0,54.9,1,22,9,0,5,90,95,81.6,92,91.1,75.0,240,45.6,71.7,13,30.0
SIM-REQ-02019,SIMULATED,SIM-MRISK-2026.1,ENGG,0,RAIL_REPLACEMENT,1,HIGH,2,72.6,9.9,74.9,2,12,0,0,11,60,86,66.9,41,53.9,142.2,90,63.9,76.4,10,41.7
SIM-REQ-02020,SIMULATED,SIM-MRISK-2026.1,SNT,2,TRACK_TAMPING,0,LOW,0,73.8,8.4,52.3,1,28,0,0,6,45,16,59.6,75,75.2,124.8,60,47.5,80.1,23,30.8
SIM-REQ-02021,SIMULATED,SIM-MRISK-2026.1,ENGG,0,OHE_INSPECTION,2,HIGH,2,78.1,0.9,69.1,2,25,14,0,2,90,106,91.7,23,36.7,29.3,90,62.5,48.3,9,26.9
SIM-REQ-02022,SIMULATED,SIM-MRISK-2026.1,ENGG,0,POINT_OVERHAUL,3,HIGH,2,21.3,34.6,96.2,2,12,2,0,8,60,53,44.4,65,77.1,201.2,180,76.7,52.2,21,56.2
SIM-REQ-02023,SIMULATED,SIM-MRISK-2026.1,OPTG,3,WELD_REPAIR,6,MEDIUM,1,77.5,4.7,80.1,2,6,1,0,2,90,114,80.8,98,84.5,58.7,90,62.6,92.3,14,40.0
SIM-REQ-02024,SIMULATED,SIM-MRISK-2026.1,SNT,2,POINT_OVERHAUL,3,HIGH,2,75.1,10.5,71.8,1,0,-1,1,7,90,129,83.5,68,71.6,118.8,150,47.2,43.4,2,36.0
SIM-REQ-02025,SIMULATED,SIM-MRISK-2026.1,ENGG,0,TRACK_TAMPING,0,MEDIUM,1,96.6,5.9,83.6,1,15,18,0,1,90,72,78.9,49,54.1,12.4,150,41.9,88.0,14,21.6
SIM-REQ-02026,SIMULATED,SIM-MRISK-2026.1,SNT,2,BALLAST_CLEANING,4,LOW,0,100.0,2.3,81.7,2,21,33,0,3,60,82,67.0,66,69.4,46.3,240,57.0,92.3,24,38.3
SIM-REQ-02027,SIMULATED,SIM-MRISK-2026.1,OPTG,3,WELD_REPAIR,6,MEDIUM,1,50.3,17.5,68.1,2,9,3,0,5,45,11,88.8,74,73.6,113.0,90,69.4,67.5,20,49.6
SIM-REQ-02028,SIMULATED,SIM-MRISK-2026.1,ENGG,0,BALLAST_CLEANING,4,MEDIUM,1,44.3,12.6,62.7,2,28,-7,7,7,60,87,59.8,61,70.6,117.0,240,70.9,55.6,0,60.0
SIM-REQ-02029,SIMULATED,SIM-MRISK-2026.1,ENGG,0,OHE_INSPECTION,2,MEDIUM,1,86.2,10.2,44.6,1,8,0,0,9,60,38,46.3,108,89.8,132.0,150,44.5,66.0,3,29.8
SIM-REQ-02030,SIMULATED,SIM-MRISK-2026.1,ENGG,0,TRACK_CIRCUIT,5,MEDIUM,1,48.3,19.0,61.8,2,0,-2,2,4,90,28,81.6,43,50.2,89.0,60,69.9,65.2,11,45.4
SIM-REQ-02031,SIMULATED,SIM-MRISK-2026.1,OPTG,3,TRACK_CIRCUIT,5,MEDIUM,1,60.5,5.4,58.8,2,1,-4,4,11,180,228,81.7,39,48.0,195.9,150,66.9,86.5,15,48.2
SIM-REQ-02032,SIMULATED,SIM-MRISK-2026.1,TRD,1,RAIL_REPLACEMENT,1,LOW,0,65.7,7.9,93.9,1,28,10,0,2,180,30,61.4,46,43.6,58.6,240,49.6,74.5,17,32.1
SIM-REQ-02033,SIMULATED,SIM-MRISK-2026.1,TRD,1,WELD_REPAIR,6,LOW,0,71.4,6.0,57.0,2,17,2,0,5,90,85,80.1,87,87.9,56.4,240,64.2,43.6,6,40.5
SIM-REQ-02034,SIMULATED,SIM-MRISK-2026.1,ENGG,0,BALLAST_CLEANING,4,MEDIUM,1,81.3,9.3,53.7,1,0,21,0,4,45,24,71.2,107,97.0,101.5,90,45.7,66.7,2,27.8
SIM-REQ-02035,SIMULATED,SIM-MRISK-2026.1,ENGG,0,RAIL_REPLACEMENT,1,MEDIUM,1,82.8,5.3,82.6,1,10,0,0,1,90,61,57.9,52,62.0,29.3,150,45.3,78.9,7,26.1
SIM-REQ-02036,SIMULATED,SIM-MRISK-2026.1,ENGG,0,BALLAST_CLEANING,4,LOW,0,72.7,8.5,58.9,1,1,-11,11,7,30,46,44.7,89,81.1,148.3,60,47.8,65.0,24,46.4
SIM-REQ-02037,SIMULATED,SIM-MRISK-2026.1,TRD,1,OHE_INSPECTION,2,LOW,0,75.9,10.1,63.6,1,16,7,0,2,45,27,76.7,54,57.4,52.6,240,47.0,86.7,22,25.8
SIM-REQ-02038,SIMULATED,SIM-MRISK-2026.1,SNT,2,TRACK_CIRCUIT,5,MEDIUM,1,84.9,5.2,39.1,1,0,7,0,5,30,12,52.4,73,83.0,54.4,150,44.8,88.5,18,21.0
SIM-REQ-02039,SIMULATED,SIM-MRISK-2026.1,OPTG,3,TRACK_TAMPING,0,MEDIUM,1,85.5,4.2,65.5,1,3,-3,3,6,45,23,86.1,68,78.0,154.5,120,44.6,75.5,23,39.7
SIM-REQ-02040,SIMULATED,SIM-MRISK-2026.1,SNT,2,TRACK_CIRCUIT,5,LOW,0,50.9,5.1,63.1,2,4,10,0,5,30,32,81.2,110,98.0,61.1,180,69.3,72.3,15,46.8
SIM-REQ-02041,SIMULATED,SIM-MRISK-2026.1,OPTG,3,OHE_INSPECTION,2,LOW,0,75.8,4.5,74.7,2,10,14,0,3,30,31,51.9,113,94.8,61.7,90,63.0,49.6,12,40.5
SIM-REQ-02042,SIMULATED,SIM-MRISK-2026.1,ENGG,0,WELD_REPAIR,6,LOW,0,84.7,7.8,67.6,1,16,10,0,3,90,26,86.0,86,75.6,58.1,150,44.8,69.2,9,29.6
SIM-REQ-02043,SIMULATED,SIM-MRISK-2026.1,ENGG,0,TRACK_TAMPING,0,HIGH,2,73.2,10.4,66.7,2,6,20,0,4,180,257,52.0,69,68.2,49.3,90,63.7,62.4,9,37.1
SIM-REQ-02044,SIMULATED,SIM-MRISK-2026.1,SNT,2,BALLAST_CLEANING,4,MEDIUM,1,42.5,18.2,75.9,2,13,-8,8,2,30,22,96.6,103,91.2,39.4,150,71.4,93.5,0,66.7
SIM-REQ-02045,SIMULATED,SIM-MRISK-2026.1,ENGG,0,BALLAST_CLEANING,4,LOW,0,68.1,13.2,80.2,2,4,4,0,4,45,60,96.8,71,71.5,94.5,150,65.0,42.5,12,38.4
SIM-REQ-02046,SIMULATED,SIM-MRISK-2026.1,TRD,1,POINT_OVERHAUL,3,MEDIUM,1,58.7,14.5,82.3,2,1,1,0,3,45,65,41.7,69,62.9,69.2,240,67.3,86.1,1,42.8
SIM-REQ-02047,SIMULATED,SIM-MRISK-2026.1,ENGG,0,TRACK_TAMPING,0,MEDIUM,1,98.9,5.4,51.5,2,32,19,0,4,90,26,54.3,47,54.4,61.4,150,57.3,64.3,6,28.0
SIM-REQ-02048,SIMULATED,SIM-MRISK-2026.1,SNT,2,TRACK_CIRCUIT,5,MEDIUM,1,27.7,29.8,48.6,2,5,3,0,6,45,20,60.7,20,44.9,119.8,180,75.1,76.7,12,39.2
SIM-REQ-02049,SIMULATED,SIM-MRISK-2026.1,OPTG,3,TRACK_CIRCUIT,5,MEDIUM,1,67.2,6.8,71.3,1,1,-3,3,3,45,22,90.5,36,55.3,50.8,240,49.2,82.2,18,37.7
SIM-REQ-02050,SIMULATED,SIM-MRISK-2026.1,ENGG,0,RAIL_REPLACEMENT,1,MEDIUM,1,67.9,11.5,73.7,1,3,9,0,2,45,15,93.5,93,77.6,54.4,120,49.0,80.2,8,33.7
SIM-REQ-02051,SIMULATED,SIM-MRISK-2026.1,SNT,2,RAIL_REPLACEMENT,1,LOW,0,59.3,9.2,75.0,1,2,6,0,8,45,67,93.7,62,50.0,200.2,60,51.2,47.5,6,30.2
SIM-REQ-02052,SIMULATED,SIM-MRISK-2026.1,ENGG,0,TRACK_TAMPING,0,HIGH,2,85.1,5.6,66.1,1,28,-9,9,3,90,50,66.2,31,42.4,69.9,150,44.7,40.4,17,41.0
SIM-REQ-02053,SIMULATED,SIM-MRISK-2026.1,ENGG,0,POINT_OVERHAUL,3,LOW,0,96.6,4.6,80.4,2,2,-8,8,1,180,287,91.5,114,94.0,13.4,60,57.9,88.6,20,53.6
SIM-REQ-02054,SIMULATED,SIM-MRISK-2026.1,OPTG,3,RAIL_REPLACEMENT,1,MEDIUM,1,57.4,22.3,97.0,1,3,-2,2,7,30,37,51.6,40,50.7,178.2,150,51.6,40.3,20,36.6
SIM-REQ-02055,SIMULATED,SIM-MRISK-2026.1,ENGG,0,BALLAST_CLEANING,4,LOW,0,80.3,4.3,51.6,1,4,8,0,5,60,95,40.0,20,37.2,130.7,90,45.9,91.3,9,27.5
SIM-REQ-02056,SIMULATED,SIM-MRISK-2026.1,ENGG,0,TRACK_CIRCUIT,5,HIGH,2,78.2,14.4,48.1,2,12,0,0,3,30,13,53.2,83,80.6,43.4,150,62.5,92.2,15,36.3
SIM-REQ-02057,SIMULATED,SIM-MRISK-2026.1,OPTG,3,RAIL_REPLACEMENT,1,HIGH,2,70.4,1.8,88.8,1,2,0,0,6,30,16,97.6,106,93.2,110.6,90,48.4,68.2,15,37.9
SIM-REQ-02058,SIMULATED,SIM-MRISK-2026.1,SNT,2,BALLAST_CLEANING,4,MEDIUM,1,62.5,11.8,52.9,2,30,6,0,4,45,32,66.4,75,68.1,70.6,180,66.4,50.9,20,45.5
SIM-REQ-02059,SIMULATED,SIM-MRISK-2026.1,ENGG,0,WELD_REPAIR,6,LOW,0,43.2,17.8,64.4,1,3,18,0,4,30,45,63.1,23,44.7,119.7,150,55.2,44.0,5,25.9
SIM-REQ-02060,SIMULATED,SIM-MRISK-2026.1,TRD,1,BALLAST_CLEANING,4,MEDIUM,1,58.4,8.2,63.3,1,4,9,0,8,90,97,67.3,36,43.7,116.0,240,51.4,50.4,7,25.5
SIM-REQ-02061,SIMULATED,SIM-MRISK-2026.1,TRD,1,OHE_INSPECTION,2,HIGH,2,50.9,24.7,53.7,3,15,6,0,4,30,14,93.1,109,98.0,107.7,180,85.3,85.2,14,54.4
SIM-REQ-02062,SIMULATED,SIM-MRISK-2026.1,TRD,1,BALLAST_CLEANING,4,LOW,0,52.1,38.0,83.7,2,9,8,0,5,90,72,64.6,31,37.4,117.0,60,69.0,90.4,21,40.3
SIM-REQ-02063,SIMULATED,SIM-MRISK-2026.1,OPTG,3,TRACK_TAMPING,0,LOW,0,86.2,7.8,72.8,1,2,15,0,5,180,10,91.0,77,70.6,86.4,180,44.5,41.8,19,24.3
SIM-REQ-02064,SIMULATED,SIM-MRISK-2026.1,SNT,2,RAIL_REPLACEMENT,1,LOW,0,53.5,13.7,80.1,3,3,-12,12,6,90,33,55.2,64,71.1,125.7,60,84.6,91.9,11,71.3
SIM-REQ-02065,SIMULATED,SIM-MRISK-2026.1,ENGG,0,TRACK_CIRCUIT,5,LOW,0,67.7,13.5,54.7,1,19,5,0,7,60,23,42.6,50,62.0,113.0,180,49.1,74.5,9,28.4
SIM-REQ-02066,SIMULATED,SIM-MRISK-2026.1,ENGG,0,TRACK_TAMPING,0,LOW,0,90.6,3.4,63.8,1,22,4,0,4,180,65,88.2,66,74.0,37.9,90,43.4,65.2,2,28.3
SIM-REQ-02067,SIMULATED,SIM-MRISK-2026.1,ENGG,0,POINT_OVERHAUL,3,MEDIUM,1,65.3,7.1,93.5,2,22,9,0,3,45,48,89.5,57,64.0,57.2,180,65.7,67.0,6,42.2
SIM-REQ-02068,SIMULATED,SIM-MRISK-2026.1,TRD,1,TRACK_CIRCUIT,5,MEDIUM,1,81.4,11.1,70.5,2,21,-5,5,2,60,39,64.1,34,45.7,33.9,120,61.6,83.9,16,42.9
SIM-REQ-02069,SIMULATED,SIM-MRISK-2026.1,ENGG,0,TRACK_TAMPING,0,MEDIUM,1,80.8,7.2,68.4,2,28,0,0,7,60,29,90.3,42,46.7,158.1,120,61.8,91.1,21,41.4
SIM-REQ-02070,SIMULATED,SIM-MRISK-2026.1,ENGG,0,OHE_INSPECTION,2,LOW,0,44.1,7.9,55.0,2,14,9,0,7,180,57,87.5,75,71.8,89.1,120,71.0,85.5,21,44.5
SIM-REQ-02071,SIMULATED,SIM-MRISK-2026.1,TRD,1,BALLAST_CLEANING,4,MEDIUM,1,78.9,5.9,68.0,1,33,1,0,6,45,49,92.7,25,40.9,110.0,240,46.3,83.1,20,28.4
SIM-REQ-02072,SIMULATED,SIM-MRISK-2026.1,TRD,1,OHE_INSPECTION,2,MEDIUM,1,43.3,22.5,61.0,2,22,12,0,6,180,200,91.0,29,51.5,102.0,90,71.2,46.4,15,36.8
SIM-REQ-02073,SIMULATED,SIM-MRISK-2026.1,SNT,2,BALLAST_CLEANING,4,MEDIUM,1,92.9,10.4,69.5,1,9,-5,5,5,90,57,88.5,41,46.5,61.7,180,42.8,38.4,3,43.1
SIM-REQ-02074,SIMULATED,SIM-MRISK-2026.1,ENGG,0,TRACK_CIRCUIT,5,HIGH,2,58.6,8.1,57.5,2,19,11,0,1,180,171,84.9,51,55.5,24.7,150,67.3,82.7,11,31.5
SIM-REQ-02075,SIMULATED,SIM-MRISK-2026.1,OPTG,3,TRACK_TAMPING,0,HIGH,2,92.1,12.5,85.0,2,2,6,0,2,30,13,95.1,42,56.9,39.3,90,59.0,35.8,22,34.0
SIM-REQ-02076,SIMULATED,SIM-MRISK-2026.1,ENGG,0,WELD_REPAIR,6,MEDIUM,1,78.8,4.4,64.3,2,4,3,0,7,90,90,74.4,83,83.6,178.5,120,62.3,47.0,5,40.2
SIM-REQ-02077,SIMULATED,SIM-MRISK-2026.1,SNT,2,TRACK_CIRCUIT,5,MEDIUM,1,93.9,8.6,30.6,1,60,10,0,4,90,43,43.3,53,62.2,61.5,150,42.5,90.3,3,21.4
SIM-REQ-02078,SIMULATED,SIM-MRISK-2026.1,TRD,1,POINT_OVERHAUL,3,HIGH,2,52.7,15.6,81.2,2,22,0,0,3,60,65,78.6,103,92.3,65.7,90,68.8,90.1,14,49.3
SIM-REQ-02079,SIMULATED,SIM-MRISK-2026.1,TRD,1,RAIL_REPLACEMENT,1,MEDIUM,1,100.0,4.2,72.2,1,22,0,0,5,90,116,61.8,60,66.1,98.8,150,41.0,71.3,17,26.0
SIM-REQ-02080,SIMULATED,SIM-MRISK-2026.1,ENGG,0,TRACK_TAMPING,0,MEDIUM,1,81.7,4.8,80.7,1,0,0,0,3,90,99,82.5,97,95.5,76.0,240,45.6,58.3,21,35.7
SIM-REQ-02081,SIMULATED,SIM-MRISK-2026.1,SNT,2,OHE_INSPECTION,2,MEDIUM,1,76.4,6.6,45.0,2,22,5,0,2,30,11,59.0,111,98.0,56.2,180,62.9,84.3,22,38.1
SIM-REQ-02082,SIMULATED,SIM-MRISK-2026.1,ENGG,0,WELD_REPAIR,6,HIGH,2,75.2,12.0,76.6,2,13,-4,4,3,90,18,70.8,56,65.7,84.4,180,63.2,75.8,20,50.1
SIM-REQ-02083,SIMULATED,SIM-MRISK-2026.1,OPTG,3,RAIL_REPLACEMENT,1,MEDIUM,1,64.3,11.5,73.7,1,5,5,0,7,180,139,48.1,76,80.5,129.6,180,49.9,88.9,16,39.5
SIM-REQ-02084,SIMULATED,SIM-MRISK-2026.1,TRD,1,TRACK_TAMPING,0,HIGH,2,79.4,9.3,78.3,1,44,13,0,4,90,49,51.6,44,62.2,93.5,240,46.1,83.6,4,30.2
SIM-REQ-02085,SIMULATED,SIM-MRISK-2026.1,ENGG,0,POINT_OVERHAUL,3,MEDIUM,1,99.3,6.1,96.4,1,18,10,0,6,90,107,49.9,46,51.0,85.1,60,41.2,84.2,2,26.0
SIM-REQ-02086,SIMULATED,SIM-MRISK-2026.1,OPTG,3,RAIL_REPLACEMENT,1,LOW,0,60.7,11.4,84.9,2,22,13,0,10,45,34,90.9,65,65.4,251.4,150,66.8,82.7,2,43.6
SIM-REQ-02087,SIMULATED,SIM-MRISK-2026.1,OPTG,3,BALLAST_CLEANING,4,LOW,0,82.7,10.4,67.9,1,0,2,0,9,180,172,76.4,61,65.1,184.4,120,45.3,89.4,15,27.0
SIM-REQ-02088,SIMULATED,SIM-MRISK-2026.1,ENGG,0,TRACK_TAMPING,0,MEDIUM,1,61.0,18.9,69.0,1,1,5,0,3,30,12,53.7,70,73.2,74.6,90,50.8,80.9,3,27.6
SIM-REQ-02089,SIMULATED,SIM-MRISK-2026.1,ENGG,0,RAIL_REPLACEMENT,1,HIGH,2,84.0,3.9,73.0,2,1,-9,9,1,90,12,73.4,64,64.7,16.7,60,61.0,43.1,12,51.9
SIM-REQ-02090,SIMULATED,SIM-MRISK-2026.1,TRD,1,POINT_OVERHAUL,3,MEDIUM,1,85.5,3.4,81.7,2,1,1,0,6,45,51,40.9,84,75.4,147.6,150,60.6,40.9,12,42.2
SIM-REQ-02091,SIMULATED,SIM-MRISK-2026.1,OPTG,3,POINT_OVERHAUL,3,MEDIUM,1,76.1,7.8,80.7,2,8,0,0,4,60,32,73.9,39,49.8,100.3,90,63.0,76.5,8,37.3
SIM-REQ-02092,SIMULATED,SIM-MRISK-2026.1,ENGG,0,OHE_INSPECTION,2,MEDIUM,1,50.2,13.7,32.5,2,31,17,0,8,90,95,50.6,38,43.6,180.7,150,69.5,80.1,0,36.8
SIM-REQ-02093,SIMULATED,SIM-MRISK-2026.1,TRD,1,OHE_INSPECTION,2,HIGH,2,90.5,10.4,70.8,1,6,-10,10,2,60,33,51.7,71,67.8,38.0,120,43.4,40.4,11,40.5
SIM-REQ-02094,SIMULATED,SIM-MRISK-2026.1,TRD,1,RAIL_REPLACEMENT,1,MEDIUM,1,72.6,4.6,92.5,2,38,4,0,2,90,96,43.5,76,78.5,51.6,120,63.9,94.5,9,47.0
SIM-REQ-02095,SIMULATED,SIM-MRISK-2026.1,ENGG,0,POINT_OVERHAUL,3,MEDIUM,1,63.4,10.9,88.4,3,5,-6,6,6,180,14,54.3,54,60.5,85.7,90,82.2,83.4,12,62.4
SIM-REQ-02096,SIMULATED,SIM-MRISK-2026.1,ENGG,0,RAIL_REPLACEMENT,1,HIGH,2,87.9,5.8,92.9,1,44,-15,15,12,180,44,52.1,48,58.5,250.5,120,44.0,47.4,11,51.6
SIM-REQ-02097,SIMULATED,SIM-MRISK-2026.1,ENGG,0,WELD_REPAIR,6,LOW,0,76.6,9.4,56.8,2,12,-1,1,2,30,25,42.1,92,86.6,37.2,150,62.9,89.2,15,41.5
SIM-REQ-02098,SIMULATED,SIM-MRISK-2026.1,ENGG,0,OHE_INSPECTION,2,LOW,0,50.8,18.4,71.2,1,8,-11,11,6,60,79,95.7,86,81.3,163.7,90,53.3,59.8,20,54.7
SIM-REQ-02099,SIMULATED,SIM-MRISK-2026.1,TRD,1,TRACK_TAMPING,0,MEDIUM,1,64.0,15.1,58.0,1,20,-1,1,4,180,264,52.7,67,69.5,47.7,180,50.0,55.1,21,32.5
SIM-REQ-02100,SIMULATED,SIM-MRISK-2026.1,SNT,2,WELD_REPAIR,6,MEDIUM,1,73.0,6.3,64.4,1,1,-13,13,5,60,19,75.1,26,37.9,97.7,240,47.8,93.4,5,42.9
SIM-REQ-02101,SIMULATED,SIM-MRISK-2026.1,OPTG,3,OHE_INSPECTION,2,HIGH,2,44.2,10.7,50.4,1,20,-1,1,10,180,64,49.7,28,41.1,197.1,150,55.0,82.1,20,31.8
SIM-REQ-02102,SIMULATED,SIM-MRISK-2026.1,ENGG,0,OHE_INSPECTION,2,LOW,0,70.3,17.0,33.3,1,1,3,0,6,30,15,72.1,65,70.7,98.0,240,48.4,84.0,6,22.1
SIM-REQ-02103,SIMULATED,SIM-MRISK-2026.1,ENGG,0,POINT_OVERHAUL,3,HIGH,2,84.9,8.4,74.8,1,0,13,0,5,30,30,90.4,107,93.9,49.0,120,44.8,40.4,11,36.3
SIM-REQ-02104,SIMULATED,SIM-MRISK-2026.1,OPTG,3,OHE_INSPECTION,2,LOW,0,80.9,9.1,65.6,2,11,-8,8,3,90,29,45.2,97,85.3,68.8,90,61.8,71.1,5,54.9
SIM-REQ-02105,SIMULATED,SIM-MRISK-2026.1,ENGG,0,TRACK_TAMPING,0,HIGH,2,87.4,6.1,84.9,1,1,10,0,4,90,31,55.3,33,41.7,95.8,180,44.1,82.1,8,21.0
SIM-REQ-02106,SIMULATED,SIM-MRISK-2026.1,TRD,1,TRACK_CIRCUIT,5,LOW,0,64.4,6.6,60.9,3,2,13,0,2,60,27,56.7,109,98.0,51.0,180,81.9,50.0,1,52.1
SIM-REQ-02107,SIMULATED,SIM-MRISK-2026.1,TRD,1,TRACK_TAMPING,0,HIGH,2,86.8,7.4,60.8,1,0,8,0,2,90,23,85.8,47,52.0,28.3,120,44.3,75.3,3,18.0
SIM-REQ-02108,SIMULATED,SIM-MRISK-2026.1,ENGG,0,OHE_INSPECTION,2,LOW,0,98.7,10.9,34.5,1,12,12,0,4,60,35,89.3,48,52.5,74.2,60,41.3,72.2,10,22.6
SIM-REQ-02109,SIMULATED,SIM-MRISK-2026.1,TRD,1,BALLAST_CLEANING,4,MEDIUM,1,89.4,9.8,56.1,2,4,22,0,6,180,230,65.5,32,42.2,113.4,240,59.6,89.2,24,30.1
SIM-REQ-02110,SIMULATED,SIM-MRISK-2026.1,ENGG,0,OHE_INSPECTION,2,HIGH,2,60.9,8.4,55.3,1,6,35,0,7,30,16,51.3,49,53.1,82.9,240,50.8,92.1,19,24.9
SIM-REQ-02111,SIMULATED,SIM-MRISK-2026.1,ENGG,0,OHE_INSPECTION,2,LOW,0,79.5,10.5,61.6,1,26,17,0,4,30,13,40.8,80,78.4,100.9,180,46.1,51.5,9,24.0
SIM-REQ-02112,SIMULATED,SIM-MRISK-2026.1,TRD,1,BALLAST_CLEANING,4,MEDIUM,1,37.5,21.1,56.7,1,1,3,0,4,180,69,92.2,109,98.0,108.5,60,56.6,51.7,4,40.0
SIM-REQ-02113,SIMULATED,SIM-MRISK-2026.1,SNT,2,TRACK_TAMPING,0,HIGH,2,61.6,15.9,68.0,2,14,19,0,0,45,57,94.7,46,62.8,15.4,150,66.6,55.7,10,28.6
SIM-REQ-02114,SIMULATED,SIM-MRISK-2026.1,TRD,1,OHE_INSPECTION,2,LOW,0,100.0,8.3,69.4,2,17,5,0,1,180,77,53.9,103,88.0,11.2,120,57.0,44.2,17,37.2
SIM-REQ-02115,SIMULATED,SIM-MRISK-2026.1,ENGG,0,BALLAST_CLEANING,4,HIGH,2,34.1,22.6,54.0,3,25,12,0,8,45,45,58.1,60,55.0,118.8,180,89.5,73.6,9,53.0
SIM-REQ-02116,SIMULATED,SIM-MRISK-2026.1,ENGG,0,POINT_OVERHAUL,3,MEDIUM,1,49.1,12.1,88.3,2,39,12,0,3,180,120,43.0,113,98.0,63.3,180,69.7,77.2,20,54.0
SIM-REQ-02117,SIMULATED,SIM-MRISK-2026.1,ENGG,0,OHE_INSPECTION,2,MEDIUM,1,80.4,9.1,44.3,2,39,10,0,4,90,83,88.9,24,41.9,47.2,150,61.9,78.9,21,37.8
SIM-REQ-02118,SIMULATED,SIM-MRISK-2026.1,TRD,1,TRACK_TAMPING,0,LOW,0,78.9,5.7,72.2,1,2,-10,10,8,30,41,92.4,93,92.5,83.4,120,46.3,47.2,7,54.6
SIM-REQ-02119,SIMULATED,SIM-MRISK-2026.1,ENGG,0,BALLAST_CLEANING,4,MEDIUM,1,100.0,3.5,81.1,1,1,-9,9,8,180,44,79.4,45,48.9,164.3,90,41.0,74.8,14,45.2
SIM-REQ-02120,SIMULATED,SIM-MRISK-2026.1,TRD,1,TRACK_CIRCUIT,5,MEDIUM,1,78.8,1.9,49.3,2,15,7,0,5,45,12,70.4,113,95.6,50.2,60,62.3,93.7,11,35.6
SIM-REQ-02121,SIMULATED,SIM-MRISK-2026.1,TRD,1,RAIL_REPLACEMENT,1,MEDIUM,1,100.0,3.6,86.6,1,22,15,0,8,45,17,89.1,62,68.6,166.6,150,41.0,58.4,11,31.5
SIM-REQ-02122,SIMULATED,SIM-MRISK-2026.1,ENGG,0,TRACK_CIRCUIT,5,MEDIUM,1,78.7,9.8,39.5,1,5,-7,7,5,45,71,80.3,59,64.3,50.8,240,46.3,51.7,0,40.7
SIM-REQ-02123,SIMULATED,SIM-MRISK-2026.1,ENGG,0,POINT_OVERHAUL,3,MEDIUM,1,55.7,21.5,70.8,2,0,-5,5,7,180,64,57.1,61,64.3,145.6,120,68.1,57.8,18,51.6
SIM-REQ-02124,SIMULATED,SIM-MRISK-2026.1,ENGG,0,TRACK_TAMPING,0,LOW,0,90.0,4.4,59.1,2,6,-13,13,3,30,15,62.0,26,40.3,43.0,240,59.5,41.6,6,50.9
SIM-REQ-02125,SIMULATED,SIM-MRISK-2026.1,SNT,2,WELD_REPAIR,6,LOW,0,68.9,13.0,53.3,1,24,-1,1,7,60,28,44.6,38,49.5,172.1,120,48.8,61.7,17,34.1
SIM-REQ-02126,SIMULATED,SIM-MRISK-2026.1,SNT,2,OHE_INSPECTION,2,MEDIUM,1,62.9,10.7,59.1,1,18,10,0,6,30,34,70.1,32,43.2,141.5,240,50.3,37.0,6,25.8
SIM-REQ-02127,SIMULATED,SIM-MRISK-2026.1,TRD,1,BALLAST_CLEANING,4,MEDIUM,1,100.0,7.9,81.8,1,3,-6,6,1,90,44,92.2,61,66.6,18.4,120,41.0,81.8,12,38.7
SIM-REQ-02128,SIMULATED,SIM-MRISK-2026.1,TRD,1,TRACK_TAMPING,0,MEDIUM,1,71.1,7.2,53.0,1,3,13,0,2,30,40,51.3,103,89.0,32.4,180,48.2,75.5,23,32.2
SIM-REQ-02129,SIMULATED,SIM-MRISK-2026.1,ENGG,0,BALLAST_CLEANING,4,HIGH,2,78.8,7.4,51.9,1,20,1,0,7,60,42,83.8,64,66.4,151.7,180,46.3,40.6,24,30.4
SIM-REQ-02130,SIMULATED,SIM-MRISK-2026.1,ENGG,0,TRACK_CIRCUIT,5,MEDIUM,1,95.6,5.4,35.7,1,6,15,0,3,180,141,75.0,61,63.3,50.1,90,42.1,63.1,6,14.3
SIM-REQ-02131,SIMULATED,SIM-MRISK-2026.1,ENGG,0,WELD_REPAIR,6,LOW,0,53.7,9.6,77.2,2,3,-7,7,6,60,24,70.1,38,49.9,114.5,240,68.6,83.8,20,55.1
SIM-REQ-02132,SIMULATED,SIM-MRISK-2026.1,ENGG,0,RAIL_REPLACEMENT,1,HIGH,2,57.5,10.8,88.0,2,16,21,0,10,60,31,52.6,81,77.8,259.9,180,67.6,60.6,5,41.9
SIM-REQ-02133,SIMULATED,SIM-MRISK-2026.1,TRD,1,RAIL_REPLACEMENT,1,MEDIUM,1,79.5,3.0,92.3,1,11,-5,5,3,60,77,88.7,35,43.8,52.4,60,46.1,46.6,19,46.6
SIM-REQ-02134,SIMULATED,SIM-MRISK-2026.1,TRD,1,BALLAST_CLEANING,4,LOW,0,91.5,8.1,69.2,1,12,7,0,4,45,44,86.8,92,90.9,51.6,60,43.1,83.8,13,24.9
SIM-REQ-02135,SIMULATED,SIM-MRISK-2026.1,ENGG,0,TRACK_CIRCUIT,5,LOW,0,73.1,11.6,34.0,1,21,3,0,5,45,49,58.6,67,61.3,57.6,150,47.7,41.7,24,27.9
SIM-REQ-02136,SIMULATED,SIM-MRISK-2026.1,SNT,2,TRACK_CIRCUIT,5,HIGH,2,44.8,10.6,36.1,3,2,6,0,7,45,64,62.3,26,38.4,126.5,240,86.8,40.7,18,45.2
SIM-REQ-02137,SIMULATED,SIM-MRISK-2026.1,TRD,1,POINT_OVERHAUL,3,MEDIUM,1,96.7,4.4,78.9,1,4,12,0,0,45,50,95.8,103,98.0,1.3,120,41.8,46.1,5,29.2
SIM-REQ-02138,SIMULATED,SIM-MRISK-2026.1,OPTG,3,TRACK_CIRCUIT,5,LOW,0,44.3,3.1,47.8,2,6,17,0,8,45,25,71.0,62,74.4,166.5,60,70.9,35.6,1,38.3
SIM-REQ-02139,SIMULATED,SIM-MRISK-2026.1,SNT,2,TRACK_TAMPING,0,MEDIUM,1,94.8,3.4,64.7,1,66,10,0,3,30,13,62.6,68,72.1,60.7,150,42.3,79.8,14,35.0
SIM-REQ-02140,SIMULATED,SIM-MRISK-2026.1,ENGG,0,RAIL_REPLACEMENT,1,LOW,0,80.6,8.2,97.7,2,10,6,0,3,90,84,86.5,40,49.0,61.2,180,61.9,51.0,24,36.8
SIM-REQ-02141,SIMULATED,SIM-MRISK-2026.1,SNT,2,OHE_INSPECTION,2,MEDIUM,1,70.3,10.7,57.7,1,3,7,0,4,60,79,93.5,70,71.5,64.0,60,48.4,90.9,23,28.5
SIM-REQ-02142,SIMULATED,SIM-MRISK-2026.1,TRD,1,TRACK_CIRCUIT,5,MEDIUM,1,16.9,35.1,58.9,3,13,-1,1,5,30,15,41.4,86,79.5,156.8,60,93.8,46.8,22,64.3
SIM-REQ-02143,SIMULATED,SIM-MRISK-2026.1,ENGG,0,TRACK_TAMPING,0,MEDIUM,1,75.8,7.4,61.4,1,3,9,0,7,45,28,81.3,100,89.1,180.8,120,47.0,76.3,22,33.6
SIM-REQ-02144,SIMULATED,SIM-MRISK-2026.1,ENGG,0,OHE_INSPECTION,2,MEDIUM,1,90.0,7.7,37.6,1,45,9,0,6,30,28,92.7,108,98.0,87.6,120,43.5,69.2,1,31.2
SIM-REQ-02145,SIMULATED,SIM-MRISK-2026.1,ENGG,0,WELD_REPAIR,6,MEDIUM,1,48.3,13.1,68.5,2,27,8,0,8,45,12,42.2,52,50.9,89.8,90,69.9,67.5,1,42.0
SIM-REQ-02146,SIMULATED,SIM-MRISK-2026.1,SNT,2,OHE_INSPECTION,2,MEDIUM,1,57.7,13.1,50.4,1,29,14,0,6,180,279,53.4,99,92.6,155.8,90,51.6,66.2,19,30.4
SIM-REQ-02147,SIMULATED,SIM-MRISK-2026.1,SNT,2,POINT_OVERHAUL,3,MEDIUM,1,96.8,7.8,74.1,2,11,2,0,2,90,107,63.7,63,64.1,29.0,60,57.8,43.0,13,35.6
SIM-REQ-02148,SIMULATED,SIM-MRISK-2026.1,ENGG,0,OHE_INSPECTION,2,LOW,0,89.5,7.3,67.4,1,27,2,0,3,60,47,58.3,58,68.1,48.3,90,43.6,66.3,8,26.2
SIM-REQ-02149,SIMULATED,SIM-MRISK-2026.1,ENGG,0,TRACK_TAMPING,0,LOW,0,75.7,9.3,62.2,1,6,-8,8,6,60,89,92.2,96,79.2,109.2,180,47.1,87.1,15,48.3
SIM-REQ-02150,SIMULATED,SIM-MRISK-2026.1,TRD,1,TRACK_TAMPING,0,MEDIUM,1,67.5,6.4,65.2,2,15,-8,8,3,45,67,78.7,56,61.3,49.9,150,65.1,49.5,17,55.1
SIM-REQ-02151,SIMULATED,SIM-MRISK-2026.1,SNT,2,BALLAST_CLEANING,4,MEDIUM,1,96.3,6.1,52.8,2,42,25,0,6,45,14,45.1,53,58.0,111.8,150,57.9,62.5,5,38.0
SIM-REQ-02152,SIMULATED,SIM-MRISK-2026.1,SNT,2,TRACK_CIRCUIT,5,LOW,0,74.8,9.3,63.9,1,23,8,0,3,45,23,49.5,73,65.4,52.2,240,47.3,76.3,18,31.3
SIM-REQ-02153,SIMULATED,SIM-MRISK-2026.1,SNT,2,TRACK_TAMPING,0,HIGH,2,58.0,25.9,77.0,3,8,5,0,5,30,34,63.8,110,98.0,120.5,60,83.5,86.2,21,58.7
SIM-REQ-02154,SIMULATED,SIM-MRISK-2026.1,TRD,1,BALLAST_CLEANING,4,MEDIUM,1,76.7,14.9,58.1,1,28,6,0,5,180,76,60.3,81,76.6,59.7,240,46.8,75.0,11,29.1
SIM-REQ-02155,SIMULATED,SIM-MRISK-2026.1,TRD,1,RAIL_REPLACEMENT,1,MEDIUM,1,61.0,6.3,81.3,2,35,11,0,3,180,257,77.3,36,46.7,79.4,240,66.8,73.1,21,40.8
SIM-REQ-02156,SIMULATED,SIM-MRISK-2026.1,ENGG,0,RAIL_REPLACEMENT,1,LOW,0,67.4,6.3,85.5,2,1,4,0,3,60,37,91.0,95,89.3,79.5,180,65.2,50.5,17,43.3
SIM-REQ-02157,SIMULATED,SIM-MRISK-2026.1,OPTG,3,BALLAST_CLEANING,4,LOW,0,97.1,5.4,62.9,2,27,-4,4,1,90,14,66.8,23,41.4,12.3,180,57.7,44.1,11,44.1
SIM-REQ-02158,SIMULATED,SIM-MRISK-2026.1,TRD,1,RAIL_REPLACEMENT,1,HIGH,2,89.0,1.6,72.9,1,17,17,0,3,60,77,90.9,55,69.1,47.4,150,43.8,39.2,18,26.4
SIM-REQ-02159,SIMULATED,SIM-MRISK-2026.1,TRD,1,TRACK_TAMPING,0,HIGH,2,94.6,2.9,53.7,1,6,-1,1,7,45,39,41.8,112,98.0,152.5,90,42.4,93.0,8,37.0
SIM-REQ-02160,SIMULATED,SIM-MRISK-2026.1,SNT,2,RAIL_REPLACEMENT,1,LOW,0,72.0,8.7,74.4,2,4,9,0,2,60,24,64.6,36,48.8,37.1,150,64.0,52.9,13,35.1
SIM-REQ-02161,SIMULATED,SIM-MRISK-2026.1,TRD,1,TRACK_CIRCUIT,5,MEDIUM,1,83.4,7.6,40.3,1,5,-3,3,4,180,72,75.8,27,42.0,91.1,60,45.1,90.7,12,27.2
SIM-REQ-02162,SIMULATED,SIM-MRISK-2026.1,ENGG,0,TRACK_CIRCUIT,5,MEDIUM,1,85.1,5.8,63.8,2,0,0,0,2,45,50,52.4,53,54.5,27.3,240,60.7,92.4,1,32.0
SIM-REQ-02163,SIMULATED,SIM-MRISK-2026.1,SNT,2,OHE_INSPECTION,2,MEDIUM,1,81.8,10.7,55.0,1,9,16,0,5,180,64,40.0,75,74.5,50.1,150,45.5,67.5,10,22.8
SIM-REQ-02164,SIMULATED,SIM-MRISK-2026.1,ENGG,0,RAIL_REPLACEMENT,1,LOW,0,56.0,16.9,83.8,3,10,13,0,4,45,65,41.0,88,78.7,115.7,150,84.0,61.7,1,59.6
SIM-REQ-02165,SIMULATED,SIM-MRISK-2026.1,ENGG,0,WELD_REPAIR,6,MEDIUM,1,95.5,2.2,80.9,1,6,2,0,4,90,134,81.8,26,35.4,93.3,180,42.1,46.0,23,22.0
SIM-REQ-02166,SIMULATED,SIM-MRISK-2026.1,TRD,1,OHE_INSPECTION,2,LOW,0,100.0,1.9,34.4,1,4,-8,8,6,45,48,74.4,100,91.4,70.9,90,41.0,83.5,4,43.9
SIM-REQ-02167,SIMULATED,SIM-MRISK-2026.1,TRD,1,TRACK_CIRCUIT,5,MEDIUM,1,83.1,9.2,37.4,1,9,-6,6,4,180,46,85.3,67,79.1,83.0,120,45.2,41.8,16,40.5
SIM-REQ-02168,SIMULATED,SIM-MRISK-2026.1,SNT,2,OHE_INSPECTION,2,LOW,0,54.8,19.1,44.5,1,9,-6,6,4,90,47,46.8,64,74.1,77.2,150,52.3,37.0,10,34.7
SIM-REQ-02169,SIMULATED,SIM-MRISK-2026.1,ENGG,0,BALLAST_CLEANING,4,MEDIUM,1,70.7,15.8,67.6,2,21,-1,1,7,60,82,61.0,22,39.7,80.2,90,64.3,91.6,18,46.5
SIM-REQ-02170,SIMULATED,SIM-MRISK-2026.1,TRD,1,RAIL_REPLACEMENT,1,HIGH,2,87.6,4.0,72.8,1,2,0,0,7,180,13,93.9,94,87.2,106.3,90,44.1,46.2,15,33.4
SIM-REQ-02171,SIMULATED,SIM-MRISK-2026.1,ENGG,0,TRACK_TAMPING,0,MEDIUM,1,76.7,7.7,72.2,2,23,-1,1,5,30,13,79.7,53,59.6,96.0,240,62.8,58.3,19,42.8
SIM-REQ-02172,SIMULATED,SIM-MRISK-2026.1,ENGG,0,RAIL_REPLACEMENT,1,MEDIUM,1,69.5,9.1,91.5,1,10,2,0,4,60,11,64.8,83,80.5,83.5,120,48.6,75.8,12,38.5
SIM-REQ-02173,SIMULATED,SIM-MRISK-2026.1,ENGG,0,BALLAST_CLEANING,4,MEDIUM,1,62.8,6.3,64.9,2,32,-8,8,4,90,38,63.9,91,80.8,48.5,60,66.3,81.9,13,63.5
SIM-REQ-02174,SIMULATED,SIM-MRISK-2026.1,ENGG,0,BALLAST_CLEANING,4,MEDIUM,1,100.0,5.3,73.8,1,3,-16,16,3,45,53,65.9,52,50.8,45.6,90,41.0,38.4,5,42.6
SIM-REQ-02175,SIMULATED,SIM-MRISK-2026.1,TRD,1,BALLAST_CLEANING,4,MEDIUM,1,66.1,7.2,82.8,1,2,25,0,8,45,62,58.4,79,83.8,150.4,240,49.5,42.0,8,33.5
SIM-REQ-02176,SIMULATED,SIM-MRISK-2026.1,ENGG,0,OHE_INSPECTION,2,LOW,0,83.4,9.6,35.0,2,0,-5,5,3,90,84,52.0,66,75.0,43.0,240,61.1,44.5,12,42.9
SIM-REQ-02177,SIMULATED,SIM-MRISK-2026.1,SNT,2,WELD_REPAIR,6,MEDIUM,1,68.3,9.7,61.8,2,5,-2,2,5,180,282,44.0,42,57.7,113.2,60,64.9,64.3,2,40.8
SIM-REQ-02178,SIMULATED,SIM-MRISK-2026.1,ENGG,0,BALLAST_CLEANING,4,HIGH,2,88.3,8.7,77.4,1,9,1,0,3,45,34,92.0,95,85.0,70.0,60,43.9,53.2,2,37.8
SIM-REQ-02179,SIMULATED,SIM-MRISK-2026.1,TRD,1,WELD_REPAIR,6,MEDIUM,1,68.4,6.8,76.1,1,20,1,0,6,90,26,60.4,58,62.5,158.1,60,48.9,72.6,9,30.8
SIM-REQ-02180,SIMULATED,SIM-MRISK-2026.1,OPTG,3,TRACK_CIRCUIT,5,MEDIUM,1,91.6,7.9,47.3,1,12,0,0,2,180,70,84.9,46,52.7,37.6,60,43.1,80.3,15,18.3
SIM-REQ-02181,SIMULATED,SIM-MRISK-2026.1,TRD,1,TRACK_TAMPING,0,MEDIUM,1,48.0,28.0,72.1,2,3,6,0,1,90,121,65.7,52,49.6,43.7,60,70.0,48.7,11,37.0
SIM-REQ-02182,SIMULATED,SIM-MRISK-2026.1,ENGG,0,TRACK_TAMPING,0,MEDIUM,1,59.6,12.8,68.3,3,43,1,0,8,60,37,60.0,80,72.6,181.0,120,83.1,90.6,19,66.5
SIM-REQ-02183,SIMULATED,SIM-MRISK-2026.1,ENGG,0,TRACK_CIRCUIT,5,MEDIUM,1,49.5,22.1,63.6,3,7,-13,13,7,180,14,92.1,62,62.5,151.0,240,85.6,74.8,1,65.6
SIM-REQ-02184,SIMULATED,SIM-MRISK-2026.1,ENGG,0,TRACK_TAMPING,0,HIGH,2,85.8,7.0,54.8,1,9,0,0,4,60,69,64.1,68,58.0,74.0,150,44.5,84.0,8,26.3
SIM-REQ-02185,SIMULATED,SIM-MRISK-2026.1,SNT,2,BALLAST_CLEANING,4,MEDIUM,1,65.2,4.5,52.5,1,5,-6,6,7,30,16,86.6,88,76.8,146.2,240,49.7,59.2,9,49.9
SIM-REQ-02186,SIMULATED,SIM-MRISK-2026.1,ENGG,0,POINT_OVERHAUL,3,HIGH,2,66.3,11.9,91.5,1,3,6,0,5,30,24,90.2,61,70.7,116.8,240,49.4,46.0,18,30.3
SIM-REQ-02187,SIMULATED,SIM-MRISK-2026.1,TRD,1,RAIL_REPLACEMENT,1,LOW,0,77.4,10.8,89.9,1,18,-9,9,2,60,69,50.5,89,82.2,50.4,180,46.6,66.0,13,50.5
SIM-REQ-02188,SIMULATED,SIM-MRISK-2026.1,ENGG,0,TRACK_CIRCUIT,5,HIGH,2,61.5,10.3,68.3,2,4,14,0,2,90,84,79.6,23,38.5,45.5,150,66.6,87.2,0,36.2
SIM-REQ-02189,SIMULATED,SIM-MRISK-2026.1,ENGG,0,RAIL_REPLACEMENT,1,MEDIUM,1,87.0,12.5,74.6,1,9,1,0,3,90,131,89.2,51,63.6,40.8,180,44.2,93.7,13,29.0
SIM-REQ-02190,SIMULATED,SIM-MRISK-2026.1,ENGG,0,TRACK_TAMPING,0,MEDIUM,1,86.9,4.3,67.2,2,5,4,0,8,45,34,74.2,36,45.5,147.6,180,60.3,43.1,10,33.9
SIM-REQ-02191,SIMULATED,SIM-MRISK-2026.1,TRD,1,RAIL_REPLACEMENT,1,HIGH,2,85.7,2.2,82.8,2,11,12,0,7,60,38,49.5,28,51.6,152.5,180,60.6,70.0,5,37.9
SIM-REQ-02192,SIMULATED,SIM-MRISK-2026.1,TRD,1,BALLAST_CLEANING,4,LOW,0,100.0,5.0,65.5,1,8,10,0,1,60,14,63.2,95,98.0,16.0,120,41.0,89.9,3,27.5
SIM-REQ-02193,SIMULATED,SIM-MRISK-2026.1,OPTG,3,TRACK_TAMPING,0,MEDIUM,1,82.0,3.9,56.9,1,1,29,0,6,60,74,51.5,106,96.2,61.1,150,45.5,63.4,3,28.0
SIM-REQ-02194,SIMULATED,SIM-MRISK-2026.1,ENGG,0,RAIL_REPLACEMENT,1,LOW,0,64.0,7.4,87.9,1,15,10,0,6,60,43,43.3,56,63.6,151.7,180,50.0,35.3,20,35.8
SIM-REQ-02195,SIMULATED,SIM-MRISK-2026.1,TRD,1,POINT_OVERHAUL,3,LOW,0,65.4,11.7,79.1,1,20,-13,13,7,45,65,42.3,97,76.7,123.2,150,49.6,64.7,9,49.2
SIM-REQ-02196,SIMULATED,SIM-MRISK-2026.1,TRD,1,TRACK_TAMPING,0,HIGH,2,78.1,3.6,74.8,2,13,-9,9,5,60,41,95.3,99,80.2,127.8,150,62.5,66.1,4,55.7
SIM-REQ-02197,SIMULATED,SIM-MRISK-2026.1,SNT,2,TRACK_TAMPING,0,LOW,0,75.5,9.8,66.4,2,15,-1,1,4,30,27,66.2,38,50.1,100.2,240,63.1,53.6,21,43.5
SIM-REQ-02198,SIMULATED,SIM-MRISK-2026.1,SNT,2,TRACK_CIRCUIT,5,HIGH,2,98.6,2.7,54.7,1,25,16,0,3,45,16,91.1,103,96.3,30.2,90,41.4,62.5,21,25.6
SIM-REQ-02199,SIMULATED,SIM-MRISK-2026.1,ENGG,0,TRACK_TAMPING,0,MEDIUM,1,30.1,25.0,79.8,4,15,-4,4,2,60,69,59.6,56,58.6,69.8,60,98.0,62.9,10,82.5
SIM-REQ-02200,SIMULATED,SIM-MRISK-2026.1,TRD,1,TRACK_CIRCUIT,5,MEDIUM,1,81.3,8.1,68.0,1,1,7,0,1,45,71,61.0,35,44.4,31.1,180,45.7,53.1,20,23.3
SIM-REQ-02201,SIMULATED,SIM-MRISK-2026.1,ENGG,0,POINT_OVERHAUL,3,LOW,0,90.8,3.5,93.2,2,27,13,0,4,30,17,51.3,88,88.0,68.4,150,59.3,94.7,8,41.8
SIM-REQ-02202,SIMULATED,SIM-MRISK-2026.1,ENGG,0,RAIL_REPLACEMENT,1,MEDIUM,1,79.6,18.7,77.0,2,11,22,0,3,180,127,46.9,80,80.3,70.9,150,62.1,76.7,6,37.8
SIM-REQ-02203,SIMULATED,SIM-MRISK-2026.1,SNT,2,BALLAST_CLEANING,4,MEDIUM,1,86.9,4.1,59.8,2,12,-5,5,1,30,14,86.5,27,43.0,20.2,180,60.3,71.9,12,45.4
SIM-REQ-02204,SIMULATED,SIM-MRISK-2026.1,OPTG,3,OHE_INSPECTION,2,LOW,0,67.0,11.9,71.6,1,7,14,0,4,30,29,91.4,31,45.9,61.6,60,49.2,75.5,20,29.8
SIM-REQ-02205,SIMULATED,SIM-MRISK-2026.1,TRD,1,WELD_REPAIR,6,LOW,0,76.5,10.5,50.1,1,9,2,0,9,60,17,57.1,55,64.3,196.1,150,46.9,52.0,3,24.0
SIM-REQ-02206,SIMULATED,SIM-MRISK-2026.1,ENGG,0,RAIL_REPLACEMENT,1,LOW,0,64.9,25.5,95.1,3,15,23,0,1,180,149,49.6,42,46.9,30.8,150,81.8,51.9,11,45.2
SIM-REQ-02207,SIMULATED,SIM-MRISK-2026.1,ENGG,0,OHE_INSPECTION,2,LOW,0,85.3,3.3,62.6,1,7,7,0,7,90,138,81.0,66,69.8,77.0,240,44.7,84.2,6,29.1
SIM-REQ-02208,SIMULATED,SIM-MRISK-2026.1,TRD,1,BALLAST_CLEANING,4,MEDIUM,1,55.7,15.3,79.6,2,9,0,0,6,60,15,51.1,56,65.6,155.0,150,68.1,36.4,0,46.5
SIM-REQ-02209,SIMULATED,SIM-MRISK-2026.1,ENGG,0,TRACK_TAMPING,0,MEDIUM,1,47.4,20.1,83.9,1,1,2,0,4,45,64,49.9,101,85.8,99.0,150,54.1,64.5,11,40.7
SIM-REQ-02210,SIMULATED,SIM-MRISK-2026.1,ENGG,0,RAIL_REPLACEMENT,1,MEDIUM,1,88.2,12.8,86.1,2,3,10,0,4,60,53,44.4,50,61.1,52.0,120,60.0,52.9,2,35.0
SIM-REQ-02211,SIMULATED,SIM-MRISK-2026.1,OPTG,3,TRACK_TAMPING,0,MEDIUM,1,65.7,6.1,77.2,1,3,17,0,6,30,11,41.5,100,93.8,150.8,90,49.6,62.0,10,33.6
SIM-REQ-02212,SIMULATED,SIM-MRISK-2026.1,ENGG,0,WELD_REPAIR,6,MEDIUM,1,53.8,24.2,63.6,2,5,0,0,10,180,222,52.9,66,72.9,171.5,90,68.5,47.7,8,41.0
SIM-REQ-02213,SIMULATED,SIM-MRISK-2026.1,TRD,1,RAIL_REPLACEMENT,1,MEDIUM,1,57.4,12.9,74.5,1,9,-2,2,8,60,42,79.8,67,66.7,83.3,180,51.6,78.7,14,42.2
SIM-REQ-02214,SIMULATED,SIM-MRISK-2026.1,TRD,1,BALLAST_CLEANING,4,HIGH,2,90.6,3.5,67.8,1,5,24,0,2,45,34,81.1,20,36.3,38.0,150,43.4,51.6,23,17.8
SIM-REQ-02215,SIMULATED,SIM-MRISK-2026.1,ENGG,0,POINT_OVERHAUL,3,HIGH,2,70.5,7.3,93.2,2,29,18,0,7,180,156,63.0,75,71.2,93.4,240,64.4,41.2,21,43.4
SIM-REQ-02216,SIMULATED,SIM-MRISK-2026.1,SNT,2,TRACK_CIRCUIT,5,MEDIUM,1,68.9,18.1,49.6,1,0,10,0,4,45,58,70.9,75,80.0,95.9,180,48.8,76.2,4,25.3
SIM-REQ-02217,SIMULATED,SIM-MRISK-2026.1,OPTG,3,TRACK_CIRCUIT,5,HIGH,2,92.7,5.2,69.2,1,41,13,0,2,180,76,77.1,54,59.7,43.4,150,42.8,36.3,23,22.5
SIM-REQ-02218,SIMULATED,SIM-MRISK-2026.1,SNT,2,TRACK_TAMPING,0,MEDIUM,1,79.8,3.0,62.4,1,9,14,0,6,90,52,49.4,36,51.2,116.2,180,46.0,93.8,15,25.5
SIM-REQ-02219,SIMULATED,SIM-MRISK-2026.1,TRD,1,WELD_REPAIR,6,MEDIUM,1,74.7,8.2,54.5,2,33,4,0,9,30,28,93.6,62,64.0,167.7,120,63.3,50.5,20,44.5
SIM-REQ-02220,SIMULATED,SIM-MRISK-2026.1,ENGG,0,WELD_REPAIR,6,LOW,0,78.0,11.7,56.3,1,18,9,0,3,90,81,41.8,25,41.2,74.1,180,46.5,89.1,6,31.4
SIM-REQ-02221,SIMULATED,SIM-MRISK-2026.1,ENGG,0,BALLAST_CLEANING,4,LOW,0,77.9,11.6,69.9,1,7,18,0,5,60,95,80.1,23,33.7,110.0,60,46.5,50.7,24,21.9
SIM-REQ-02222,SIMULATED,SIM-MRISK-2026.1,ENGG,0,TRACK_TAMPING,0,MEDIUM,1,75.6,5.2,65.4,1,6,-5,5,7,180,267,54.5,67,66.4,130.0,60,47.1,79.5,14,39.5
SIM-REQ-02223,SIMULATED,SIM-MRISK-2026.1,ENGG,0,RAIL_REPLACEMENT,1,MEDIUM,1,55.3,16.3,90.4,2,9,9,0,2,30,36,58.8,34,60.1,37.5,90,68.2,92.4,15,40.0
SIM-REQ-02224,SIMULATED,SIM-MRISK-2026.1,ENGG,0,TRACK_TAMPING,0,MEDIUM,1,94.9,9.2,63.7,2,11,14,0,4,30,15,82.4,71,65.1,74.4,180,58.3,48.2,21,30.3
SIM-REQ-02225,SIMULATED,SIM-MRISK-2026.1,ENGG,0,TRACK_TAMPING,0,HIGH,2,42.8,13.5,84.8,2,36,3,0,6,90,48,96.8,89,80.0,153.4,60,71.3,38.8,11,46.8
SIM-REQ-02226,SIMULATED,SIM-MRISK-2026.1,SNT,2,TRACK_CIRCUIT,5,HIGH,2,75.6,12.7,71.0,1,12,11,0,4,180,247,50.9,27,40.8,71.3,60,47.1,81.5,0,26.9
SIM-REQ-02227,SIMULATED,SIM-MRISK-2026.1,TRD,1,BALLAST_CLEANING,4,MEDIUM,1,65.3,14.8,66.3,2,10,-3,3,5,30,43,90.6,20,42.1,109.1,180,65.7,35.2,2,40.4
SIM-REQ-02228,SIMULATED,SIM-MRISK-2026.1,ENGG,0,BALLAST_CLEANING,4,LOW,0,49.7,16.9,67.3,2,28,11,0,7,90,59,48.4,96,81.2,146.4,180,69.6,77.9,0,46.6
SIM-REQ-02229,SIMULATED,SIM-MRISK-2026.1,SNT,2,TRACK_TAMPING,0,LOW,0,68.6,12.0,77.8,1,0,0,0,3,90,11,86.8,112,85.6,71.6,240,48.9,60.6,0,39.0
SIM-REQ-02230,SIMULATED,SIM-MRISK-2026.1,ENGG,0,POINT_OVERHAUL,3,MEDIUM,1,46.3,16.6,89.6,2,12,-1,1,4,90,82,53.0,112,98.0,117.4,60,70.4,74.2,12,55.6
SIM-REQ-02231,SIMULATED,SIM-MRISK-2026.1,ENGG,0,POINT_OVERHAUL,3,MEDIUM,1,66.1,12.5,71.3,2,15,20,0,3,30,31,69.9,80,77.1,71.5,180,65.5,45.4,13,41.3
SIM-REQ-02232,SIMULATED,SIM-MRISK-2026.1,TRD,1,RAIL_REPLACEMENT,1,MEDIUM,1,65.3,8.8,90.3,1,18,-5,5,8,30,21,67.8,109,94.9,115.3,240,49.7,72.0,1,52.9
SIM-REQ-02233,SIMULATED,SIM-MRISK-2026.1,ENGG,0,RAIL_REPLACEMENT,1,MEDIUM,1,58.1,6.2,97.8,1,4,-9,9,9,180,268,88.5,51,55.2,158.6,90,51.5,71.7,12,54.9
SIM-REQ-02234,SIMULATED,SIM-MRISK-2026.1,SNT,2,RAIL_REPLACEMENT,1,HIGH,2,67.9,18.2,87.3,1,19,4,0,5,90,135,54.6,38,54.0,118.1,60,49.0,78.2,7,30.9
SIM-REQ-02235,SIMULATED,SIM-MRISK-2026.1,SNT,2,BALLAST_CLEANING,4,MEDIUM,1,77.5,3.4,80.9,2,40,11,0,4,45,63,56.7,74,75.1,76.8,180,62.6,37.0,10,46.1
SIM-REQ-02236,SIMULATED,SIM-MRISK-2026.1,ENGG,0,TRACK_TAMPING,0,HIGH,2,78.3,16.0,83.0,1,14,-13,13,3,45,37,73.8,33,48.8,75.5,120,46.4,60.9,13,49.5
SIM-REQ-02237,SIMULATED,SIM-MRISK-2026.1,ENGG,0,BALLAST_CLEANING,4,LOW,0,88.0,6.7,82.6,1,6,3,0,5,90,104,55.0,48,51.6,52.0,60,44.0,40.3,20,27.6
SIM-REQ-02238,SIMULATED,SIM-MRISK-2026.1,ENGG,0,OHE_INSPECTION,2,MEDIUM,1,60.0,26.5,38.4,2,3,9,0,6,45,49,82.3,100,88.3,157.7,240,67.0,88.7,19,38.9
SIM-REQ-02239,SIMULATED,SIM-MRISK-2026.1,TRD,1,TRACK_TAMPING,0,MEDIUM,1,56.7,9.1,79.9,1,8,1,0,3,180,18,76.5,33,38.3,79.7,240,51.8,39.7,23,33.1
SIM-REQ-02240,SIMULATED,SIM-MRISK-2026.1,TRD,1,TRACK_CIRCUIT,5,MEDIUM,1,84.9,12.1,39.3,2,4,13,0,6,45,11,48.6,36,48.3,97.6,60,60.8,46.7,4,29.6
SIM-REQ-02241,SIMULATED,SIM-MRISK-2026.1,TRD,1,TRACK_CIRCUIT,5,HIGH,2,85.0,3.6,59.1,1,11,12,0,4,45,31,48.2,70,70.0,46.5,90,44.8,48.7,0,32.3
SIM-REQ-02242,SIMULATED,SIM-MRISK-2026.1,ENGG,0,TRACK_CIRCUIT,5,LOW,0,57.8,21.8,67.1,1,2,8,0,2,30,39,90.5,34,43.9,34.1,150,51.5,41.2,14,24.6
SIM-REQ-02243,SIMULATED,SIM-MRISK-2026.1,ENGG,0,BALLAST_CLEANING,4,LOW,0,74.7,8.8,66.5,1,1,-10,10,4,90,11,95.8,24,31.2,85.7,90,47.3,74.9,1,42.8
SIM-REQ-02244,SIMULATED,SIM-MRISK-2026.1,SNT,2,TRACK_CIRCUIT,5,LOW,0,34.2,21.7,70.9,2,28,0,0,3,45,18,89.2,110,98.0,72.8,240,73.5,56.2,6,53.1
SIM-REQ-02245,SIMULATED,SIM-MRISK-2026.1,SNT,2,RAIL_REPLACEMENT,1,MEDIUM,1,60.5,9.6,72.8,2,4,2,0,6,90,37,62.1,114,98.0,134.5,180,66.9,39.1,9,45.8
SIM-REQ-02246,SIMULATED,SIM-MRISK-2026.1,OPTG,3,POINT_OVERHAUL,3,MEDIUM,1,62.4,10.1,84.6,2,29,5,0,1,60,15,55.5,89,79.7,28.4,240,66.4,61.0,17,46.8
SIM-REQ-02247,SIMULATED,SIM-MRISK-2026.1,TRD,1,POINT_OVERHAUL,3,HIGH,2,97.1,7.2,85.8,1,4,-15,15,5,45,39,78.2,85,78.6,98.8,120,41.7,82.1,11,52.6
SIM-REQ-02248,SIMULATED,SIM-MRISK-2026.1,SNT,2,RAIL_REPLACEMENT,1,MEDIUM,1,84.6,8.2,87.6,2,4,-4,4,7,60,85,62.3,21,40.7,92.3,120,60.9,38.9,17,43.2
SIM-REQ-02249,SIMULATED,SIM-MRISK-2026.1,TRD,1,TRACK_TAMPING,0,HIGH,2,53.3,17.3,51.1,1,19,13,0,1,180,144,63.1,23,31.6,30.1,60,52.7,85.7,19,24.6
SIM-REQ-02250,SIMULATED,SIM-MRISK-2026.1,ENGG,0,TRACK_CIRCUIT,5,MEDIUM,1,71.5,15.3,42.5,2,27,10,0,7,30,13,50.4,99,93.3,87.4,120,64.1,80.2,16,44.8
SIM-REQ-02251,SIMULATED,SIM-MRISK-2026.1,SNT,2,WELD_REPAIR,6,MEDIUM,1,88.5,5.0,54.3,1,4,-6,6,4,90,14,78.6,107,98.0,39.9,120,43.9,59.4,16,42.6
SIM-REQ-02252,SIMULATED,SIM-MRISK-2026.1,ENGG,0,TRACK_TAMPING,0,HIGH,2,77.3,10.5,64.5,2,6,10,0,3,90,130,85.7,33,45.0,33.8,240,62.7,50.4,23,26.5
SIM-REQ-02253,SIMULATED,SIM-MRISK-2026.1,ENGG,0,POINT_OVERHAUL,3,HIGH,2,74.8,4.7,94.7,1,3,9,0,2,90,102,52.7,27,48.2,42.5,240,47.3,40.1,18,26.4
SIM-REQ-02254,SIMULATED,SIM-MRISK-2026.1,SNT,2,POINT_OVERHAUL,3,MEDIUM,1,61.7,15.3,95.7,3,1,-2,2,2,30,21,71.3,59,58.9,50.6,120,82.6,59.6,17,57.5
SIM-REQ-02255,SIMULATED,SIM-MRISK-2026.1,ENGG,0,TRACK_TAMPING,0,HIGH,2,73.7,8.5,61.8,1,5,16,0,1,30,10,93.1,46,54.6,23.0,120,47.6,81.0,16,26.9
SIM-REQ-02256,SIMULATED,SIM-MRISK-2026.1,SNT,2,BALLAST_CLEANING,4,HIGH,2,57.5,15.1,82.5,1,0,-11,11,5,45,68,53.1,111,98.0,106.5,120,51.6,35.6,17,53.3
SIM-REQ-02257,SIMULATED,SIM-MRISK-2026.1,SNT,2,TRACK_TAMPING,0,MEDIUM,1,33.9,22.1,57.0,4,8,2,0,7,60,29,85.5,87,91.7,108.2,90,98.0,43.1,24,71.3
SIM-REQ-02258,SIMULATED,SIM-MRISK-2026.1,ENGG,0,OHE_INSPECTION,2,MEDIUM,1,78.0,6.4,41.1,1,31,-4,4,6,60,57,96.3,20,42.6,57.9,180,46.5,55.6,11,36.0
SIM-REQ-02259,SIMULATED,SIM-MRISK-2026.1,SNT,2,POINT_OVERHAUL,3,HIGH,2,42.0,11.7,76.2,3,15,-7,7,8,45,38,60.6,51,61.4,200.2,90,87.5,35.8,4,73.0
SIM-REQ-02260,SIMULATED,SIM-MRISK-2026.1,OPTG,3,OHE_INSPECTION,2,MEDIUM,1,66.0,13.0,42.1,1,10,-3,3,5,45,27,43.4,86,80.9,56.8,120,49.5,47.2,17,36.2
SIM-REQ-02261,SIMULATED,SIM-MRISK-2026.1,ENGG,0,TRACK_TAMPING,0,MEDIUM,1,52.0,6.0,56.5,3,22,7,0,2,45,16,90.6,65,60.7,35.3,60,85.0,89.3,4,51.9
SIM-REQ-02262,SIMULATED,SIM-MRISK-2026.1,SNT,2,OHE_INSPECTION,2,LOW,0,82.2,17.7,43.0,1,4,-2,2,5,45,35,65.7,25,54.2,127.1,60,45.5,57.4,2,33.8
SIM-REQ-02263,SIMULATED,SIM-MRISK-2026.1,TRD,1,TRACK_CIRCUIT,5,LOW,0,82.4,13.9,61.5,1,41,-17,17,6,180,286,61.6,89,82.2,116.8,150,45.4,41.4,12,49.2
SIM-REQ-02264,SIMULATED,SIM-MRISK-2026.1,TRD,1,WELD_REPAIR,6,MEDIUM,1,79.7,11.6,53.3,1,6,1,0,4,90,88,76.3,109,98.0,103.7,180,46.1,91.4,20,30.1
SIM-REQ-02265,SIMULATED,SIM-MRISK-2026.1,ENGG,0,RAIL_REPLACEMENT,1,LOW,0,78.8,10.8,81.2,1,0,20,0,5,45,37,52.3,67,66.2,101.1,240,46.3,70.8,17,25.2
SIM-REQ-02266,SIMULATED,SIM-MRISK-2026.1,ENGG,0,TRACK_CIRCUIT,5,LOW,0,70.0,14.0,33.7,2,21,8,0,3,60,20,57.4,42,53.3,86.0,240,64.5,49.9,12,30.2
SIM-REQ-02267,SIMULATED,SIM-MRISK-2026.1,ENGG,0,TRACK_CIRCUIT,5,LOW,0,77.1,4.8,55.2,1,17,0,0,5,90,99,49.8,83,82.2,100.2,60,46.7,92.5,21,34.3
SIM-REQ-02268,SIMULATED,SIM-MRISK-2026.1,SNT,2,POINT_OVERHAUL,3,LOW,0,79.0,8.4,91.7,1,9,0,0,6,30,44,73.4,67,71.2,68.9,90,46.2,63.6,22,35.4
SIM-REQ-02269,SIMULATED,SIM-MRISK-2026.1,ENGG,0,TRACK_CIRCUIT,5,MEDIUM,1,63.3,4.6,53.0,2,1,-8,8,8,90,131,62.9,62,63.4,109.9,90,66.2,37.2,5,53.2
SIM-REQ-02270,SIMULATED,SIM-MRISK-2026.1,OPTG,3,POINT_OVERHAUL,3,MEDIUM,1,83.6,4.2,95.1,2,2,9,0,9,45,41,59.0,95,94.3,225.5,90,61.1,79.1,22,44.8
SIM-REQ-02271,SIMULATED,SIM-MRISK-2026.1,TRD,1,OHE_INSPECTION,2,MEDIUM,1,84.3,6.0,40.0,1,12,-3,3,4,90,138,89.6,67,67.6,59.2,60,44.9,39.6,11,40.0
SIM-REQ-02272,SIMULATED,SIM-MRISK-2026.1,ENGG,0,OHE_INSPECTION,2,MEDIUM,1,69.8,10.3,72.5,2,27,23,0,4,45,48,76.0,97,84.1,51.4,90,64.5,73.8,19,36.7
SIM-REQ-02273,SIMULATED,SIM-MRISK-2026.1,ENGG,0,TRACK_TAMPING,0,MEDIUM,1,100.0,4.7,84.7,1,15,-8,8,3,180,45,82.4,56,57.8,71.7,90,41.0,53.0,18,39.3
SIM-REQ-02274,SIMULATED,SIM-MRISK-2026.1,ENGG,0,BALLAST_CLEANING,4,HIGH,2,77.7,5.2,74.2,1,20,22,0,4,45,48,58.5,92,78.6,51.1,150,46.6,66.0,20,30.8
SIM-REQ-02275,SIMULATED,SIM-MRISK-2026.1,ENGG,0,POINT_OVERHAUL,3,MEDIUM,1,67.0,17.3,82.8,1,25,-1,1,3,30,31,91.6,57,61.9,57.1,120,49.2,42.8,11,38.9
SIM-REQ-02276,SIMULATED,SIM-MRISK-2026.1,ENGG,0,POINT_OVERHAUL,3,MEDIUM,1,57.3,15.8,82.9,3,7,-13,13,4,180,111,73.0,83,77.0,79.5,180,83.7,69.4,16,73.9
SIM-REQ-02277,SIMULATED,SIM-MRISK-2026.1,SNT,2,TRACK_TAMPING,0,MEDIUM,1,43.6,16.1,78.0,1,20,-2,2,2,180,176,41.0,94,88.3,50.9,150,55.1,70.7,13,45.6
SIM-REQ-02278,SIMULATED,SIM-MRISK-2026.1,ENGG,0,TRACK_CIRCUIT,5,MEDIUM,1,59.2,11.5,45.6,2,9,2,0,6,60,85,73.5,100,90.0,149.7,60,67.2,78.4,22,45.0
SIM-REQ-02279,SIMULATED,SIM-MRISK-2026.1,ENGG,0,RAIL_REPLACEMENT,1,MEDIUM,1,49.8,23.9,71.2,1,5,4,0,9,45,55,59.8,107,95.6,215.0,180,53.5,76.0,17,44.4
SIM-REQ-02280,SIMULATED,SIM-MRISK-2026.1,ENGG,0,TRACK_TAMPING,0,MEDIUM,1,61.4,18.6,50.4,1,3,5,0,3,90,139,43.1,91,80.9,41.6,60,50.6,79.9,0,27.7
SIM-REQ-02281,SIMULATED,SIM-MRISK-2026.1,OPTG,3,POINT_OVERHAUL,3,HIGH,2,67.3,16.7,81.8,1,14,4,0,5,30,42,65.6,73,70.1,61.7,180,49.2,79.5,12,33.1
SIM-REQ-02282,SIMULATED,SIM-MRISK-2026.1,TRD,1,RAIL_REPLACEMENT,1,MEDIUM,1,36.5,20.3,70.4,1,13,9,0,6,180,79,71.4,106,98.0,160.2,180,56.9,76.6,12,41.6
SIM-REQ-02283,SIMULATED,SIM-MRISK-2026.1,TRD,1,TRACK_CIRCUIT,5,HIGH,2,65.8,7.7,33.5,1,14,11,0,7,90,90,52.7,79,87.3,103.5,60,49.5,56.9,18,26.8
SIM-REQ-02284,SIMULATED,SIM-MRISK-2026.1,ENGG,0,TRACK_CIRCUIT,5,MEDIUM,1,69.7,9.4,67.6,1,1,13,0,5,60,95,91.6,80,77.2,86.8,60,48.6,65.6,17,27.0
SIM-REQ-02285,SIMULATED,SIM-MRISK-2026.1,OPTG,3,POINT_OVERHAUL,3,MEDIUM,1,43.9,38.0,96.4,2,2,13,0,3,180,287,48.9,97,89.3,78.5,180,71.0,69.6,18,47.8
SIM-REQ-02286,SIMULATED,SIM-MRISK-2026.1,ENGG,0,TRACK_CIRCUIT,5,HIGH,2,81.9,9.6,64.2,1,5,17,0,3,180,247,59.7,86,83.8,31.9,120,45.5,85.1,5,25.6
SIM-REQ-02287,SIMULATED,SIM-MRISK-2026.1,OPTG,3,BALLAST_CLEANING,4,LOW,0,57.4,8.8,57.5,2,0,7,0,4,60,65,44.5,46,63.0,54.6,90,67.7,69.8,17,35.4
SIM-REQ-02288,SIMULATED,SIM-MRISK-2026.1,ENGG,0,BALLAST_CLEANING,4,MEDIUM,1,59.0,13.6,60.2,1,43,13,0,8,30,35,95.3,41,53.3,84.1,90,51.2,46.7,16,29.5
SIM-REQ-02289,SIMULATED,SIM-MRISK-2026.1,SNT,2,RAIL_REPLACEMENT,1,MEDIUM,1,86.6,1.6,70.1,1,6,-5,5,5,30,41,89.4,41,60.0,85.4,180,44.4,41.6,14,43.6
SIM-REQ-02290,SIMULATED,SIM-MRISK-2026.1,ENGG,0,WELD_REPAIR,6,MEDIUM,1,78.0,12.0,58.5,1,2,11,0,4,180,219,48.1,83,81.8,98.5,240,46.5,39.3,22,25.9
SIM-REQ-02291,SIMULATED,SIM-MRISK-2026.1,TRD,1,TRACK_TAMPING,0,HIGH,2,84.6,3.9,61.5,1,17,-4,4,7,30,19,86.1,34,49.1,129.0,240,44.9,87.1,21,32.6
SIM-REQ-02292,SIMULATED,SIM-MRISK-2026.1,TRD,1,OHE_INSPECTION,2,HIGH,2,60.0,12.9,52.1,1,0,-6,6,4,30,30,60.2,57,57.5,109.9,240,51.0,41.8,8,39.4
SIM-REQ-02293,SIMULATED,SIM-MRISK-2026.1,OPTG,3,TRACK_CIRCUIT,5,MEDIUM,1,75.2,13.5,67.6,1,4,-5,5,11,180,171,68.6,100,86.8,267.4,150,47.2,54.1,21,50.1
SIM-REQ-02294,SIMULATED,SIM-MRISK-2026.1,TRD,1,POINT_OVERHAUL,3,HIGH,2,54.8,16.4,83.2,3,3,0,0,4,45,23,59.0,34,46.6,95.0,90,84.3,62.5,1,49.2
SIM-REQ-02295,SIMULATED,SIM-MRISK-2026.1,OPTG,3,WELD_REPAIR,6,MEDIUM,1,59.0,15.4,75.1,3,29,7,0,3,60,10,96.2,39,48.8,48.3,180,83.2,64.4,15,55.4
SIM-REQ-02296,SIMULATED,SIM-MRISK-2026.1,ENGG,0,POINT_OVERHAUL,3,LOW,0,78.6,7.0,75.6,2,24,-5,5,5,45,30,78.6,87,76.0,75.1,180,62.4,39.9,17,60.6
SIM-REQ-02297,SIMULATED,SIM-MRISK-2026.1,ENGG,0,TRACK_TAMPING,0,LOW,0,51.5,16.8,74.0,3,24,6,0,7,45,63,67.5,31,42.4,82.8,120,85.1,86.4,0,53.4
SIM-REQ-02298,SIMULATED,SIM-MRISK-2026.1,TRD,1,TRACK_CIRCUIT,5,LOW,0,74.9,10.2,54.9,1,6,-2,2,8,90,93,55.9,76,73.2,75.3,60,47.3,81.3,14,36.0
SIM-REQ-02299,SIMULATED,SIM-MRISK-2026.1,OPTG,3,OHE_INSPECTION,2,MEDIUM,1,91.1,9.4,49.9,1,51,4,0,0,90,63,62.9,99,87.1,3.6,240,43.2,53.0,12,29.3
SIM-REQ-02300,SIMULATED,SIM-MRISK-2026.1,SNT,2,OHE_INSPECTION,2,MEDIUM,1,69.4,12.3,55.8,2,16,-8,8,3,180,175,68.6,99,97.4,61.9,150,64.7,84.5,5,61.6
SIM-REQ-02301,SIMULATED,SIM-MRISK-2026.1,TRD,1,WELD_REPAIR,6,LOW,0,21.3,33.6,72.5,3,1,0,0,4,45,10,90.0,35,48.8,119.9,180,92.7,43.4,15,61.4
SIM-REQ-02302,SIMULATED,SIM-MRISK-2026.1,ENGG,0,TRACK_CIRCUIT,5,MEDIUM,1,72.7,2.2,49.0,1,4,-10,10,5,45,51,48.7,97,94.6,134.4,180,47.8,54.0,8,47.6
SIM-REQ-02303,SIMULATED,SIM-MRISK-2026.1,TRD,1,WELD_REPAIR,6,MEDIUM,1,79.2,7.9,59.7,1,1,-1,1,5,30,33,40.1,97,88.2,77.0,60,46.2,58.6,11,34.9
SIM-REQ-02304,SIMULATED,SIM-MRISK-2026.1,TRD,1,TRACK_TAMPING,0,HIGH,2,85.8,5.5,62.6,1,15,12,0,5,180,107,90.9,104,82.4,73.1,60,44.5,81.8,14,28.1
SIM-REQ-02305,SIMULATED,SIM-MRISK-2026.1,SNT,2,BALLAST_CLEANING,4,MEDIUM,1,79.5,6.2,50.2,1,3,7,0,8,60,86,59.0,28,30.3,146.3,180,46.1,36.5,23,23.1
SIM-REQ-02306,SIMULATED,SIM-MRISK-2026.1,ENGG,0,TRACK_TAMPING,0,MEDIUM,1,86.0,2.9,74.5,1,3,0,0,4,180,201,54.6,58,65.6,99.7,60,44.5,40.1,8,27.6
SIM-REQ-02307,SIMULATED,SIM-MRISK-2026.1,ENGG,0,WELD_REPAIR,6,MEDIUM,1,82.1,4.2,51.8,2,32,10,0,4,180,55,90.4,84,76.4,65.5,90,61.5,79.3,3,35.3
SIM-REQ-02308,SIMULATED,SIM-MRISK-2026.1,ENGG,0,BALLAST_CLEANING,4,MEDIUM,1,74.0,5.4,52.5,2,20,-18,18,5,60,48,82.9,28,35.8,60.3,120,63.5,52.9,2,49.8
SIM-REQ-02309,SIMULATED,SIM-MRISK-2026.1,ENGG,0,POINT_OVERHAUL,3,MEDIUM,1,81.9,7.6,72.7,1,0,14,0,1,60,31,94.6,38,43.2,22.8,240,45.5,85.1,2,22.6
SIM-REQ-02310,SIMULATED,SIM-MRISK-2026.1,ENGG,0,BALLAST_CLEANING,4,HIGH,2,62.3,8.4,57.5,1,0,-4,4,7,90,29,60.3,60,60.4,94.9,90,50.4,76.0,13,42.5
SIM-REQ-02311,SIMULATED,SIM-MRISK-2026.1,ENGG,0,TRACK_TAMPING,0,MEDIUM,1,70.6,6.9,60.8,2,16,-6,6,3,45,28,81.5,63,65.6,79.4,180,64.3,81.1,1,49.5
SIM-REQ-02312,SIMULATED,SIM-MRISK-2026.1,TRD,1,RAIL_REPLACEMENT,1,MEDIUM,1,59.1,12.2,80.7,1,41,24,0,8,45,15,52.8,39,45.7,201.9,120,51.2,59.1,5,30.7
SIM-REQ-02313,SIMULATED,SIM-MRISK-2026.1,ENGG,0,BALLAST_CLEANING,4,MEDIUM,1,80.9,15.4,68.8,1,4,7,0,5,180,21,79.9,113,85.6,57.5,180,45.8,59.1,14,29.9
SIM-REQ-02314,SIMULATED,SIM-MRISK-2026.1,TRD,1,TRACK_CIRCUIT,5,MEDIUM,1,81.1,12.8,62.0,1,8,23,0,2,45,37,82.2,88,76.7,38.7,60,45.7,83.0,19,25.5
SIM-REQ-02315,SIMULATED,SIM-MRISK-2026.1,SNT,2,TRACK_CIRCUIT,5,MEDIUM,1,85.4,6.5,38.5,1,2,7,0,4,60,79,94.9,38,52.8,90.3,240,44.6,60.2,4,19.5
SIM-REQ-02316,SIMULATED,SIM-MRISK-2026.1,ENGG,0,BALLAST_CLEANING,4,MEDIUM,1,91.1,9.4,60.6,2,5,1,0,5,60,69,40.1,38,54.1,55.9,120,59.2,65.5,9,29.9
SIM-REQ-02317,SIMULATED,SIM-MRISK-2026.1,SNT,2,TRACK_CIRCUIT,5,LOW,0,75.4,20.1,54.2,1,5,8,0,5,60,90,75.0,95,84.7,73.1,60,47.1,41.2,4,30.6
SIM-REQ-02318,SIMULATED,SIM-MRISK-2026.1,OPTG,3,POINT_OVERHAUL,3,HIGH,2,34.4,24.1,73.9,2,3,14,0,6,60,24,49.8,82,78.7,110.9,60,73.4,83.1,24,41.3
SIM-REQ-02319,SIMULATED,SIM-MRISK-2026.1,TRD,1,RAIL_REPLACEMENT,1,MEDIUM,1,67.2,10.6,79.3,1,20,4,0,3,180,85,40.2,20,38.4,71.7,60,49.2,78.0,1,27.1
SIM-REQ-02320,SIMULATED,SIM-MRISK-2026.1,TRD,1,POINT_OVERHAUL,3,MEDIUM,1,65.8,11.6,90.0,1,23,0,0,8,90,127,40.2,101,93.4,113.9,90,49.5,44.1,7,45.1
SIM-REQ-02321,SIMULATED,SIM-MRISK-2026.1,SNT,2,WELD_REPAIR,6,MEDIUM,1,94.6,5.5,54.9,2,20,-4,4,6,45,67,63.3,76,72.8,129.0,150,58.4,64.1,9,44.0
SIM-REQ-02322,SIMULATED,SIM-MRISK-2026.1,ENGG,0,BALLAST_CLEANING,4,LOW,0,45.8,24.3,67.1,1,8,16,0,7,30,12,65.5,95,83.1,109.2,60,54.5,49.4,22,36.8
SIM-REQ-02323,SIMULATED,SIM-MRISK-2026.1,TRD,1,TRACK_TAMPING,0,MEDIUM,1,85.8,3.1,63.2,2,4,8,0,3,45,45,50.1,85,72.0,31.7,90,60.5,69.9,7,38.0
SIM-REQ-02324,SIMULATED,SIM-MRISK-2026.1,ENGG,0,POINT_OVERHAUL,3,MEDIUM,1,71.5,6.9,85.0,2,7,18,0,9,45,36,90.6,82,87.4,101.6,150,64.1,79.4,24,40.4
SIM-REQ-02325,SIMULATED,SIM-MRISK-2026.1,SNT,2,TRACK_CIRCUIT,5,MEDIUM,1,69.5,9.7,63.3,1,60,9,0,8,90,34,52.5,105,94.0,191.7,90,48.6,36.6,19,37.6
SIM-REQ-02326,SIMULATED,SIM-MRISK-2026.1,TRD,1,WELD_REPAIR,6,HIGH,2,72.2,7.1,71.2,1,3,24,0,5,30,32,87.1,103,93.5,120.1,90,48.0,37.9,18,35.5
SIM-REQ-02327,SIMULATED,SIM-MRISK-2026.1,SNT,2,POINT_OVERHAUL,3,LOW,0,54.6,15.6,88.6,2,1,1,0,4,180,96,58.5,24,45.2,60.2,90,68.3,41.5,3,36.6
SIM-REQ-02328,SIMULATED,SIM-MRISK-2026.1,TRD,1,WELD_REPAIR,6,HIGH,2,62.4,17.5,83.2,2,29,-6,6,6,45,40,74.7,63,62.4,75.5,120,66.4,36.2,5,56.5
SIM-REQ-02329,SIMULATED,SIM-MRISK-2026.1,OPTG,3,TRACK_CIRCUIT,5,MEDIUM,1,84.8,7.1,33.8,1,14,8,0,2,90,124,78.2,86,78.3,44.3,90,44.8,74.8,17,22.5
SIM-REQ-02330,SIMULATED,SIM-MRISK-2026.1,TRD,1,POINT_OVERHAUL,3,MEDIUM,1,47.3,11.6,92.2,2,16,-9,9,7,60,44,67.5,108,97.6,93.7,150,70.2,72.4,14,71.9
SIM-REQ-02331,SIMULATED,SIM-MRISK-2026.1,TRD,1,WELD_REPAIR,6,LOW,0,72.1,4.3,70.6,2,1,7,0,5,30,25,85.3,73,73.6,116.9,90,64.0,60.2,9,39.6
SIM-REQ-02332,SIMULATED,SIM-MRISK-2026.1,ENGG,0,RAIL_REPLACEMENT,1,MEDIUM,1,80.2,8.7,78.3,1,15,-9,9,4,30,12,79.7,54,51.7,92.0,60,46.0,53.3,7,45.5
SIM-REQ-02333,SIMULATED,SIM-MRISK-2026.1,TRD,1,WELD_REPAIR,6,MEDIUM,1,49.8,27.5,59.0,1,18,24,0,4,90,89,88.4,67,60.1,79.0,180,53.5,41.8,23,32.3
SIM-REQ-02334,SIMULATED,SIM-MRISK-2026.1,OPTG,3,WELD_REPAIR,6,MEDIUM,1,76.6,11.7,75.7,2,17,7,0,4,90,63,80.7,103,92.0,77.8,60,62.9,79.3,18,45.5
SIM-REQ-02335,SIMULATED,SIM-MRISK-2026.1,ENGG,0,RAIL_REPLACEMENT,1,LOW,0,76.8,6.8,72.8,1,13,21,0,4,180,76,69.7,30,49.1,54.2,60,46.8,35.4,21,22.5
SIM-REQ-02336,SIMULATED,SIM-MRISK-2026.1,TRD,1,WELD_REPAIR,6,MEDIUM,1,73.1,6.3,65.3,2,5,9,0,3,30,39,66.5,23,31.0,84.7,120,63.7,58.2,24,32.4
SIM-REQ-02337,SIMULATED,SIM-MRISK-2026.1,SNT,2,WELD_REPAIR,6,HIGH,2,73.6,16.1,62.6,2,3,5,0,5,45,64,77.1,52,62.1,120.1,240,63.6,41.5,0,41.3
SIM-REQ-02338,SIMULATED,SIM-MRISK-2026.1,ENGG,0,RAIL_REPLACEMENT,1,MEDIUM,1,67.7,12.0,74.6,2,2,0,0,6,45,66,94.7,41,51.9,143.4,90,65.1,84.3,1,37.7
SIM-REQ-02339,SIMULATED,SIM-MRISK-2026.1,ENGG,0,OHE_INSPECTION,2,MEDIUM,1,59.4,14.8,59.6,2,0,8,0,5,60,64,87.9,110,89.0,121.0,180,67.2,76.7,0,39.6
SIM-REQ-02340,SIMULATED,SIM-MRISK-2026.1,TRD,1,TRACK_CIRCUIT,5,MEDIUM,1,80.2,10.3,61.8,1,45,0,0,3,90,14,85.6,52,50.8,62.2,150,46.0,63.6,19,29.3
SIM-REQ-02341,SIMULATED,SIM-MRISK-2026.1,ENGG,0,OHE_INSPECTION,2,HIGH,2,93.7,1.4,44.5,1,4,6,0,4,180,39,92.4,56,55.9,71.4,240,42.6,64.0,9,24.9
SIM-REQ-02342,SIMULATED,SIM-MRISK-2026.1,TRD,1,RAIL_REPLACEMENT,1,MEDIUM,1,91.5,4.1,78.5,1,8,11,0,6,180,284,50.4,106,92.2,64.1,90,43.1,44.3,9,34.4
SIM-REQ-02343,SIMULATED,SIM-MRISK-2026.1,TRD,1,WELD_REPAIR,6,MEDIUM,1,92.1,8.1,75.7,1,8,2,0,6,90,105,80.6,78,78.6,64.0,120,43.0,55.1,13,32.8
SIM-REQ-02344,SIMULATED,SIM-MRISK-2026.1,ENGG,0,TRACK_CIRCUIT,5,LOW,0,32.8,13.5,74.1,4,5,5,0,5,60,89,47.5,99,90.3,110.5,90,98.0,37.7,0,74.0
SIM-REQ-02345,SIMULATED,SIM-MRISK-2026.1,ENGG,0,TRACK_CIRCUIT,5,HIGH,2,85.0,11.3,61.4,1,15,34,0,8,45,62,96.3,93,87.8,170.0,60,44.8,94.3,5,25.8
SIM-REQ-02346,SIMULATED,SIM-MRISK-2026.1,ENGG,0,RAIL_REPLACEMENT,1,HIGH,2,87.6,5.5,74.3,2,13,17,0,4,90,41,60.4,75,73.1,99.5,180,60.1,88.4,11,38.5
SIM-REQ-02347,SIMULATED,SIM-MRISK-2026.1,SNT,2,POINT_OVERHAUL,3,MEDIUM,1,66.2,5.9,89.1,1,8,8,0,5,180,82,85.4,43,53.8,56.8,240,49.5,60.7,5,28.4
SIM-REQ-02348,SIMULATED,SIM-MRISK-2026.1,SNT,2,TRACK_TAMPING,0,LOW,0,53.4,20.3,76.4,3,9,5,0,2,45,24,97.3,88,77.9,55.1,120,84.7,58.1,6,55.2
SIM-REQ-02349,SIMULATED,SIM-MRISK-2026.1,ENGG,0,TRACK_TAMPING,0,MEDIUM,1,72.0,4.3,65.7,1,37,10,0,10,60,30,73.6,61,56.4,248.0,180,48.0,77.0,22,28.5
SIM-REQ-02350,SIMULATED,SIM-MRISK-2026.1,ENGG,0,TRACK_TAMPING,0,MEDIUM,1,91.3,10.6,73.5,1,22,5,0,4,30,21,45.4,78,66.3,43.5,60,43.2,68.5,9,27.3
SIM-REQ-02351,SIMULATED,SIM-MRISK-2026.1,ENGG,0,WELD_REPAIR,6,MEDIUM,1,97.6,4.9,64.7,1,30,11,0,4,180,30,43.2,78,67.3,95.3,60,41.6,49.3,14,24.8
SIM-REQ-02352,SIMULATED,SIM-MRISK-2026.1,TRD,1,TRACK_TAMPING,0,LOW,0,82.1,3.9,51.4,1,13,4,0,5,60,87,88.1,100,85.1,124.5,240,45.5,44.9,16,31.8
SIM-REQ-02353,SIMULATED,SIM-MRISK-2026.1,ENGG,0,WELD_REPAIR,6,MEDIUM,1,73.3,2.4,79.7,1,36,16,0,7,45,26,96.7,41,49.9,165.0,240,47.7,55.4,23,26.6
SIM-REQ-02354,SIMULATED,SIM-MRISK-2026.1,ENGG,0,TRACK_TAMPING,0,MEDIUM,1,59.8,10.7,55.1,1,14,14,0,6,90,80,67.3,85,86.5,138.4,240,51.0,56.9,18,22.7
SIM-REQ-02355,SIMULATED,SIM-MRISK-2026.1,TRD,1,RAIL_REPLACEMENT,1,MEDIUM,1,100.0,2.9,84.4,1,1,20,0,3,30,26,74.8,110,98.0,40.1,240,41.0,69.0,1,28.4
SIM-REQ-02356,SIMULATED,SIM-MRISK-2026.1,ENGG,0,RAIL_REPLACEMENT,1,HIGH,2,66.3,14.6,93.1,2,14,-4,4,5,45,28,64.7,105,90.0,57.5,180,65.4,74.1,21,58.9
SIM-REQ-02357,SIMULATED,SIM-MRISK-2026.1,TRD,1,BALLAST_CLEANING,4,HIGH,2,58.7,19.9,57.0,1,10,9,0,2,30,40,72.6,32,45.4,58.7,150,51.3,81.7,23,24.1
SIM-REQ-02358,SIMULATED,SIM-MRISK-2026.1,OPTG,3,TRACK_TAMPING,0,MEDIUM,1,92.9,4.0,57.2,1,6,5,0,1,45,25,73.5,37,55.1,26.7,60,42.8,94.8,20,24.6
SIM-REQ-02359,SIMULATED,SIM-MRISK-2026.1,ENGG,0,RAIL_REPLACEMENT,1,HIGH,2,70.3,13.6,76.9,1,5,-4,4,1,30,19,73.0,62,57.3,27.3,120,48.4,87.1,20,34.4
SIM-REQ-02360,SIMULATED,SIM-MRISK-2026.1,ENGG,0,RAIL_REPLACEMENT,1,MEDIUM,1,60.6,12.9,84.9,1,23,0,0,6,180,70,67.4,113,98.0,149.6,240,50.9,54.2,6,40.2
SIM-REQ-02361,SIMULATED,SIM-MRISK-2026.1,TRD,1,OHE_INSPECTION,2,MEDIUM,1,62.2,2.7,33.5,2,30,-1,1,5,60,39,42.5,107,98.0,115.9,150,66.5,70.8,10,47.4
SIM-REQ-02362,SIMULATED,SIM-MRISK-2026.1,TRD,1,TRACK_CIRCUIT,5,LOW,0,64.2,7.0,65.0,1,51,6,0,4,180,54,66.7,40,51.7,50.5,60,50.0,35.0,6,28.1
SIM-REQ-02363,SIMULATED,SIM-MRISK-2026.1,SNT,2,POINT_OVERHAUL,3,MEDIUM,1,50.2,14.1,81.1,2,32,-22,22,5,30,12,78.2,90,88.8,110.5,60,69.5,90.1,20,64.2
SIM-REQ-02364,SIMULATED,SIM-MRISK-2026.1,TRD,1,TRACK_CIRCUIT,5,LOW,0,65.6,8.2,32.7,2,12,5,0,4,90,81,44.9,56,64.3,70.5,90,65.6,74.2,22,31.9
SIM-REQ-02365,SIMULATED,SIM-MRISK-2026.1,TRD,1,OHE_INSPECTION,2,LOW,0,87.6,6.5,67.5,2,11,12,0,3,180,208,45.8,87,91.8,47.3,180,60.1,63.3,19,43.8
SIM-REQ-02366,SIMULATED,SIM-MRISK-2026.1,TRD,1,POINT_OVERHAUL,3,MEDIUM,1,92.3,5.2,80.4,1,9,12,0,3,45,68,49.3,48,51.3,45.1,180,42.9,81.5,13,26.0
SIM-REQ-02367,SIMULATED,SIM-MRISK-2026.1,OPTG,3,RAIL_REPLACEMENT,1,MEDIUM,1,71.8,5.3,70.4,1,3,1,0,5,60,58,72.9,40,61.2,99.4,240,48.0,51.7,5,31.6
SIM-REQ-02368,SIMULATED,SIM-MRISK-2026.1,TRD,1,POINT_OVERHAUL,3,MEDIUM,1,69.8,6.3,96.9,2,25,12,0,6,30,29,95.5,37,57.3,83.6,240,64.5,62.5,0,41.8
SIM-REQ-02369,SIMULATED,SIM-MRISK-2026.1,ENGG,0,RAIL_REPLACEMENT,1,HIGH,2,78.7,14.2,73.0,2,16,2,0,1,60,76,86.3,60,64.3,17.0,60,62.3,53.7,9,36.4
SIM-REQ-02370,SIMULATED,SIM-MRISK-2026.1,TRD,1,TRACK_TAMPING,0,HIGH,2,71.4,10.6,75.5,1,57,8,0,4,90,27,82.7,51,54.9,63.6,60,48.1,91.5,22,31.5
SIM-REQ-02371,SIMULATED,SIM-MRISK-2026.1,ENGG,0,RAIL_REPLACEMENT,1,MEDIUM,1,85.4,8.2,75.3,1,5,14,0,5,30,13,94.9,20,28.5,65.4,180,44.6,63.9,19,23.5
SIM-REQ-02372,SIMULATED,SIM-MRISK-2026.1,ENGG,0,OHE_INSPECTION,2,MEDIUM,1,69.3,3.9,47.5,1,13,15,0,8,30,38,67.9,47,59.4,186.8,90,48.7,38.1,21,28.1
SIM-REQ-02373,SIMULATED,SIM-MRISK-2026.1,TRD,1,BALLAST_CLEANING,4,MEDIUM,1,93.1,4.8,68.5,1,8,6,0,3,60,50,69.4,38,54.9,65.7,180,42.7,64.5,20,23.7
SIM-REQ-02374,SIMULATED,SIM-MRISK-2026.1,ENGG,0,OHE_INSPECTION,2,MEDIUM,1,50.1,12.9,73.8,1,17,5,0,4,45,54,40.3,35,48.9,106.0,120,53.5,45.5,15,25.7
SIM-REQ-02375,SIMULATED,SIM-MRISK-2026.1,SNT,2,POINT_OVERHAUL,3,HIGH,2,84.1,6.4,71.2,1,6,26,0,6,180,73,88.4,96,87.4,124.5,240,45.0,84.6,9,27.9
SIM-REQ-02376,SIMULATED,SIM-MRISK-2026.1,SNT,2,WELD_REPAIR,6,MEDIUM,1,71.8,5.5,67.4,1,15,11,0,4,30,47,59.5,89,79.8,93.4,90,48.0,79.8,13,32.7
SIM-REQ-02377,SIMULATED,SIM-MRISK-2026.1,ENGG,0,TRACK_CIRCUIT,5,HIGH,2,61.6,13.1,33.5,1,18,5,0,6,180,110,48.6,114,98.0,112.1,240,50.6,52.3,9,34.3
SIM-REQ-02378,SIMULATED,SIM-MRISK-2026.1,ENGG,0,RAIL_REPLACEMENT,1,MEDIUM,1,95.4,3.3,72.4,2,5,1,0,6,90,33,82.8,55,56.8,89.3,60,58.1,44.7,15,36.5
SIM-REQ-02379,SIMULATED,SIM-MRISK-2026.1,OPTG,3,TRACK_TAMPING,0,LOW,0,72.8,14.5,70.0,2,2,14,0,12,90,34,44.4,100,98.0,198.4,180,63.8,54.6,1,43.3
SIM-REQ-02380,SIMULATED,SIM-MRISK-2026.1,TRD,1,WELD_REPAIR,6,LOW,0,84.4,4.6,55.6,1,16,0,0,7,45,17,87.1,35,33.2,176.1,240,44.9,70.8,10,23.1
SIM-REQ-02381,SIMULATED,SIM-MRISK-2026.1,ENGG,0,BALLAST_CLEANING,4,MEDIUM,1,53.9,14.5,65.4,2,28,-8,8,2,60,52,72.7,51,59.6,68.4,120,68.5,69.2,22,56.2
SIM-REQ-02382,SIMULATED,SIM-MRISK-2026.1,SNT,2,TRACK_CIRCUIT,5,MEDIUM,1,57.1,19.1,69.5,1,4,-9,9,4,60,21,65.4,105,94.8,59.3,120,51.7,71.5,14,57.3
SIM-REQ-02383,SIMULATED,SIM-MRISK-2026.1,OPTG,3,BALLAST_CLEANING,4,MEDIUM,1,100.0,12.3,66.0,1,29,0,0,6,45,22,80.2,104,97.1,110.5,180,41.0,44.9,22,33.3
SIM-REQ-02384,SIMULATED,SIM-MRISK-2026.1,ENGG,0,TRACK_CIRCUIT,5,LOW,0,86.0,9.3,54.9,1,6,9,0,6,60,93,94.1,33,48.9,146.8,240,44.5,40.1,19,29.8
SIM-REQ-02385,SIMULATED,SIM-MRISK-2026.1,TRD,1,POINT_OVERHAUL,3,LOW,0,87.0,10.7,89.5,1,11,15,0,1,30,20,95.0,73,74.2,21.7,60,44.2,40.1,11,26.4
SIM-REQ-02386,SIMULATED,SIM-MRISK-2026.1,TRD,1,RAIL_REPLACEMENT,1,HIGH,2,57.7,20.2,84.8,1,24,5,0,6,30,40,64.4,100,94.8,85.8,120,51.6,58.4,23,45.0
SIM-REQ-02387,SIMULATED,SIM-MRISK-2026.1,TRD,1,TRACK_TAMPING,0,MEDIUM,1,93.4,3.7,51.8,1,36,15,0,6,30,12,97.5,73,73.7,151.6,150,42.6,91.1,5,26.6
SIM-REQ-02388,SIMULATED,SIM-MRISK-2026.1,TRD,1,RAIL_REPLACEMENT,1,MEDIUM,1,59.3,12.2,97.5,2,12,-25,25,12,90,39,94.7,89,86.6,314.9,90,67.2,63.4,3,63.9
SIM-REQ-02389,SIMULATED,SIM-MRISK-2026.1,TRD,1,BALLAST_CLEANING,4,LOW,0,67.5,8.0,63.1,1,1,2,0,3,30,45,57.6,105,91.2,55.0,60,49.1,62.9,11,34.2
SIM-REQ-02390,SIMULATED,SIM-MRISK-2026.1,SNT,2,POINT_OVERHAUL,3,HIGH,2,70.2,4.9,82.0,2,41,13,0,5,60,45,90.2,81,81.0,61.7,90,64.5,38.5,12,49.7
SIM-REQ-02391,SIMULATED,SIM-MRISK-2026.1,SNT,2,RAIL_REPLACEMENT,1,LOW,0,32.5,17.0,89.8,4,4,22,0,7,180,139,84.7,60,63.5,170.9,240,98.0,81.6,12,64.9
SIM-REQ-02392,SIMULATED,SIM-MRISK-2026.1,TRD,1,OHE_INSPECTION,2,MEDIUM,1,75.3,10.7,37.2,1,1,25,0,7,90,132,95.6,110,91.7,168.6,90,47.2,36.0,10,22.7
SIM-REQ-02393,SIMULATED,SIM-MRISK-2026.1,ENGG,0,BALLAST_CLEANING,4,LOW,0,63.9,11.9,62.4,2,10,7,0,6,30,19,95.8,20,34.2,65.0,180,66.0,42.7,8,36.5
SIM-REQ-02394,SIMULATED,SIM-MRISK-2026.1,TRD,1,POINT_OVERHAUL,3,HIGH,2,60.3,4.9,91.6,2,16,-4,4,5,180,163,83.9,59,65.2,121.4,240,66.9,81.2,15,57.4
SIM-REQ-02395,SIMULATED,SIM-MRISK-2026.1,SNT,2,POINT_OVERHAUL,3,MEDIUM,1,83.5,5.1,80.9,1,8,12,0,9,45,60,90.3,99,90.9,134.8,120,45.1,93.7,17,35.6
SIM-REQ-02396,SIMULATED,SIM-MRISK-2026.1,ENGG,0,POINT_OVERHAUL,3,MEDIUM,1,59.1,17.8,70.8,3,3,-3,3,6,90,53,54.5,84,80.0,149.6,90,83.2,88.9,9,59.8
SIM-REQ-02397,SIMULATED,SIM-MRISK-2026.1,OPTG,3,RAIL_REPLACEMENT,1,LOW,0,82.4,18.8,82.4,1,3,17,0,3,60,74,89.9,54,51.6,75.7,180,45.4,71.7,1,27.0
SIM-REQ-02398,SIMULATED,SIM-MRISK-2026.1,ENGG,0,OHE_INSPECTION,2,MEDIUM,1,98.6,7.8,34.6,2,17,-4,4,4,90,46,63.1,62,73.7,36.0,240,57.4,85.8,10,48.0
SIM-REQ-02399,SIMULATED,SIM-MRISK-2026.1,TRD,1,RAIL_REPLACEMENT,1,MEDIUM,1,66.2,7.0,75.7,1,41,9,0,4,30,18,90.8,44,55.5,67.0,90,49.5,92.0,13,26.9
SIM-REQ-02400,SIMULATED,SIM-MRISK-2026.1,ENGG,0,TRACK_TAMPING,0,MEDIUM,1,84.0,6.9,83.5,1,3,14,0,7,180,52,41.3,24,42.3,67.4,60,45.0,88.4,16,25.2
SIM-REQ-02401,SIMULATED,SIM-MRISK-2026.1,ENGG,0,BALLAST_CLEANING,4,MEDIUM,1,51.2,16.5,60.7,1,10,6,0,2,45,67,60.4,91,80.4,64.4,150,53.2,67.7,14,36.8
SIM-REQ-02402,SIMULATED,SIM-MRISK-2026.1,TRD,1,TRACK_CIRCUIT,5,LOW,0,82.2,6.1,55.3,1,2,18,0,5,180,66,66.5,72,72.8,111.1,120,45.5,47.6,8,26.7
SIM-REQ-02403,SIMULATED,SIM-MRISK-2026.1,TRD,1,RAIL_REPLACEMENT,1,LOW,0,85.2,7.8,76.4,1,8,17,0,5,45,51,73.7,92,83.6,112.5,60,44.7,93.4,14,26.0
SIM-REQ-02404,SIMULATED,SIM-MRISK-2026.1,SNT,2,TRACK_CIRCUIT,5,MEDIUM,1,71.9,5.7,71.1,1,14,-14,14,4,30,40,66.9,98,90.1,109.7,90,48.0,63.5,1,54.5
SIM-REQ-02405,SIMULATED,SIM-MRISK-2026.1,SNT,2,TRACK_TAMPING,0,HIGH,2,80.9,7.6,67.7,1,11,-5,5,6,30,14,72.0,113,93.6,119.7,150,45.8,83.9,11,45.8
SIM-REQ-02406,SIMULATED,SIM-MRISK-2026.1,ENGG,0,RAIL_REPLACEMENT,1,HIGH,2,68.6,15.0,71.7,1,4,9,0,7,45,53,45.4,44,55.5,150.9,180,48.9,35.9,21,30.3
SIM-REQ-02407,SIMULATED,SIM-MRISK-2026.1,ENGG,0,RAIL_REPLACEMENT,1,MEDIUM,1,67.3,10.6,82.7,1,10,-13,13,2,30,23,56.4,51,63.2,61.8,180,49.2,66.5,9,50.5
SIM-REQ-02408,SIMULATED,SIM-MRISK-2026.1,ENGG,0,TRACK_TAMPING,0,HIGH,2,61.3,9.3,56.8,2,3,11,0,6,180,256,84.6,70,66.8,117.4,120,66.7,61.6,8,37.4
SIM-REQ-02409,SIMULATED,SIM-MRISK-2026.1,TRD,1,OHE_INSPECTION,2,LOW,0,62.1,13.5,70.3,2,5,1,0,1,30,22,56.8,94,85.3,39.3,240,66.5,41.5,9,40.1
SIM-REQ-02410,SIMULATED,SIM-MRISK-2026.1,ENGG,0,OHE_INSPECTION,2,MEDIUM,1,67.3,9.7,65.8,2,8,2,0,2,60,32,75.5,56,58.2,49.6,60,65.2,44.5,24,36.4
SIM-REQ-02411,SIMULATED,SIM-MRISK-2026.1,SNT,2,BALLAST_CLEANING,4,MEDIUM,1,71.3,2.4,64.1,1,0,-1,1,2,45,39,48.4,39,57.2,38.6,90,48.2,65.5,22,35.0
SIM-REQ-02412,SIMULATED,SIM-MRISK-2026.1,TRD,1,WELD_REPAIR,6,HIGH,2,74.6,16.5,58.8,2,1,11,0,3,90,114,60.2,102,96.9,63.6,240,63.4,48.9,5,42.7
SIM-REQ-02413,SIMULATED,SIM-MRISK-2026.1,TRD,1,RAIL_REPLACEMENT,1,MEDIUM,1,73.4,9.5,82.5,2,1,15,0,5,180,263,57.5,27,43.2,62.9,240,63.6,46.6,18,38.0
SIM-REQ-02414,SIMULATED,SIM-MRISK-2026.1,SNT,2,BALLAST_CLEANING,4,MEDIUM,1,37.7,19.4,59.7,2,31,6,0,4,180,157,80.4,103,87.9,63.7,240,72.6,86.5,21,46.6
SIM-REQ-02415,SIMULATED,SIM-MRISK-2026.1,ENGG,0,OHE_INSPECTION,2,HIGH,2,83.5,7.6,36.6,1,2,-12,12,4,90,140,90.9,75,73.2,87.0,150,45.1,74.6,14,37.3
SIM-REQ-02416,SIMULATED,SIM-MRISK-2026.1,ENGG,0,POINT_OVERHAUL,3,LOW,0,51.0,15.1,80.7,2,4,5,0,6,45,22,57.5,87,81.0,139.4,180,69.2,65.1,13,48.1
SIM-REQ-02417,SIMULATED,SIM-MRISK-2026.1,OPTG,3,TRACK_CIRCUIT,5,LOW,0,77.8,12.4,71.1,2,13,8,0,4,45,67,65.0,60,72.1,79.2,240,62.5,84.0,0,38.3
SIM-REQ-02418,SIMULATED,SIM-MRISK-2026.1,TRD,1,BALLAST_CLEANING,4,MEDIUM,1,83.6,7.7,72.8,1,4,0,0,4,180,174,54.8,83,71.9,96.0,180,45.1,39.9,3,27.6
SIM-REQ-02419,SIMULATED,SIM-MRISK-2026.1,TRD,1,RAIL_REPLACEMENT,1,HIGH,2,77.9,1.9,80.1,1,12,31,0,4,180,257,69.1,41,51.6,106.9,240,46.5,57.7,21,25.7
SIM-REQ-02420,SIMULATED,SIM-MRISK-2026.1,TRD,1,TRACK_CIRCUIT,5,HIGH,2,73.6,6.0,73.2,1,13,-15,15,6,60,71,56.1,112,92.4,122.8,180,47.6,92.0,8,50.0
SIM-REQ-02421,SIMULATED,SIM-MRISK-2026.1,ENGG,0,TRACK_TAMPING,0,HIGH,2,52.4,13.6,50.7,3,8,5,0,4,45,47,66.6,62,68.0,56.9,120,84.9,40.0,5,47.1
SIM-REQ-02422,SIMULATED,SIM-MRISK-2026.1,TRD,1,TRACK_TAMPING,0,HIGH,2,83.3,13.4,54.0,1,20,10,0,2,90,109,63.5,101,92.6,34.2,150,45.2,55.9,6,28.2
SIM-REQ-02423,SIMULATED,SIM-MRISK-2026.1,OPTG,3,RAIL_REPLACEMENT,1,MEDIUM,1,37.7,20.1,92.5,2,13,21,0,6,30,18,57.5,56,59.9,114.5,120,72.6,41.8,13,47.4
SIM-REQ-02424,SIMULATED,SIM-MRISK-2026.1,TRD,1,OHE_INSPECTION,2,MEDIUM,1,72.4,9.8,36.6,1,11,-1,1,2,60,33,87.2,35,42.4,41.1,90,47.9,89.7,21,27.3
SIM-REQ-02425,SIMULATED,SIM-MRISK-2026.1,ENGG,0,TRACK_TAMPING,0,HIGH,2,82.3,10.9,59.5,1,5,15,0,6,60,47,52.9,112,98.0,84.2,150,45.4,71.3,9,33.6
SIM-REQ-02426,SIMULATED,SIM-MRISK-2026.1,ENGG,0,RAIL_REPLACEMENT,1,MEDIUM,1,50.8,16.6,81.4,1,25,13,0,6,180,280,48.8,103,84.3,93.8,60,53.3,92.8,1,39.9
SIM-REQ-02427,SIMULATED,SIM-MRISK-2026.1,SNT,2,TRACK_CIRCUIT,5,LOW,0,41.9,22.0,46.1,3,6,4,0,5,30,17,74.9,86,79.9,105.0,180,87.5,53.1,24,55.4
SIM-REQ-02428,SIMULATED,SIM-MRISK-2026.1,ENGG,0,POINT_OVERHAUL,3,HIGH,2,79.4,5.2,70.9,1,27,8,0,5,45,57,50.6,41,60.4,49.9,150,46.1,41.7,7,26.1
SIM-REQ-02429,SIMULATED,SIM-MRISK-2026.1,TRD,1,TRACK_CIRCUIT,5,MEDIUM,1,75.6,7.8,46.7,1,5,5,0,5,60,75,55.6,100,98.0,118.9,120,47.1,71.7,8,31.1
SIM-REQ-02430,SIMULATED,SIM-MRISK-2026.1,ENGG,0,TRACK_CIRCUIT,5,LOW,0,36.9,20.4,48.7,2,9,5,0,6,180,233,90.8,71,71.1,153.1,180,72.8,58.1,7,39.1
SIM-REQ-02431,SIMULATED,SIM-MRISK-2026.1,ENGG,0,POINT_OVERHAUL,3,MEDIUM,1,89.6,4.5,92.3,1,9,1,0,4,45,26,49.8,81,76.5,51.5,90,43.6,79.3,2,37.5
SIM-REQ-02432,SIMULATED,SIM-MRISK-2026.1,SNT,2,TRACK_TAMPING,0,HIGH,2,61.5,27.1,66.5,2,5,14,0,5,60,68,46.5,64,74.9,73.6,240,66.6,36.2,5,34.2
SIM-REQ-02433,SIMULATED,SIM-MRISK-2026.1,ENGG,0,TRACK_TAMPING,0,HIGH,2,79.7,8.6,66.4,1,10,-6,6,4,30,38,45.2,41,60.1,56.1,60,46.1,44.4,19,34.4
SIM-REQ-02434,SIMULATED,SIM-MRISK-2026.1,TRD,1,TRACK_CIRCUIT,5,MEDIUM,1,62.3,17.0,50.1,1,3,5,0,4,30,28,66.5,55,60.3,107.4,150,50.4,44.0,15,25.8
SIM-REQ-02435,SIMULATED,SIM-MRISK-2026.1,ENGG,0,BALLAST_CLEANING,4,LOW,0,83.5,5.0,75.5,1,84,-2,2,4,45,43,54.4,44,46.2,103.2,150,45.1,50.3,21,34.2
SIM-REQ-02436,SIMULATED,SIM-MRISK-2026.1,ENGG,0,POINT_OVERHAUL,3,MEDIUM,1,78.4,4.3,95.2,1,1,-6,6,3,45,26,83.0,70,65.6,68.7,180,46.4,82.8,12,50.3
SIM-REQ-02437,SIMULATED,SIM-MRISK-2026.1,TRD,1,POINT_OVERHAUL,3,MEDIUM,1,75.0,5.9,91.6,2,8,-1,1,3,45,62,80.0,67,69.7,67.4,150,63.2,75.1,5,42.5
SIM-REQ-02438,SIMULATED,SIM-MRISK-2026.1,OPTG,3,BALLAST_CLEANING,4,MEDIUM,1,58.1,12.8,79.2,2,22,8,0,8,45,35,77.1,58,60.6,179.2,120,67.5,42.1,10,46.6
SIM-REQ-02439,SIMULATED,SIM-MRISK-2026.1,TRD,1,WELD_REPAIR,6,MEDIUM,1,27.8,23.6,61.1,3,7,0,0,5,180,12,58.4,90,83.9,90.7,60,91.0,47.2,23,57.2
SIM-REQ-02440,SIMULATED,SIM-MRISK-2026.1,TRD,1,TRACK_TAMPING,0,LOW,0,53.0,10.4,66.4,2,3,5,0,8,60,57,73.3,100,91.5,195.2,240,68.8,78.9,12,46.5
SIM-REQ-02441,SIMULATED,SIM-MRISK-2026.1,OPTG,3,BALLAST_CLEANING,4,MEDIUM,1,89.4,3.0,76.2,2,40,-2,2,3,180,140,69.9,25,45.1,40.5,90,59.6,38.6,21,39.4
SIM-REQ-02442,SIMULATED,SIM-MRISK-2026.1,ENGG,0,TRACK_TAMPING,0,LOW,0,92.1,6.5,55.0,1,17,3,0,2,180,185,52.0,46,53.1,29.1,150,43.0,83.1,13,23.6
SIM-REQ-02443,SIMULATED,SIM-MRISK-2026.1,ENGG,0,TRACK_CIRCUIT,5,MEDIUM,1,88.9,4.7,39.6,1,1,21,0,4,45,16,73.2,86,79.6,97.0,60,43.8,61.8,4,25.7
SIM-REQ-02444,SIMULATED,SIM-MRISK-2026.1,OPTG,3,POINT_OVERHAUL,3,LOW,0,59.5,6.3,84.6,1,7,15,0,10,30,41,83.9,42,43.7,249.6,180,51.1,82.4,9,30.9
SIM-REQ-02445,SIMULATED,SIM-MRISK-2026.1,SNT,2,BALLAST_CLEANING,4,HIGH,2,54.4,12.4,68.8,2,20,0,0,4,30,41,50.5,93,88.6,51.4,120,68.4,93.7,11,46.0
SIM-REQ-02446,SIMULATED,SIM-MRISK-2026.1,ENGG,0,OHE_INSPECTION,2,LOW,0,74.0,9.6,34.7,1,20,-7,7,4,180,50,78.1,104,85.4,63.7,60,47.5,45.4,5,47.4
SIM-REQ-02447,SIMULATED,SIM-MRISK-2026.1,ENGG,0,BALLAST_CLEANING,4,HIGH,2,58.4,20.7,63.7,1,10,17,0,4,90,55,91.7,27,45.7,64.0,90,51.4,84.7,19,23.3
SIM-REQ-02448,SIMULATED,SIM-MRISK-2026.1,SNT,2,BALLAST_CLEANING,4,LOW,0,73.3,15.1,73.1,1,8,5,0,7,180,26,52.9,90,94.7,76.4,180,47.7,71.3,21,34.9
SIM-REQ-02449,SIMULATED,SIM-MRISK-2026.1,ENGG,0,TRACK_TAMPING,0,LOW,0,44.9,21.8,60.0,2,13,10,0,3,90,45,78.5,29,47.4,56.6,120,70.8,57.0,9,35.6
SIM-REQ-02450,SIMULATED,SIM-MRISK-2026.1,OPTG,3,BALLAST_CLEANING,4,MEDIUM,1,100.0,5.8,55.3,1,45,9,0,8,30,33,76.0,32,55.4,164.1,180,41.0,69.1,5,26.2
SIM-REQ-02451,SIMULATED,SIM-MRISK-2026.1,ENGG,0,RAIL_REPLACEMENT,1,HIGH,2,85.4,10.8,87.8,2,4,12,0,1,45,61,62.4,25,43.0,29.5,90,60.6,85.6,12,33.7
SIM-REQ-02452,SIMULATED,SIM-MRISK-2026.1,ENGG,0,RAIL_REPLACEMENT,1,MEDIUM,1,81.6,6.5,87.5,1,15,8,0,9,60,36,54.7,83,85.7,172.0,180,45.6,78.2,3,34.3
SIM-REQ-02453,SIMULATED,SIM-MRISK-2026.1,SNT,2,BALLAST_CLEANING,4,LOW,0,87.3,12.2,73.3,1,24,-1,1,4,90,94,76.0,47,62.1,81.8,90,44.2,68.6,1,34.5
SIM-REQ-02454,SIMULATED,SIM-MRISK-2026.1,TRD,1,RAIL_REPLACEMENT,1,LOW,0,88.5,8.3,90.8,1,5,21,0,2,180,17,97.0,102,95.0,29.5,180,43.9,37.3,13,31.6
SIM-REQ-02455,SIMULATED,SIM-MRISK-2026.1,SNT,2,WELD_REPAIR,6,MEDIUM,1,91.9,2.9,56.1,1,6,0,0,4,30,22,59.8,43,48.9,75.4,60,43.0,76.6,18,20.5
SIM-REQ-02456,SIMULATED,SIM-MRISK-2026.1,ENGG,0,RAIL_REPLACEMENT,1,MEDIUM,1,32.8,13.0,88.1,3,5,2,0,8,90,31,75.0,113,95.6,205.0,60,89.8,90.7,15,65.1
SIM-REQ-02457,SIMULATED,SIM-MRISK-2026.1,ENGG,0,OHE_INSPECTION,2,LOW,0,79.3,5.1,61.5,1,8,12,0,4,180,239,45.2,23,34.9,98.7,180,46.2,47.0,20,23.2
SIM-REQ-02458,SIMULATED,SIM-MRISK-2026.1,TRD,1,WELD_REPAIR,6,MEDIUM,1,67.1,14.1,61.0,1,60,13,0,1,180,100,52.9,87,78.4,33.4,120,49.2,51.0,22,30.6
SIM-REQ-02459,SIMULATED,SIM-MRISK-2026.1,SNT,2,RAIL_REPLACEMENT,1,MEDIUM,1,44.1,15.0,94.9,2,8,2,0,4,45,28,94.4,81,72.7,71.3,120,71.0,72.6,9,47.7
SIM-REQ-02460,SIMULATED,SIM-MRISK-2026.1,TRD,1,POINT_OVERHAUL,3,HIGH,2,73.5,10.8,71.7,1,17,22,0,4,30,32,89.5,30,38.3,58.1,180,47.6,46.7,13,26.9
SIM-REQ-02461,SIMULATED,SIM-MRISK-2026.1,ENGG,0,TRACK_TAMPING,0,MEDIUM,1,82.5,5.8,80.9,1,13,-11,11,5,90,51,44.6,41,49.1,67.3,90,45.4,94.1,0,42.5
SIM-REQ-02462,SIMULATED,SIM-MRISK-2026.1,ENGG,0,POINT_OVERHAUL,3,MEDIUM,1,82.9,4.0,85.8,1,10,15,0,4,90,61,43.1,113,93.4,73.0,180,45.3,46.3,2,32.8
SIM-REQ-02463,SIMULATED,SIM-MRISK-2026.1,ENGG,0,RAIL_REPLACEMENT,1,MEDIUM,1,63.8,15.0,72.4,2,15,1,0,2,60,45,48.6,29,41.3,39.8,150,66.0,95.0,8,36.8
SIM-REQ-02464,SIMULATED,SIM-MRISK-2026.1,SNT,2,TRACK_CIRCUIT,5,LOW,0,76.3,6.0,35.0,1,32,8,0,3,30,26,85.0,103,96.5,43.3,60,46.9,53.9,24,26.5
SIM-REQ-02465,SIMULATED,SIM-MRISK-2026.1,SNT,2,TRACK_CIRCUIT,5,MEDIUM,1,29.4,30.2,65.6,3,29,-2,2,7,60,80,70.0,98,97.9,111.8,150,90.7,84.4,16,80.2
SIM-REQ-02466,SIMULATED,SIM-MRISK-2026.1,ENGG,0,POINT_OVERHAUL,3,MEDIUM,1,66.7,11.6,85.0,1,32,2,0,6,30,38,93.6,78,70.6,120.3,180,49.3,70.1,10,36.3
SIM-REQ-02467,SIMULATED,SIM-MRISK-2026.1,TRD,1,WELD_REPAIR,6,HIGH,2,77.0,10.9,70.4,2,6,19,0,3,60,85,74.6,21,42.8,70.0,120,62.8,38.8,1,24.2
SIM-REQ-02468,SIMULATED,SIM-MRISK-2026.1,TRD,1,TRACK_CIRCUIT,5,MEDIUM,1,76.8,13.0,40.7,1,0,4,0,3,60,82,79.1,31,49.4,56.5,60,46.8,61.5,10,19.8
SIM-REQ-02469,SIMULATED,SIM-MRISK-2026.1,TRD,1,BALLAST_CLEANING,4,MEDIUM,1,70.7,12.1,66.9,1,34,17,0,5,180,171,68.6,60,71.0,90.7,150,48.3,53.7,16,26.5
SIM-REQ-02470,SIMULATED,SIM-MRISK-2026.1,TRD,1,TRACK_CIRCUIT,5,HIGH,2,97.1,3.3,33.4,1,21,16,0,3,30,28,47.2,81,78.7,50.8,240,41.7,63.7,3,22.1
SIM-REQ-02471,SIMULATED,SIM-MRISK-2026.1,ENGG,0,POINT_OVERHAUL,3,MEDIUM,1,70.0,12.1,88.4,1,30,-3,3,6,60,26,81.5,73,66.5,114.9,180,48.5,53.6,24,44.0
SIM-REQ-02472,SIMULATED,SIM-MRISK-2026.1,TRD,1,POINT_OVERHAUL,3,LOW,0,64.5,4.6,88.7,1,18,2,0,3,90,35,78.8,113,98.0,62.5,60,49.9,69.1,24,41.6
SIM-REQ-02473,SIMULATED,SIM-MRISK-2026.1,ENGG,0,RAIL_REPLACEMENT,1,MEDIUM,1,82.8,6.9,70.4,1,8,13,0,5,180,269,96.3,82,73.0,110.3,180,45.3,81.5,14,24.6
SIM-REQ-02474,SIMULATED,SIM-MRISK-2026.1,SNT,2,POINT_OVERHAUL,3,HIGH,2,52.7,14.9,92.0,1,17,15,0,6,30,45,69.8,95,77.7,101.5,150,52.8,94.9,1,34.1
SIM-REQ-02475,SIMULATED,SIM-MRISK-2026.1,SNT,2,POINT_OVERHAUL,3,LOW,0,65.9,7.6,93.8,1,35,11,0,2,90,19,45.9,49,59.8,54.0,90,49.5,62.0,6,28.7
SIM-REQ-02476,SIMULATED,SIM-MRISK-2026.1,OPTG,3,OHE_INSPECTION,2,MEDIUM,1,20.6,34.8,44.2,2,4,0,0,5,180,18,62.4,100,93.4,92.9,150,76.8,43.1,4,45.0
SIM-REQ-02477,SIMULATED,SIM-MRISK-2026.1,SNT,2,OHE_INSPECTION,2,HIGH,2,68.6,6.8,58.0,1,3,7,0,5,180,139,69.6,82,76.9,64.0,150,48.9,56.1,0,30.1
SIM-REQ-02478,SIMULATED,SIM-MRISK-2026.1,ENGG,0,RAIL_REPLACEMENT,1,MEDIUM,1,82.2,3.9,72.2,2,34,8,0,4,180,287,56.0,103,98.0,49.2,240,61.5,83.9,6,48.9
SIM-REQ-02479,SIMULATED,SIM-MRISK-2026.1,OPTG,3,POINT_OVERHAUL,3,MEDIUM,1,67.7,5.9,97.7,1,5,16,0,7,45,64,81.0,86,76.1,156.1,90,49.1,75.8,13,32.8
SIM-REQ-02480,SIMULATED,SIM-MRISK-2026.1,ENGG,0,TRACK_CIRCUIT,5,MEDIUM,1,54.1,16.5,71.6,2,15,10,0,2,30,11,71.0,21,34.5,60.6,120,68.5,90.1,2,40.7
SIM-REQ-02481,SIMULATED,SIM-MRISK-2026.1,TRD,1,RAIL_REPLACEMENT,1,MEDIUM,1,67.5,12.1,78.5,1,3,14,0,7,180,106,52.8,41,47.3,82.4,90,49.1,94.5,4,28.5
SIM-REQ-02482,SIMULATED,SIM-MRISK-2026.1,SNT,2,TRACK_TAMPING,0,HIGH,2,68.7,10.7,75.4,1,0,10,0,3,30,35,81.2,57,57.4,56.3,120,48.8,82.4,19,21.4
SIM-REQ-02483,SIMULATED,SIM-MRISK-2026.1,ENGG,0,RAIL_REPLACEMENT,1,MEDIUM,1,63.3,16.4,90.9,2,16,2,0,8,180,213,69.3,20,34.6,109.8,180,66.2,90.1,18,44.1
SIM-REQ-02484,SIMULATED,SIM-MRISK-2026.1,OPTG,3,POINT_OVERHAUL,3,MEDIUM,1,68.7,8.5,73.6,2,5,15,0,5,60,90,91.8,100,88.0,111.4,180,64.8,68.9,21,40.3
SIM-REQ-02485,SIMULATED,SIM-MRISK-2026.1,ENGG,0,TRACK_CIRCUIT,5,HIGH,2,69.8,9.7,73.4,1,8,10,0,7,45,12,93.6,48,59.2,131.5,120,48.5,91.2,0,32.5
SIM-REQ-02486,SIMULATED,SIM-MRISK-2026.1,ENGG,0,RAIL_REPLACEMENT,1,MEDIUM,1,60.4,11.7,92.5,1,50,4,0,9,45,29,89.8,87,80.7,173.2,150,50.9,51.2,15,40.4
SIM-REQ-02487,SIMULATED,SIM-MRISK-2026.1,TRD,1,OHE_INSPECTION,2,MEDIUM,1,83.2,8.5,61.8,1,1,-20,20,6,90,54,93.6,48,59.2,85.7,150,45.2,67.1,3,47.8
SIM-REQ-02488,SIMULATED,SIM-MRISK-2026.1,ENGG,0,TRACK_CIRCUIT,5,HIGH,2,67.0,10.0,53.3,2,0,12,0,5,30,16,52.5,85,81.1,57.0,180,65.2,92.7,15,33.3
SIM-REQ-02489,SIMULATED,SIM-MRISK-2026.1,ENGG,0,BALLAST_CLEANING,4,MEDIUM,1,30.9,27.0,51.7,3,5,9,0,7,30,38,65.7,107,98.0,91.3,90,90.3,70.3,4,58.3
SIM-REQ-02490,SIMULATED,SIM-MRISK-2026.1,ENGG,0,TRACK_CIRCUIT,5,HIGH,2,86.0,10.1,71.5,1,50,8,0,7,60,86,97.2,22,36.0,149.9,60,44.5,68.9,21,25.8
SIM-REQ-02491,SIMULATED,SIM-MRISK-2026.1,ENGG,0,RAIL_REPLACEMENT,1,HIGH,2,97.2,3.9,93.4,1,3,14,0,5,90,60,60.8,83,80.8,75.0,180,41.7,35.5,13,32.5
SIM-REQ-02492,SIMULATED,SIM-MRISK-2026.1,SNT,2,OHE_INSPECTION,2,LOW,0,74.8,9.2,50.8,1,10,3,0,1,180,74,63.7,46,49.0,34.7,150,47.3,89.8,2,18.8
SIM-REQ-02493,SIMULATED,SIM-MRISK-2026.1,ENGG,0,POINT_OVERHAUL,3,HIGH,2,66.1,13.4,95.3,2,2,-1,1,7,45,39,53.1,93,81.8,143.3,120,65.5,74.2,15,53.9
SIM-REQ-02494,SIMULATED,SIM-MRISK-2026.1,ENGG,0,RAIL_REPLACEMENT,1,HIGH,2,95.1,10.6,78.8,1,37,-7,7,3,90,14,54.6,56,73.2,54.8,180,42.2,87.3,4,42.9
SIM-REQ-02495,SIMULATED,SIM-MRISK-2026.1,ENGG,0,WELD_REPAIR,6,MEDIUM,1,69.7,13.3,55.4,1,2,18,0,3,45,64,83.2,60,65.5,54.9,150,48.6,49.5,16,29.0
SIM-REQ-02496,SIMULATED,SIM-MRISK-2026.1,ENGG,0,RAIL_REPLACEMENT,1,MEDIUM,1,71.8,4.6,86.4,2,13,-4,4,6,180,162,78.7,96,85.2,100.5,90,64.0,36.6,21,60.2
SIM-REQ-02497,SIMULATED,SIM-MRISK-2026.1,ENGG,0,TRACK_CIRCUIT,5,LOW,0,43.5,12.2,48.5,2,14,5,0,7,60,79,88.9,60,63.7,135.3,240,71.1,55.9,20,42.0
SIM-REQ-02498,SIMULATED,SIM-MRISK-2026.1,TRD,1,BALLAST_CLEANING,4,LOW,0,77.2,5.5,76.0,1,15,-6,6,4,180,68,59.6,26,46.4,85.7,120,46.7,45.0,17,44.0
SIM-REQ-02499,SIMULATED,SIM-MRISK-2026.1,SNT,2,RAIL_REPLACEMENT,1,MEDIUM,1,82.9,4.9,94.5,1,31,13,0,4,60,93,43.6,63,74.3,82.1,240,45.3,87.3,17,33.3
SIM-REQ-02500,SIMULATED,SIM-MRISK-2026.1,TRD,1,BALLAST_CLEANING,4,MEDIUM,1,71.0,10.6,61.2,1,10,0,0,4,30,24,55.8,104,93.7,50.1,180,48.2,49.9,0,39.2
SIM-REQ-02501,SIMULATED,SIM-MRISK-2026.1,TRD,1,OHE_INSPECTION,2,MEDIUM,1,58.4,15.4,35.1,2,29,7,0,7,180,266,72.1,36,56.9,111.1,180,67.4,62.6,12,36.1
SIM-REQ-02502,SIMULATED,SIM-MRISK-2026.1,ENGG,0,POINT_OVERHAUL,3,MEDIUM,1,100.0,6.5,76.1,1,5,13,0,6,180,197,93.2,32,51.4,129.6,180,41.0,57.1,20,26.9
SIM-REQ-02503,SIMULATED,SIM-MRISK-2026.1,ENGG,0,TRACK_TAMPING,0,HIGH,2,72.3,12.7,72.4,1,9,13,0,4,180,230,85.5,57,59.1,62.8,120,47.9,37.2,7,30.4
SIM-REQ-02504,SIMULATED,SIM-MRISK-2026.1,TRD,1,OHE_INSPECTION,2,MEDIUM,1,73.5,8.4,37.3,2,16,15,0,2,180,245,46.5,49,54.1,59.7,150,63.6,59.4,4,25.6
SIM-REQ-02505,SIMULATED,SIM-MRISK-2026.1,SNT,2,TRACK_CIRCUIT,5,HIGH,2,97.5,5.3,70.7,2,6,6,0,2,45,13,61.6,79,83.0,22.9,240,57.6,45.7,2,36.5
SIM-REQ-02506,SIMULATED,SIM-MRISK-2026.1,OPTG,3,TRACK_TAMPING,0,HIGH,2,56.5,16.1,74.8,1,5,15,0,6,30,34,79.7,73,74.2,65.6,240,51.9,46.4,16,31.7
SIM-REQ-02507,SIMULATED,SIM-MRISK-2026.1,ENGG,0,BALLAST_CLEANING,4,MEDIUM,1,83.8,11.4,62.6,1,14,1,0,4,90,12,57.1,46,50.5,66.9,90,45.0,78.4,6,26.1
SIM-REQ-02508,SIMULATED,SIM-MRISK-2026.1,SNT,2,TRACK_TAMPING,0,LOW,0,67.8,10.3,62.2,1,29,8,0,5,45,61,55.5,64,67.9,63.7,180,49.0,55.9,4,28.2
SIM-REQ-02509,SIMULATED,SIM-MRISK-2026.1,SNT,2,OHE_INSPECTION,2,LOW,0,44.3,16.9,37.5,1,5,-6,6,6,30,12,55.5,91,79.5,87.1,120,54.9,50.4,5,45.7
SIM-REQ-02510,SIMULATED,SIM-MRISK-2026.1,SNT,2,TRACK_TAMPING,0,MEDIUM,1,86.3,6.1,52.2,1,21,1,0,1,45,52,66.7,34,47.7,28.8,240,44.4,87.9,7,21.3
SIM-REQ-02511,SIMULATED,SIM-MRISK-2026.1,ENGG,0,POINT_OVERHAUL,3,LOW,0,46.9,20.9,85.2,2,7,8,0,4,180,166,93.3,103,98.0,72.2,90,70.3,46.4,22,53.3
SIM-REQ-02512,SIMULATED,SIM-MRISK-2026.1,TRD,1,OHE_INSPECTION,2,MEDIUM,1,38.7,18.4,61.2,3,5,20,0,6,30,46,79.6,109,96.4,161.8,240,88.3,75.0,15,55.6
SIM-REQ-02513,SIMULATED,SIM-MRISK-2026.1,ENGG,0,POINT_OVERHAUL,3,MEDIUM,1,96.8,3.2,80.0,1,31,2,0,4,180,197,68.4,45,50.5,77.9,90,41.8,45.7,24,32.2
SIM-REQ-02514,SIMULATED,SIM-MRISK-2026.1,OPTG,3,WELD_REPAIR,6,MEDIUM,1,53.0,12.3,52.9,3,12,4,0,8,30,18,91.3,82,84.9,208.7,60,84.8,63.3,13,57.3
SIM-REQ-02515,SIMULATED,SIM-MRISK-2026.1,ENGG,0,BALLAST_CLEANING,4,MEDIUM,1,57.1,15.3,69.9,2,2,6,0,5,30,25,78.0,109,98.0,88.6,60,67.7,89.8,2,47.8
SIM-REQ-02516,SIMULATED,SIM-MRISK-2026.1,SNT,2,RAIL_REPLACEMENT,1,LOW,0,78.5,4.7,96.8,1,7,-3,3,3,90,131,45.9,83,84.3,78.6,120,46.4,91.3,18,40.2
SIM-REQ-02517,SIMULATED,SIM-MRISK-2026.1,ENGG,0,WELD_REPAIR,6,HIGH,2,92.6,5.7,83.5,1,55,17,0,4,30,30,40.9,58,62.2,53.8,240,42.9,85.1,5,29.7
SIM-REQ-02518,SIMULATED,SIM-MRISK-2026.1,ENGG,0,TRACK_TAMPING,0,HIGH,2,75.6,14.7,84.7,2,1,15,0,7,180,277,50.1,69,69.8,83.7,240,63.1,72.8,5,41.1
SIM-REQ-02519,SIMULATED,SIM-MRISK-2026.1,TRD,1,WELD_REPAIR,6,MEDIUM,1,34.7,31.4,79.5,3,12,0,0,7,90,28,45.4,95,87.2,111.8,60,89.3,73.0,11,64.9
SIM-REQ-02520,SIMULATED,SIM-MRISK-2026.1,ENGG,0,BALLAST_CLEANING,4,MEDIUM,1,86.0,6.2,74.2,1,9,13,0,3,90,17,65.7,70,62.8,50.2,60,44.5,75.9,18,25.5
SIM-REQ-02521,SIMULATED,SIM-MRISK-2026.1,ENGG,0,RAIL_REPLACEMENT,1,LOW,0,58.0,18.9,89.3,2,14,10,0,3,45,67,92.3,52,56.5,67.9,150,67.5,37.4,1,38.5
SIM-REQ-02522,SIMULATED,SIM-MRISK-2026.1,ENGG,0,RAIL_REPLACEMENT,1,MEDIUM,1,63.8,8.6,95.5,1,19,7,0,5,180,152,52.9,21,34.7,59.6,150,50.0,78.4,24,32.0
SIM-REQ-02523,SIMULATED,SIM-MRISK-2026.1,OPTG,3,RAIL_REPLACEMENT,1,HIGH,2,71.9,10.7,71.5,1,36,1,0,3,90,38,47.4,93,87.8,43.9,60,48.0,61.9,7,30.3
SIM-REQ-02524,SIMULATED,SIM-MRISK-2026.1,SNT,2,POINT_OVERHAUL,3,MEDIUM,1,80.8,3.5,96.0,1,7,-5,5,1,180,132,93.7,40,47.5,16.0,180,45.8,59.8,1,45.1
SIM-REQ-02525,SIMULATED,SIM-MRISK-2026.1,ENGG,0,POINT_OVERHAUL,3,MEDIUM,1,94.4,7.1,95.0,1,8,-11,11,3,45,27,48.2,82,78.1,62.5,60,42.4,50.0,7,46.1
SIM-REQ-02526,SIMULATED,SIM-MRISK-2026.1,OPTG,3,OHE_INSPECTION,2,LOW,0,92.2,5.1,42.3,1,37,9,0,2,30,31,54.2,89,85.1,49.5,180,43.0,61.4,20,23.3
SIM-REQ-02527,SIMULATED,SIM-MRISK-2026.1,SNT,2,OHE_INSPECTION,2,MEDIUM,1,91.8,7.8,70.1,1,4,-8,8,6,45,45,50.1,46,56.6,84.9,240,43.0,36.1,20,39.9
SIM-REQ-02528,SIMULATED,SIM-MRISK-2026.1,SNT,2,TRACK_CIRCUIT,5,MEDIUM,1,73.7,10.1,63.5,1,18,4,0,5,30,16,81.9,45,47.0,107.7,240,47.6,63.9,14,29.3
SIM-REQ-02529,SIMULATED,SIM-MRISK-2026.1,OPTG,3,WELD_REPAIR,6,MEDIUM,1,70.1,18.4,82.9,1,27,0,0,3,60,77,95.9,33,52.3,66.6,240,48.5,67.1,9,33.0
SIM-REQ-02530,SIMULATED,SIM-MRISK-2026.1,SNT,2,OHE_INSPECTION,2,HIGH,2,64.6,12.0,37.4,2,16,9,0,6,30,22,76.4,27,37.2,112.8,60,65.8,92.6,15,34.4
SIM-REQ-02531,SIMULATED,SIM-MRISK-2026.1,ENGG,0,POINT_OVERHAUL,3,LOW,0,54.8,8.4,78.8,1,22,8,0,4,60,50,71.4,61,71.7,110.0,180,52.3,64.4,16,31.8
SIM-REQ-02532,SIMULATED,SIM-MRISK-2026.1,TRD,1,TRACK_CIRCUIT,5,MEDIUM,1,83.1,7.2,51.6,2,3,12,0,7,60,22,87.0,35,48.4,79.3,150,61.2,49.9,20,35.2
SIM-REQ-02533,SIMULATED,SIM-MRISK-2026.1,TRD,1,WELD_REPAIR,6,MEDIUM,1,72.5,8.4,65.0,1,7,10,0,10,60,36,92.3,62,59.3,230.1,150,47.9,37.0,5,33.2
SIM-REQ-02534,SIMULATED,SIM-MRISK-2026.1,ENGG,0,TRACK_CIRCUIT,5,LOW,0,94.1,4.5,66.9,1,2,5,0,2,180,46,93.8,110,97.2,24.3,120,42.5,70.0,10,28.9
SIM-REQ-02535,SIMULATED,SIM-MRISK-2026.1,TRD,1,RAIL_REPLACEMENT,1,MEDIUM,1,91.3,3.5,96.6,1,0,14,0,4,90,54,91.1,106,94.2,39.0,120,43.2,69.4,2,38.5
SIM-REQ-02536,SIMULATED,SIM-MRISK-2026.1,ENGG,0,RAIL_REPLACEMENT,1,MEDIUM,1,74.2,10.6,78.6,1,23,6,0,3,30,46,51.0,58,60.8,66.3,150,47.5,94.9,20,24.5
SIM-REQ-02537,SIMULATED,SIM-MRISK-2026.1,OPTG,3,TRACK_CIRCUIT,5,MEDIUM,1,87.7,7.5,31.0,1,31,5,0,4,30,38,96.0,45,51.0,94.5,60,44.1,90.9,5,19.3
SIM-REQ-02538,SIMULATED,SIM-MRISK-2026.1,TRD,1,POINT_OVERHAUL,3,HIGH,2,56.6,18.2,73.1,2,0,11,0,6,60,14,68.6,28,41.9,78.7,120,67.8,44.7,19,40.9
SIM-REQ-02539,SIMULATED,SIM-MRISK-2026.1,TRD,1,BALLAST_CLEANING,4,LOW,0,81.0,7.3,80.9,2,10,10,0,8,60,84,84.0,79,74.6,155.7,240,61.8,74.1,5,44.4
SIM-REQ-02540,SIMULATED,SIM-MRISK-2026.1,TRD,1,TRACK_TAMPING,0,HIGH,2,92.5,9.7,54.1,1,4,-3,3,3,90,125,58.2,38,42.2,42.8,60,42.9,53.8,15,29.8
SIM-REQ-02541,SIMULATED,SIM-MRISK-2026.1,ENGG,0,TRACK_TAMPING,0,HIGH,2,97.5,6.5,65.8,1,9,14,0,4,45,26,78.3,70,71.5,99.2,120,41.6,77.8,18,24.9
SIM-REQ-02542,SIMULATED,SIM-MRISK-2026.1,TRD,1,POINT_OVERHAUL,3,HIGH,2,36.8,12.7,96.6,3,5,8,0,5,30,18,95.0,20,49.0,124.2,150,88.8,62.4,20,60.3
SIM-REQ-02543,SIMULATED,SIM-MRISK-2026.1,SNT,2,BALLAST_CLEANING,4,HIGH,2,78.2,9.7,75.8,1,10,28,0,1,90,80,61.4,34,45.8,30.4,180,46.5,80.6,10,19.1
SIM-REQ-02544,SIMULATED,SIM-MRISK-2026.1,SNT,2,BALLAST_CLEANING,4,MEDIUM,1,84.8,10.3,67.0,1,15,-4,4,2,60,48,43.1,64,71.1,30.2,90,44.8,91.4,22,35.2
SIM-REQ-02545,SIMULATED,SIM-MRISK-2026.1,SNT,2,POINT_OVERHAUL,3,MEDIUM,1,93.2,6.5,70.4,1,1,-1,1,8,30,44,97.4,25,42.1,161.6,60,42.7,44.0,6,36.7
SIM-REQ-02546,SIMULATED,SIM-MRISK-2026.1,SNT,2,TRACK_CIRCUIT,5,HIGH,2,80.0,6.6,53.0,1,20,0,0,2,180,14,56.6,58,64.2,48.8,240,46.0,87.3,19,26.0
SIM-REQ-02547,SIMULATED,SIM-MRISK-2026.1,ENGG,0,OHE_INSPECTION,2,MEDIUM,1,95.0,4.5,38.1,1,0,8,0,4,180,162,88.2,101,95.2,60.5,180,42.2,74.8,7,22.1
SIM-REQ-02548,SIMULATED,SIM-MRISK-2026.1,TRD,1,POINT_OVERHAUL,3,HIGH,2,42.1,18.9,73.8,2,0,3,0,5,180,23,56.8,88,84.1,132.1,90,71.5,38.3,23,49.2
SIM-REQ-02549,SIMULATED,SIM-MRISK-2026.1,TRD,1,OHE_INSPECTION,2,LOW,0,57.5,7.0,72.3,2,15,0,0,5,30,28,78.9,93,76.3,80.0,150,67.6,40.8,14,52.5
SIM-REQ-02550,SIMULATED,SIM-MRISK-2026.1,OPTG,3,WELD_REPAIR,6,MEDIUM,1,87.7,8.8,54.2,1,12,2,0,6,30,26,89.6,71,71.2,111.7,240,44.1,37.2,10,27.3
SIM-REQ-02551,SIMULATED,SIM-MRISK-2026.1,TRD,1,TRACK_TAMPING,0,MEDIUM,1,87.5,11.5,53.2,2,19,9,0,3,180,192,42.3,78,81.3,62.5,90,60.1,53.5,7,35.3
SIM-REQ-02552,SIMULATED,SIM-MRISK-2026.1,TRD,1,TRACK_CIRCUIT,5,HIGH,2,83.0,3.4,66.2,2,20,20,0,7,90,85,59.3,85,75.3,152.6,150,61.2,72.4,22,36.7
SIM-REQ-02553,SIMULATED,SIM-MRISK-2026.1,SNT,2,OHE_INSPECTION,2,LOW,0,100.0,8.7,32.7,2,12,4,0,2,90,49,66.3,76,77.1,36.4,90,57.0,45.2,12,26.3
SIM-REQ-02554,SIMULATED,SIM-MRISK-2026.1,TRD,1,TRACK_TAMPING,0,HIGH,2,63.7,9.7,75.4,2,25,22,0,5,45,28,90.6,70,77.3,66.8,90,66.1,76.0,23,41.1
SIM-REQ-02555,SIMULATED,SIM-MRISK-2026.1,ENGG,0,RAIL_REPLACEMENT,1,HIGH,2,93.1,6.2,79.7,1,0,0,0,1,90,127,85.9,94,89.5,25.8,90,42.7,69.3,12,35.1
SIM-REQ-02556,SIMULATED,SIM-MRISK-2026.1,ENGG,0,TRACK_CIRCUIT,5,LOW,0,22.6,24.7,72.8,3,1,7,0,5,90,90,81.2,70,72.6,99.2,240,92.3,88.9,3,52.4
SIM-REQ-02557,SIMULATED,SIM-MRISK-2026.1,ENGG,0,TRACK_TAMPING,0,MEDIUM,1,72.1,4.2,73.1,1,12,21,0,9,180,172,59.2,53,62.7,231.1,120,48.0,53.0,7,33.1
SIM-REQ-02558,SIMULATED,SIM-MRISK-2026.1,OPTG,3,TRACK_TAMPING,0,MEDIUM,1,42.6,22.2,84.2,1,3,9,0,8,180,283,55.8,44,44.8,129.0,150,55.4,78.8,5,35.3
SIM-REQ-02559,SIMULATED,SIM-MRISK-2026.1,TRD,1,RAIL_REPLACEMENT,1,LOW,0,63.6,11.8,73.3,2,8,0,0,5,180,251,52.3,105,98.0,65.3,120,66.1,63.3,24,45.7
SIM-REQ-02560,SIMULATED,SIM-MRISK-2026.1,ENGG,0,RAIL_REPLACEMENT,1,MEDIUM,1,42.5,6.9,77.7,2,2,-6,6,3,180,175,48.3,91,73.8,72.5,240,71.4,54.0,14,56.8
SIM-REQ-02561,SIMULATED,SIM-MRISK-2026.1,ENGG,0,OHE_INSPECTION,2,LOW,0,85.3,2.9,43.3,2,4,17,0,4,60,52,50.1,63,77.2,68.0,120,60.7,64.0,17,27.9
SIM-REQ-02562,SIMULATED,SIM-MRISK-2026.1,ENGG,0,BALLAST_CLEANING,4,HIGH,2,55.8,7.7,68.4,2,3,11,0,5,60,78,95.1,37,40.9,134.8,90,68.0,47.0,8,35.4
SIM-REQ-02563,SIMULATED,SIM-MRISK-2026.1,ENGG,0,TRACK_TAMPING,0,LOW,0,78.4,1.6,58.6,1,14,-2,2,7,45,29,69.4,88,82.4,158.0,180,46.4,63.2,20,37.4
SIM-REQ-02564,SIMULATED,SIM-MRISK-2026.1,ENGG,0,WELD_REPAIR,6,HIGH,2,91.5,1.7,75.6,2,3,-11,11,5,180,141,85.2,92,83.6,117.9,60,59.1,53.2,14,52.4
SIM-REQ-02565,SIMULATED,SIM-MRISK-2026.1,ENGG,0,WELD_REPAIR,6,MEDIUM,1,53.5,13.5,61.6,2,21,20,0,8,60,12,67.4,25,46.5,121.1,180,68.6,68.7,6,36.6
SIM-REQ-02566,SIMULATED,SIM-MRISK-2026.1,ENGG,0,RAIL_REPLACEMENT,1,HIGH,2,78.2,14.4,83.4,1,11,19,0,2,180,262,87.7,28,39.2,38.8,60,46.5,74.5,14,19.4
SIM-REQ-02567,SIMULATED,SIM-MRISK-2026.1,SNT,2,OHE_INSPECTION,2,HIGH,2,100.0,6.4,40.1,1,36,20,0,5,180,95,44.2,67,62.6,106.2,90,41.0,71.2,6,19.4
SIM-REQ-02568,SIMULATED,SIM-MRISK-2026.1,SNT,2,RAIL_REPLACEMENT,1,LOW,0,62.5,10.1,79.6,2,9,13,0,7,30,11,48.2,28,45.0,183.3,60,66.4,85.7,4,40.2
SIM-REQ-02569,SIMULATED,SIM-MRISK-2026.1,ENGG,0,RAIL_REPLACEMENT,1,LOW,0,63.2,12.5,77.3,2,1,-4,4,4,90,133,83.8,59,64.0,74.3,90,66.2,71.3,24,49.8
SIM-REQ-02570,SIMULATED,SIM-MRISK-2026.1,ENGG,0,TRACK_CIRCUIT,5,MEDIUM,1,63.0,16.5,58.6,2,10,19,0,5,90,38,86.4,81,73.8,105.6,60,66.2,42.7,24,35.7
SIM-REQ-02571,SIMULATED,SIM-MRISK-2026.1,ENGG,0,TRACK_TAMPING,0,MEDIUM,1,71.5,15.9,68.1,1,30,-16,16,6,60,75,94.3,71,65.4,86.7,120,48.1,54.5,23,50.3
SIM-REQ-02572,SIMULATED,SIM-MRISK-2026.1,ENGG,0,OHE_INSPECTION,2,MEDIUM,1,79.8,7.0,72.3,2,49,-1,1,3,180,159,63.9,62,71.5,67.4,90,62.0,77.9,11,49.2
SIM-REQ-02573,SIMULATED,SIM-MRISK-2026.1,SNT,2,WELD_REPAIR,6,MEDIUM,1,37.3,25.9,80.1,2,1,-9,9,4,180,227,52.3,49,51.3,114.1,240,72.7,55.9,24,59.8
SIM-REQ-02574,SIMULATED,SIM-MRISK-2026.1,ENGG,0,TRACK_TAMPING,0,HIGH,2,85.4,8.3,65.7,1,2,16,0,3,180,19,81.0,110,88.1,65.3,90,44.6,85.9,23,24.7
SIM-REQ-02575,SIMULATED,SIM-MRISK-2026.1,TRD,1,OHE_INSPECTION,2,MEDIUM,1,50.3,17.1,42.9,1,10,18,0,5,60,74,64.4,82,81.0,96.7,240,53.4,77.1,15,30.5
SIM-REQ-02576,SIMULATED,SIM-MRISK-2026.1,OPTG,3,OHE_INSPECTION,2,LOW,0,52.0,13.7,57.8,2,7,9,0,6,45,48,56.8,87,85.9,118.2,90,69.0,71.6,2,42.4
SIM-REQ-02577,SIMULATED,SIM-MRISK-2026.1,TRD,1,TRACK_CIRCUIT,5,LOW,0,90.0,7.6,71.0,1,13,1,0,1,45,66,55.9,46,59.2,27.2,90,43.5,54.8,4,24.6
SIM-REQ-02578,SIMULATED,SIM-MRISK-2026.1,TRD,1,RAIL_REPLACEMENT,1,MEDIUM,1,91.3,3.8,96.8,1,16,13,0,4,30,32,93.3,103,92.0,64.2,90,43.2,66.5,14,35.0
SIM-REQ-02579,SIMULATED,SIM-MRISK-2026.1,OPTG,3,TRACK_CIRCUIT,5,LOW,0,80.0,9.3,56.3,1,65,-2,2,6,45,66,95.6,88,80.2,69.8,240,46.0,88.5,22,37.5
SIM-REQ-02580,SIMULATED,SIM-MRISK-2026.1,SNT,2,BALLAST_CLEANING,4,HIGH,2,58.1,10.6,60.9,2,8,-25,25,5,90,26,97.6,39,51.2,128.1,90,67.5,56.5,15,58.5
SIM-REQ-02581,SIMULATED,SIM-MRISK-2026.1,SNT,2,WELD_REPAIR,6,MEDIUM,1,72.0,12.9,79.4,2,4,-6,6,9,180,253,76.2,55,52.6,223.4,240,64.0,87.2,8,53.5
SIM-REQ-02582,SIMULATED,SIM-MRISK-2026.1,SNT,2,RAIL_REPLACEMENT,1,LOW,0,59.8,10.7,91.4,3,3,6,0,2,60,68,70.0,57,67.0,38.6,90,83.0,62.9,22,52.9
SIM-REQ-02583,SIMULATED,SIM-MRISK-2026.1,SNT,2,RAIL_REPLACEMENT,1,MEDIUM,1,86.4,2.7,87.7,2,2,10,0,6,45,42,95.8,104,98.0,78.8,240,60.4,51.0,5,49.7
SIM-REQ-02584,SIMULATED,SIM-MRISK-2026.1,ENGG,0,OHE_INSPECTION,2,LOW,0,76.2,8.1,49.0,1,8,23,0,3,180,64,53.5,82,84.6,44.8,180,47.0,40.4,24,26.8
SIM-REQ-02585,SIMULATED,SIM-MRISK-2026.1,TRD,1,BALLAST_CLEANING,4,MEDIUM,1,81.8,10.8,72.3,1,20,2,0,5,60,56,84.9,83,79.0,97.0,90,45.5,48.5,12,31.6
SIM-REQ-02586,SIMULATED,SIM-MRISK-2026.1,ENGG,0,POINT_OVERHAUL,3,MEDIUM,1,32.6,14.0,85.1,3,1,-5,5,7,30,36,58.9,27,34.3,98.7,240,89.8,65.1,7,69.4
SIM-REQ-02587,SIMULATED,SIM-MRISK-2026.1,ENGG,0,TRACK_CIRCUIT,5,MEDIUM,1,56.3,13.4,33.2,2,48,6,0,8,180,116,71.7,103,92.3,166.8,60,67.9,79.0,20,50.1
SIM-REQ-02588,SIMULATED,SIM-MRISK-2026.1,SNT,2,TRACK_TAMPING,0,HIGH,2,26.2,17.9,82.5,3,0,4,0,6,45,50,84.9,25,39.3,163.9,120,91.5,36.9,1,52.5
SIM-REQ-02589,SIMULATED,SIM-MRISK-2026.1,ENGG,0,OHE_INSPECTION,2,MEDIUM,1,85.4,12.0,35.1,2,13,-1,1,2,180,164,73.5,71,64.6,40.2,60,60.6,72.7,5,36.1
SIM-REQ-02590,SIMULATED,SIM-MRISK-2026.1,SNT,2,OHE_INSPECTION,2,LOW,0,100.0,1.6,57.0,2,3,-5,5,6,180,267,96.4,42,49.4,79.4,60,57.0,60.4,6,47.8
SIM-REQ-02591,SIMULATED,SIM-MRISK-2026.1,ENGG,0,OHE_INSPECTION,2,HIGH,2,94.4,10.8,57.9,1,4,2,0,1,45,49,87.1,101,91.9,22.4,180,42.4,55.9,20,29.8
SIM-REQ-02592,SIMULATED,SIM-MRISK-2026.1,TRD,1,TRACK_TAMPING,0,MEDIUM,1,96.4,8.4,62.6,1,3,11,0,2,180,200,65.7,111,95.4,26.5,60,41.9,84.9,7,29.2
SIM-REQ-02593,SIMULATED,SIM-MRISK-2026.1,SNT,2,WELD_REPAIR,6,MEDIUM,1,86.0,5.5,84.1,1,2,24,0,3,30,25,44.6,55,67.3,80.2,150,44.5,37.0,22,24.5
SIM-REQ-02594,SIMULATED,SIM-MRISK-2026.1,TRD,1,TRACK_TAMPING,0,HIGH,2,87.5,6.9,75.3,1,5,4,0,6,90,134,44.8,112,90.9,119.2,240,44.1,47.1,19,37.6
SIM-REQ-02595,SIMULATED,SIM-MRISK-2026.1,ENGG,0,BALLAST_CLEANING,4,HIGH,2,83.5,3.3,71.2,1,29,13,0,6,60,13,52.1,61,64.0,63.7,60,45.1,94.3,6,25.4
SIM-REQ-02596,SIMULATED,SIM-MRISK-2026.1,SNT,2,POINT_OVERHAUL,3,LOW,0,80.1,8.2,83.5,2,4,9,0,8,45,39,94.7,71,70.6,97.9,90,62.0,86.1,22,37.9
SIM-REQ-02597,SIMULATED,SIM-MRISK-2026.1,TRD,1,TRACK_CIRCUIT,5,HIGH,2,47.4,15.6,43.5,3,10,-2,2,7,180,224,44.9,112,88.6,132.1,180,86.2,94.8,0,65.9
SIM-REQ-02598,SIMULATED,SIM-MRISK-2026.1,TRD,1,WELD_REPAIR,6,HIGH,2,96.0,7.8,71.2,2,14,18,0,3,30,24,72.5,53,61.2,71.4,120,58.0,36.7,18,32.0
SIM-REQ-02599,SIMULATED,SIM-MRISK-2026.1,ENGG,0,WELD_REPAIR,6,LOW,0,58.2,18.9,70.5,2,5,-6,6,3,90,71,73.0,87,84.3,49.3,150,67.5,81.7,9,59.1
SIM-REQ-02600,SIMULATED,SIM-MRISK-2026.1,TRD,1,OHE_INSPECTION,2,MEDIUM,1,58.8,13.9,74.6,1,13,1,0,12,180,48,63.3,98,89.0,245.0,60,51.3,54.5,8,35.6
SIM-REQ-02601,SIMULATED,SIM-MRISK-2026.1,TRD,1,OHE_INSPECTION,2,MEDIUM,1,84.9,2.4,44.3,1,10,7,0,7,30,12,63.5,63,67.3,65.2,180,44.8,89.6,23,22.1
SIM-REQ-02602,SIMULATED,SIM-MRISK-2026.1,ENGG,0,WELD_REPAIR,6,LOW,0,83.9,4.6,80.7,1,4,-14,14,7,30,43,95.8,83,77.7,175.0,150,45.0,44.8,14,51.6
SIM-REQ-02603,SIMULATED,SIM-MRISK-2026.1,TRD,1,POINT_OVERHAUL,3,LOW,0,61.8,11.5,87.8,1,12,-2,2,9,45,54,84.2,67,56.5,116.0,90,50.5,92.0,10,42.4
SIM-REQ-02604,SIMULATED,SIM-MRISK-2026.1,TRD,1,TRACK_CIRCUIT,5,HIGH,2,67.6,7.9,35.3,1,6,6,0,7,90,138,76.6,74,84.3,168.3,90,49.1,41.5,12,24.5
SIM-REQ-02605,SIMULATED,SIM-MRISK-2026.1,SNT,2,TRACK_CIRCUIT,5,MEDIUM,1,64.3,4.7,34.7,3,4,-7,7,8,180,240,89.0,29,44.9,110.8,240,81.9,88.4,12,56.2
SIM-REQ-02606,SIMULATED,SIM-MRISK-2026.1,ENGG,0,RAIL_REPLACEMENT,1,HIGH,2,88.6,9.3,90.5,1,6,-10,10,6,180,16,43.3,95,80.4,63.3,240,43.9,74.8,3,57.7
SIM-REQ-02607,SIMULATED,SIM-MRISK-2026.1,SNT,2,WELD_REPAIR,6,LOW,0,72.1,3.6,72.5,1,11,-2,2,4,180,138,44.0,104,96.2,100.7,90,48.0,73.7,24,42.7
SIM-REQ-02608,SIMULATED,SIM-MRISK-2026.1,ENGG,0,TRACK_CIRCUIT,5,MEDIUM,1,76.5,14.1,57.7,2,17,11,0,4,90,142,63.1,70,71.8,98.9,90,62.9,41.3,6,34.7
SIM-REQ-02609,SIMULATED,SIM-MRISK-2026.1,ENGG,0,POINT_OVERHAUL,3,LOW,0,69.8,5.8,85.2,1,2,8,0,7,30,15,46.2,114,98.0,120.0,120,48.5,53.1,24,36.0
SIM-REQ-02610,SIMULATED,SIM-MRISK-2026.1,SNT,2,WELD_REPAIR,6,LOW,0,99.6,5.6,62.5,2,9,-2,2,5,60,85,48.5,111,87.8,103.5,90,57.1,44.1,23,44.9
SIM-REQ-02611,SIMULATED,SIM-MRISK-2026.1,TRD,1,TRACK_TAMPING,0,MEDIUM,1,93.2,4.1,57.4,1,11,12,0,5,90,35,57.5,106,97.3,57.5,180,42.7,82.0,3,31.6
SIM-REQ-02612,SIMULATED,SIM-MRISK-2026.1,ENGG,0,BALLAST_CLEANING,4,MEDIUM,1,99.8,9.5,68.6,2,13,0,0,6,60,34,41.2,108,98.0,58.2,60,57.0,60.1,6,44.1
SIM-REQ-02613,SIMULATED,SIM-MRISK-2026.1,SNT,2,TRACK_TAMPING,0,MEDIUM,1,52.5,15.6,50.5,2,20,8,0,6,60,11,60.3,42,44.3,125.6,150,68.9,67.3,24,37.7
SIM-REQ-02614,SIMULATED,SIM-MRISK-2026.1,ENGG,0,TRACK_TAMPING,0,MEDIUM,1,81.4,6.8,62.8,1,7,18,0,5,60,16,58.6,86,80.6,61.0,180,45.6,56.6,17,27.4
SIM-REQ-02615,SIMULATED,SIM-MRISK-2026.1,SNT,2,WELD_REPAIR,6,MEDIUM,1,74.0,11.6,64.0,2,9,14,0,2,30,12,47.3,103,93.3,28.4,180,63.5,67.5,22,37.3
SIM-REQ-02616,SIMULATED,SIM-MRISK-2026.1,ENGG,0,RAIL_REPLACEMENT,1,HIGH,2,74.0,11.2,77.5,1,13,3,0,3,180,22,87.6,46,53.4,36.3,240,47.5,59.6,0,32.8
SIM-REQ-02617,SIMULATED,SIM-MRISK-2026.1,TRD,1,RAIL_REPLACEMENT,1,MEDIUM,1,72.4,10.3,94.8,1,14,15,0,6,30,47,81.4,73,72.3,74.8,60,47.9,54.4,8,35.9
SIM-REQ-02618,SIMULATED,SIM-MRISK-2026.1,ENGG,0,TRACK_CIRCUIT,5,LOW,0,90.8,5.9,62.0,1,35,0,0,2,180,253,50.4,69,71.6,38.6,60,43.3,35.2,24,27.2
SIM-REQ-02619,SIMULATED,SIM-MRISK-2026.1,ENGG,0,OHE_INSPECTION,2,MEDIUM,1,92.9,6.3,42.1,1,20,-6,6,3,90,68,59.4,93,84.2,57.6,60,42.8,42.5,21,35.8
SIM-REQ-02620,SIMULATED,SIM-MRISK-2026.1,TRD,1,WELD_REPAIR,6,MEDIUM,1,80.8,8.8,52.0,1,21,2,0,3,45,54,69.0,28,43.0,46.4,60,45.8,51.8,24,22.0
SIM-REQ-02621,SIMULATED,SIM-MRISK-2026.1,TRD,1,BALLAST_CLEANING,4,MEDIUM,1,69.0,10.1,82.3,2,12,-2,2,6,60,48,54.2,109,97.1,102.1,150,64.8,90.0,21,53.9
SIM-REQ-02622,SIMULATED,SIM-MRISK-2026.1,ENGG,0,TRACK_CIRCUIT,5,LOW,0,76.4,7.0,31.3,1,23,1,0,5,90,110,52.3,81,82.7,131.2,240,46.9,63.1,16,23.1
SIM-REQ-02623,SIMULATED,SIM-MRISK-2026.1,ENGG,0,POINT_OVERHAUL,3,MEDIUM,1,88.6,9.5,86.1,1,16,30,0,7,45,45,64.4,24,33.2,166.9,60,43.9,52.7,8,24.1
SIM-REQ-02624,SIMULATED,SIM-MRISK-2026.1,ENGG,0,RAIL_REPLACEMENT,1,MEDIUM,1,88.0,1.6,91.6,1,30,-7,7,7,60,58,60.5,96,85.9,107.6,90,44.0,83.5,5,52.6
SIM-REQ-02625,SIMULATED,SIM-MRISK-2026.1,ENGG,0,RAIL_REPLACEMENT,1,LOW,0,73.7,6.8,90.2,1,37,0,0,1,30,36,79.4,88,85.8,18.8,60,47.6,55.3,17,33.0
SIM-REQ-02626,SIMULATED,SIM-MRISK-2026.1,ENGG,0,WELD_REPAIR,6,MEDIUM,1,73.0,8.5,79.1,1,1,12,0,3,90,36,86.5,92,82.0,81.0,60,47.8,47.8,7,33.7
SIM-REQ-02627,SIMULATED,SIM-MRISK-2026.1,ENGG,0,POINT_OVERHAUL,3,MEDIUM,1,87.1,4.7,91.2,2,4,4,0,5,90,96,43.1,34,48.0,122.6,60,60.2,72.6,20,32.5
SIM-REQ-02628,SIMULATED,SIM-MRISK-2026.1,OPTG,3,RAIL_REPLACEMENT,1,MEDIUM,1,51.8,16.8,91.8,1,5,14,0,7,90,58,62.1,87,72.2,92.4,180,53.0,52.3,14,34.1
SIM-REQ-02629,SIMULATED,SIM-MRISK-2026.1,SNT,2,TRACK_CIRCUIT,5,HIGH,2,41.9,22.9,71.3,1,11,13,0,3,60,24,91.0,25,41.2,96.9,150,55.5,91.7,4,34.3
SIM-REQ-02630,SIMULATED,SIM-MRISK-2026.1,SNT,2,TRACK_CIRCUIT,5,MEDIUM,1,71.0,10.3,59.6,1,59,-14,14,7,90,82,94.9,59,68.0,142.6,120,48.2,79.8,1,47.0
SIM-REQ-02631,SIMULATED,SIM-MRISK-2026.1,SNT,2,OHE_INSPECTION,2,MEDIUM,1,84.5,8.0,54.5,1,49,-1,1,6,90,52,91.2,51,62.0,113.6,90,44.9,49.0,1,30.4
SIM-REQ-02632,SIMULATED,SIM-MRISK-2026.1,TRD,1,POINT_OVERHAUL,3,LOW,0,82.6,9.7,91.9,1,8,-7,7,3,45,32,93.2,46,56.3,62.6,120,45.4,50.9,9,52.1
SIM-REQ-02633,SIMULATED,SIM-MRISK-2026.1,SNT,2,WELD_REPAIR,6,LOW,0,56.2,13.8,57.3,2,49,11,0,3,45,65,70.5,68,73.4,54.2,180,68.0,82.2,11,40.9
SIM-REQ-02634,SIMULATED,SIM-MRISK-2026.1,TRD,1,BALLAST_CLEANING,4,MEDIUM,1,49.4,10.6,55.0,2,10,27,0,8,180,184,43.5,38,45.1,88.9,150,69.7,43.4,15,36.8
SIM-REQ-02635,SIMULATED,SIM-MRISK-2026.1,ENGG,0,OHE_INSPECTION,2,MEDIUM,1,79.8,4.8,31.5,1,8,-8,8,5,180,41,56.6,67,67.1,54.9,240,46.0,51.4,9,35.9
SIM-REQ-02636,SIMULATED,SIM-MRISK-2026.1,TRD,1,TRACK_CIRCUIT,5,MEDIUM,1,64.9,19.0,66.6,2,0,-3,3,4,45,63,51.9,96,87.4,61.6,150,65.8,52.1,18,51.9
SIM-REQ-02637,SIMULATED,SIM-MRISK-2026.1,SNT,2,POINT_OVERHAUL,3,MEDIUM,1,75.9,14.1,86.6,1,13,6,0,11,180,189,59.6,78,71.3,175.6,240,47.0,53.2,14,34.5
SIM-REQ-02638,SIMULATED,SIM-MRISK-2026.1,ENGG,0,TRACK_CIRCUIT,5,MEDIUM,1,85.7,4.7,51.2,2,57,0,0,4,60,37,65.2,58,66.7,93.5,240,60.6,57.6,24,40.2
SIM-REQ-02639,SIMULATED,SIM-MRISK-2026.1,TRD,1,TRACK_CIRCUIT,5,MEDIUM,1,55.6,9.8,50.7,2,5,5,0,3,45,50,49.2,37,53.7,54.6,120,68.1,42.2,2,39.8
SIM-REQ-02640,SIMULATED,SIM-MRISK-2026.1,SNT,2,WELD_REPAIR,6,HIGH,2,81.5,7.0,55.2,2,17,-5,5,9,180,65,46.1,72,74.5,132.3,180,61.6,92.4,17,49.5
SIM-REQ-02641,SIMULATED,SIM-MRISK-2026.1,SNT,2,TRACK_CIRCUIT,5,MEDIUM,1,62.4,10.9,38.4,2,0,8,0,3,60,91,80.6,77,79.0,69.0,90,66.4,90.1,5,36.8
SIM-REQ-02642,SIMULATED,SIM-MRISK-2026.1,TRD,1,POINT_OVERHAUL,3,LOW,0,93.6,2.6,89.7,1,11,-7,7,4,60,42,42.7,65,66.4,49.4,90,42.6,67.5,24,42.9
SIM-REQ-02643,SIMULATED,SIM-MRISK-2026.1,TRD,1,POINT_OVERHAUL,3,HIGH,2,85.0,7.1,85.5,1,15,5,0,4,180,227,45.9,31,46.7,70.5,60,44.8,72.9,22,27.6
SIM-REQ-02644,SIMULATED,SIM-MRISK-2026.1,SNT,2,RAIL_REPLACEMENT,1,MEDIUM,1,71.3,11.2,91.7,1,3,-3,3,2,45,48,59.7,24,42.8,36.9,240,48.2,68.1,3,34.0
SIM-REQ-02645,SIMULATED,SIM-MRISK-2026.1,ENGG,0,TRACK_TAMPING,0,HIGH,2,85.2,5.5,78.6,2,0,0,0,8,90,82,91.0,54,63.1,85.6,150,60.7,83.8,10,40.9
SIM-REQ-02646,SIMULATED,SIM-MRISK-2026.1,ENGG,0,TRACK_TAMPING,0,LOW,0,69.4,6.3,62.7,1,4,10,0,3,180,275,79.9,40,47.3,62.2,120,48.6,51.3,5,31.7
SIM-REQ-02647,SIMULATED,SIM-MRISK-2026.1,TRD,1,BALLAST_CLEANING,4,MEDIUM,1,72.7,6.2,57.5,1,0,-9,9,2,45,42,89.9,63,70.9,59.3,180,47.8,39.8,15,51.0
SIM-REQ-02648,SIMULATED,SIM-MRISK-2026.1,OPTG,3,TRACK_CIRCUIT,5,LOW,0,76.8,22.2,56.1,1,20,5,0,6,30,46,61.4,112,95.1,76.9,120,46.8,72.3,6,33.1
SIM-REQ-02649,SIMULATED,SIM-MRISK-2026.1,OPTG,3,BALLAST_CLEANING,4,HIGH,2,77.1,8.7,71.2,1,4,-4,4,3,30,43,45.4,36,58.4,73.6,150,46.7,39.9,3,37.4
SIM-REQ-02650,SIMULATED,SIM-MRISK-2026.1,ENGG,0,BALLAST_CLEANING,4,MEDIUM,1,77.2,2.4,55.5,1,1,0,0,5,45,30,85.9,73,72.3,104.7,150,46.7,68.4,11,34.7
SIM-REQ-02651,SIMULATED,SIM-MRISK-2026.1,ENGG,0,RAIL_REPLACEMENT,1,LOW,0,77.9,9.8,72.5,1,35,9,0,3,45,54,43.9,41,52.4,73.6,150,46.5,50.1,8,31.9
SIM-REQ-02652,SIMULATED,SIM-MRISK-2026.1,ENGG,0,OHE_INSPECTION,2,LOW,0,66.1,12.0,71.6,1,2,9,0,7,45,48,64.2,111,98.0,164.9,120,49.5,40.7,2,36.2
SIM-REQ-02653,SIMULATED,SIM-MRISK-2026.1,TRD,1,TRACK_CIRCUIT,5,LOW,0,78.1,7.4,31.7,1,7,6,0,5,45,58,74.9,84,82.2,127.1,240,46.5,65.4,17,24.6
SIM-REQ-02654,SIMULATED,SIM-MRISK-2026.1,ENGG,0,TRACK_TAMPING,0,MEDIUM,1,66.6,12.1,55.2,1,2,-18,18,4,90,121,44.5,26,45.9,51.6,60,49.4,65.5,2,49.6
SIM-REQ-02655,SIMULATED,SIM-MRISK-2026.1,TRD,1,TRACK_TAMPING,0,HIGH,2,51.3,16.1,81.6,2,42,8,0,2,180,239,78.5,60,63.7,57.4,60,69.2,67.3,7,50.5
SIM-REQ-02656,SIMULATED,SIM-MRISK-2026.1,ENGG,0,TRACK_TAMPING,0,MEDIUM,1,75.6,5.1,84.4,1,7,8,0,3,180,234,43.6,92,78.9,55.2,240,47.1,83.2,11,31.2
SIM-REQ-02657,SIMULATED,SIM-MRISK-2026.1,OPTG,3,POINT_OVERHAUL,3,MEDIUM,1,44.3,21.5,70.6,3,18,22,0,9,30,19,53.2,67,67.9,149.4,90,86.9,59.4,24,50.9
SIM-REQ-02658,SIMULATED,SIM-MRISK-2026.1,ENGG,0,RAIL_REPLACEMENT,1,HIGH,2,94.8,10.8,84.4,1,23,23,0,6,60,92,54.0,93,85.8,101.6,120,42.3,44.7,4,33.7
SIM-REQ-02659,SIMULATED,SIM-MRISK-2026.1,OPTG,3,BALLAST_CLEANING,4,MEDIUM,1,76.9,5.3,55.1,1,20,-5,5,2,45,19,46.7,73,76.5,51.3,60,46.8,93.4,6,37.8
SIM-REQ-02660,SIMULATED,SIM-MRISK-2026.1,ENGG,0,TRACK_TAMPING,0,MEDIUM,1,60.0,15.7,70.8,3,11,19,0,10,30,44,53.9,101,97.9,244.8,150,83.0,42.5,14,56.9
SIM-REQ-02661,SIMULATED,SIM-MRISK-2026.1,TRD,1,TRACK_CIRCUIT,5,LOW,0,60.5,20.9,73.5,1,1,-6,6,6,60,82,54.1,58,66.2,160.7,180,50.9,37.9,12,44.7
SIM-REQ-02662,SIMULATED,SIM-MRISK-2026.1,ENGG,0,TRACK_TAMPING,0,MEDIUM,1,37.1,9.5,62.3,3,7,9,0,3,60,90,55.1,72,78.0,62.8,180,88.7,42.4,8,54.3
SIM-REQ-02663,SIMULATED,SIM-MRISK-2026.1,TRD,1,POINT_OVERHAUL,3,LOW,0,78.5,14.0,87.5,2,18,7,0,6,90,22,64.2,31,47.5,67.5,60,62.4,61.4,12,40.4
SIM-REQ-02664,SIMULATED,SIM-MRISK-2026.1,ENGG,0,OHE_INSPECTION,2,LOW,0,71.1,11.5,54.5,1,35,1,0,7,90,14,74.6,97,86.3,132.0,180,48.2,78.8,0,36.9
SIM-REQ-02665,SIMULATED,SIM-MRISK-2026.1,SNT,2,TRACK_TAMPING,0,LOW,0,99.7,5.8,79.6,1,2,12,0,3,180,158,95.0,87,85.3,56.7,120,41.1,44.4,12,25.4
SIM-REQ-02666,SIMULATED,SIM-MRISK-2026.1,ENGG,0,WELD_REPAIR,6,LOW,0,61.7,15.6,59.1,2,12,5,0,9,180,249,51.0,67,69.3,128.1,90,66.6,53.6,16,44.2
SIM-REQ-02667,SIMULATED,SIM-MRISK-2026.1,OPTG,3,TRACK_CIRCUIT,5,HIGH,2,88.9,5.7,72.2,2,9,6,0,3,180,106,74.5,29,40.4,64.7,90,59.8,42.3,24,36.5
SIM-REQ-02668,SIMULATED,SIM-MRISK-2026.1,ENGG,0,POINT_OVERHAUL,3,MEDIUM,1,65.4,16.7,73.8,1,40,7,0,4,60,28,93.1,34,43.8,48.6,180,49.6,58.3,20,28.2
SIM-REQ-02669,SIMULATED,SIM-MRISK-2026.1,ENGG,0,RAIL_REPLACEMENT,1,MEDIUM,1,92.1,5.9,72.1,1,0,-3,3,2,180,172,66.1,93,81.9,34.8,150,43.0,65.9,10,35.7
SIM-REQ-02670,SIMULATED,SIM-MRISK-2026.1,ENGG,0,TRACK_CIRCUIT,5,MEDIUM,1,97.2,6.0,48.9,1,14,13,0,3,30,47,81.9,101,88.3,68.5,90,41.7,52.4,24,23.8
SIM-REQ-02671,SIMULATED,SIM-MRISK-2026.1,SNT,2,BALLAST_CLEANING,4,HIGH,2,28.4,25.2,62.3,3,2,27,0,3,30,19,70.8,83,77.3,84.4,60,90.9,47.4,24,49.5
SIM-REQ-02672,SIMULATED,SIM-MRISK-2026.1,TRD,1,TRACK_TAMPING,0,LOW,0,67.4,10.1,71.1,1,11,2,0,1,30,36,54.8,36,40.4,36.5,180,49.1,48.8,2,26.8
SIM-REQ-02673,SIMULATED,SIM-MRISK-2026.1,ENGG,0,TRACK_CIRCUIT,5,LOW,0,50.2,18.9,33.1,2,13,3,0,7,90,58,66.5,21,42.3,78.3,180,69.5,54.7,7,34.5
SIM-REQ-02674,SIMULATED,SIM-MRISK-2026.1,SNT,2,WELD_REPAIR,6,HIGH,2,100.0,3.2,69.7,1,45,-11,11,6,180,183,55.3,82,84.6,132.4,60,41.0,79.8,24,54.6
SIM-REQ-02675,SIMULATED,SIM-MRISK-2026.1,SNT,2,RAIL_REPLACEMENT,1,HIGH,2,71.3,18.3,84.7,1,3,-3,3,5,90,48,65.9,70,65.0,117.4,120,48.2,59.3,13,39.2
SIM-REQ-02676,SIMULATED,SIM-MRISK-2026.1,ENGG,0,TRACK_TAMPING,0,HIGH,2,51.6,14.6,69.3,1,5,5,0,10,30,11,83.2,95,98.0,205.2,240,53.1,44.8,5,33.4
SIM-REQ-02677,SIMULATED,SIM-MRISK-2026.1,ENGG,0,RAIL_REPLACEMENT,1,HIGH,2,94.1,6.6,73.4,1,23,18,0,5,90,135,71.9,85,82.0,46.1,90,42.5,63.7,22,25.9
SIM-REQ-02678,SIMULATED,SIM-MRISK-2026.1,ENGG,0,TRACK_TAMPING,0,LOW,0,69.0,9.6,71.6,1,21,0,0,6,60,64,82.3,59,66.2,92.8,120,48.8,51.3,12,28.3
SIM-REQ-02679,SIMULATED,SIM-MRISK-2026.1,SNT,2,TRACK_CIRCUIT,5,HIGH,2,71.8,10.9,36.3,1,7,24,0,5,90,30,77.7,63,70.5,124.5,90,48.0,50.3,1,22.8
SIM-REQ-02680,SIMULATED,SIM-MRISK-2026.1,OPTG,3,POINT_OVERHAUL,3,MEDIUM,1,59.0,16.9,79.8,2,7,12,0,4,30,32,57.9,35,45.9,91.4,240,67.2,47.1,5,36.4
SIM-REQ-02681,SIMULATED,SIM-MRISK-2026.1,OPTG,3,RAIL_REPLACEMENT,1,LOW,0,79.9,6.8,89.2,2,11,1,0,6,60,83,63.0,47,60.8,125.2,240,62.0,78.6,3,37.2
SIM-REQ-02682,SIMULATED,SIM-MRISK-2026.1,SNT,2,RAIL_REPLACEMENT,1,MEDIUM,1,81.2,3.8,88.8,1,0,-10,10,7,180,156,47.8,62,72.7,143.6,60,45.7,86.8,24,50.1
SIM-REQ-02683,SIMULATED,SIM-MRISK-2026.1,ENGG,0,OHE_INSPECTION,2,MEDIUM,1,76.4,7.3,61.5,1,1,19,0,11,90,93,57.8,98,74.9,203.6,120,46.9,36.2,4,36.0
SIM-REQ-02684,SIMULATED,SIM-MRISK-2026.1,ENGG,0,RAIL_REPLACEMENT,1,LOW,0,93.3,3.7,77.3,1,2,16,0,5,90,70,62.0,113,97.8,90.7,120,42.7,64.1,17,29.3
SIM-REQ-02685,SIMULATED,SIM-MRISK-2026.1,OPTG,3,TRACK_CIRCUIT,5,LOW,0,64.0,14.7,71.0,2,9,6,0,7,180,126,71.3,67,59.7,153.9,240,66.0,44.6,11,42.4
SIM-REQ-02686,SIMULATED,SIM-MRISK-2026.1,ENGG,0,RAIL_REPLACEMENT,1,LOW,0,59.2,13.1,88.4,1,2,-9,9,5,30,13,83.8,49,53.4,77.2,60,51.2,83.8,11,52.7
SIM-REQ-02687,SIMULATED,SIM-MRISK-2026.1,TRD,1,POINT_OVERHAUL,3,LOW,0,92.5,4.2,89.1,1,0,5,0,4,30,31,41.5,100,93.5,62.4,90,42.9,91.5,9,33.4
SIM-REQ-02688,SIMULATED,SIM-MRISK-2026.1,TRD,1,TRACK_TAMPING,0,LOW,0,47.1,17.3,63.6,1,7,-1,1,4,45,24,61.4,86,82.7,73.7,150,54.2,54.4,20,45.3
SIM-REQ-02689,SIMULATED,SIM-MRISK-2026.1,TRD,1,OHE_INSPECTION,2,MEDIUM,1,84.8,12.6,33.4,1,4,12,0,5,30,42,76.4,61,58.7,87.4,120,44.8,74.6,9,20.9
SIM-REQ-02690,SIMULATED,SIM-MRISK-2026.1,SNT,2,WELD_REPAIR,6,MEDIUM,1,84.0,3.0,54.6,1,1,27,0,5,45,11,61.3,90,79.3,86.1,120,45.0,64.6,24,22.1
SIM-REQ-02691,SIMULATED,SIM-MRISK-2026.1,TRD,1,WELD_REPAIR,6,HIGH,2,54.5,22.3,74.9,3,14,11,0,4,30,43,76.0,22,39.3,111.3,240,84.4,40.9,17,52.0
SIM-REQ-02692,SIMULATED,SIM-MRISK-2026.1,TRD,1,POINT_OVERHAUL,3,MEDIUM,1,91.8,6.9,89.9,2,0,14,0,5,180,270,49.1,105,98.0,81.0,180,59.0,81.0,9,44.7
SIM-REQ-02693,SIMULATED,SIM-MRISK-2026.1,SNT,2,TRACK_TAMPING,0,LOW,0,57.2,21.3,64.6,1,16,15,0,5,45,17,52.8,27,40.0,114.1,240,51.7,69.8,10,24.8
SIM-REQ-02694,SIMULATED,SIM-MRISK-2026.1,TRD,1,RAIL_REPLACEMENT,1,LOW,0,45.1,24.7,96.7,2,3,20,0,5,60,10,42.1,73,68.5,136.9,180,70.7,48.6,2,46.1
SIM-REQ-02695,SIMULATED,SIM-MRISK-2026.1,ENGG,0,TRACK_TAMPING,0,LOW,0,96.5,2.6,56.5,1,33,10,0,6,45,35,81.3,88,81.2,59.6,120,41.9,90.9,8,31.2
SIM-REQ-02696,SIMULATED,SIM-MRISK-2026.1,ENGG,0,POINT_OVERHAUL,3,MEDIUM,1,100.0,5.9,74.5,2,2,20,0,5,90,84,94.0,91,87.4,41.6,150,57.0,78.9,1,35.1
SIM-REQ-02697,SIMULATED,SIM-MRISK-2026.1,ENGG,0,BALLAST_CLEANING,4,MEDIUM,1,100.0,0.7,61.5,1,29,-3,3,3,180,131,47.1,29,36.4,57.9,90,41.0,90.5,15,36.9
SIM-REQ-02698,SIMULATED,SIM-MRISK-2026.1,TRD,1,TRACK_CIRCUIT,5,MEDIUM,1,74.7,9.6,40.5,1,6,-1,1,3,45,55,68.9,47,57.6,66.6,240,47.3,74.3,20,24.8
SIM-REQ-02699,SIMULATED,SIM-MRISK-2026.1,ENGG,0,BALLAST_CLEANING,4,HIGH,2,68.6,10.1,60.9,1,9,13,0,4,180,113,83.2,39,47.8,61.1,180,48.9,88.0,15,26.2
SIM-REQ-02700,SIMULATED,SIM-MRISK-2026.1,SNT,2,TRACK_CIRCUIT,5,MEDIUM,1,55.0,9.3,55.3,2,15,-2,2,2,90,55,48.5,102,95.8,64.2,240,68.2,82.5,19,52.1
SIM-REQ-02701,SIMULATED,SIM-MRISK-2026.1,SNT,2,TRACK_CIRCUIT,5,LOW,0,89.5,5.2,70.3,1,1,-5,5,6,180,204,78.3,95,86.3,144.5,90,43.6,79.5,5,44.1
SIM-REQ-02702,SIMULATED,SIM-MRISK-2026.1,TRD,1,TRACK_CIRCUIT,5,MEDIUM,1,93.8,7.1,55.0,1,6,-2,2,2,45,31,63.6,105,93.4,44.1,150,42.5,81.5,11,35.5
SIM-REQ-02703,SIMULATED,SIM-MRISK-2026.1,ENGG,0,POINT_OVERHAUL,3,LOW,0,49.1,17.5,88.2,2,3,7,0,5,30,44,82.6,68,61.5,145.3,180,69.7,58.5,21,47.9
SIM-REQ-02704,SIMULATED,SIM-MRISK-2026.1,ENGG,0,POINT_OVERHAUL,3,HIGH,2,54.5,18.3,87.4,2,1,6,0,2,45,52,88.6,72,64.2,60.6,180,68.4,87.8,13,45.2
SIM-REQ-02705,SIMULATED,SIM-MRISK-2026.1,ENGG,0,RAIL_REPLACEMENT,1,HIGH,2,77.4,6.8,76.6,2,14,5,0,8,30,43,63.0,49,64.3,134.0,120,62.6,44.7,19,40.0
SIM-REQ-02706,SIMULATED,SIM-MRISK-2026.1,ENGG,0,TRACK_TAMPING,0,LOW,0,82.1,4.4,70.8,1,5,10,0,6,30,29,67.5,32,49.2,127.2,90,45.5,66.4,3,26.8
SIM-REQ-02707,SIMULATED,SIM-MRISK-2026.1,OPTG,3,BALLAST_CLEANING,4,HIGH,2,51.8,11.8,74.9,3,4,12,0,12,60,37,48.6,104,92.8,126.2,60,85.0,50.0,22,54.4
SIM-REQ-02708,SIMULATED,SIM-MRISK-2026.1,OPTG,3,TRACK_TAMPING,0,MEDIUM,1,68.1,6.5,78.3,1,20,15,0,4,60,74,84.2,100,91.6,64.6,150,49.0,56.7,22,32.6
SIM-REQ-02709,SIMULATED,SIM-MRISK-2026.1,TRD,1,BALLAST_CLEANING,4,MEDIUM,1,77.4,3.5,54.5,1,9,-2,2,8,30,14,83.2,21,49.2,89.1,60,46.6,46.7,1,31.9
SIM-REQ-02710,SIMULATED,SIM-MRISK-2026.1,SNT,2,TRACK_CIRCUIT,5,LOW,0,54.8,14.7,64.4,2,13,11,0,1,60,80,63.6,90,84.0,36.2,90,68.3,88.7,22,45.1
SIM-REQ-02711,SIMULATED,SIM-MRISK-2026.1,ENGG,0,OHE_INSPECTION,2,HIGH,2,90.2,3.4,40.2,1,30,16,0,2,30,41,71.1,32,50.5,35.1,60,43.5,46.5,9,15.9
SIM-REQ-02712,SIMULATED,SIM-MRISK-2026.1,OPTG,3,RAIL_REPLACEMENT,1,MEDIUM,1,74.1,11.6,75.0,1,1,-2,2,3,90,10,70.7,50,61.5,35.0,120,47.5,63.7,17,36.5
SIM-REQ-02713,SIMULATED,SIM-MRISK-2026.1,ENGG,0,WELD_REPAIR,6,LOW,0,89.6,5.8,83.9,1,29,9,0,5,30,17,59.6,97,94.4,117.3,240,43.6,89.4,0,33.6
SIM-REQ-02714,SIMULATED,SIM-MRISK-2026.1,ENGG,0,TRACK_TAMPING,0,MEDIUM,1,56.1,10.0,55.8,3,0,17,0,4,45,60,71.1,34,47.8,83.4,60,84.0,40.4,9,44.4
SIM-REQ-02715,SIMULATED,SIM-MRISK-2026.1,ENGG,0,OHE_INSPECTION,2,MEDIUM,1,69.0,12.1,34.4,1,8,6,0,4,45,30,81.5,47,67.1,96.4,240,48.8,57.9,14,24.4
SIM-REQ-02716,SIMULATED,SIM-MRISK-2026.1,ENGG,0,POINT_OVERHAUL,3,MEDIUM,1,44.4,16.2,92.0,2,26,-9,9,4,180,22,97.3,79,80.4,113.7,240,70.9,41.7,19,67.9
SIM-REQ-02717,SIMULATED,SIM-MRISK-2026.1,SNT,2,TRACK_TAMPING,0,MEDIUM,1,67.2,6.7,74.0,1,9,-12,12,7,45,55,59.2,100,80.0,112.5,120,49.2,88.5,12,50.2
SIM-REQ-02718,SIMULATED,SIM-MRISK-2026.1,ENGG,0,BALLAST_CLEANING,4,LOW,0,45.9,12.5,59.6,2,20,0,0,5,60,38,81.1,69,69.1,116.7,150,70.5,39.6,22,41.0
SIM-REQ-02719,SIMULATED,SIM-MRISK-2026.1,ENGG,0,POINT_OVERHAUL,3,MEDIUM,1,73.6,6.3,92.7,1,15,7,0,3,30,41,86.0,50,59.1,52.5,60,47.6,80.0,15,31.3
SIM-REQ-02720,SIMULATED,SIM-MRISK-2026.1,ENGG,0,TRACK_TAMPING,0,LOW,0,84.8,12.7,63.0,1,7,5,0,1,180,245,50.8,76,75.3,24.5,240,44.8,56.2,13,23.5
SIM-REQ-02721,SIMULATED,SIM-MRISK-2026.1,ENGG,0,RAIL_REPLACEMENT,1,MEDIUM,1,62.7,18.6,92.8,1,3,18,0,7,60,19,59.1,85,75.4,84.9,180,50.3,91.0,15,36.0
SIM-REQ-02722,SIMULATED,SIM-MRISK-2026.1,SNT,2,OHE_INSPECTION,2,MEDIUM,1,71.0,8.2,66.6,1,7,0,0,4,60,93,70.6,22,43.0,92.1,180,48.2,67.5,21,26.0
SIM-REQ-02723,SIMULATED,SIM-MRISK-2026.1,OPTG,3,TRACK_TAMPING,0,LOW,0,75.0,6.2,66.8,1,16,1,0,3,60,10,93.8,103,87.5,58.1,90,47.2,65.0,1,34.0
SIM-REQ-02724,SIMULATED,SIM-MRISK-2026.1,ENGG,0,POINT_OVERHAUL,3,MEDIUM,1,80.3,9.6,88.2,1,15,0,0,4,180,129,91.6,71,74.4,76.6,90,45.9,60.0,10,31.5
SIM-REQ-02725,SIMULATED,SIM-MRISK-2026.1,ENGG,0,OHE_INSPECTION,2,MEDIUM,1,76.1,8.6,56.6,1,9,0,0,2,180,215,71.1,103,96.8,29.6,150,47.0,44.0,13,28.8
SIM-REQ-02726,SIMULATED,SIM-MRISK-2026.1,ENGG,0,TRACK_TAMPING,0,MEDIUM,1,66.3,13.7,60.6,1,2,13,0,4,45,63,63.9,90,87.7,51.5,60,49.4,53.0,17,26.9
SIM-REQ-02727,SIMULATED,SIM-MRISK-2026.1,SNT,2,RAIL_REPLACEMENT,1,LOW,0,47.3,21.9,92.0,2,30,6,0,5,180,181,82.4,112,96.4,113.6,120,70.2,86.0,9,54.2
SIM-REQ-02728,SIMULATED,SIM-MRISK-2026.1,TRD,1,POINT_OVERHAUL,3,MEDIUM,1,85.6,1.6,96.0,1,2,-6,6,3,60,56,45.9,90,82.0,79.9,120,44.6,79.8,4,47.3
SIM-REQ-02729,SIMULATED,SIM-MRISK-2026.1,ENGG,0,RAIL_REPLACEMENT,1,HIGH,2,87.5,8.6,83.9,1,21,2,0,4,30,37,91.4,85,88.0,90.2,150,44.1,57.7,7,35.7
SIM-REQ-02730,SIMULATED,SIM-MRISK-2026.1,SNT,2,WELD_REPAIR,6,MEDIUM,1,65.2,12.7,59.9,1,7,3,0,2,45,58,96.5,85,81.4,39.6,60,49.7,88.0,3,29.1
SIM-REQ-02731,SIMULATED,SIM-MRISK-2026.1,TRD,1,BALLAST_CLEANING,4,HIGH,2,67.1,15.4,58.8,1,5,11,0,5,180,214,56.3,29,47.8,123.1,180,49.2,76.8,10,21.3
SIM-REQ-02732,SIMULATED,SIM-MRISK-2026.1,ENGG,0,WELD_REPAIR,6,MEDIUM,1,72.6,12.8,78.2,1,1,5,0,7,180,254,77.4,44,62.9,119.8,60,47.9,36.7,2,29.8
SIM-REQ-02733,SIMULATED,SIM-MRISK-2026.1,TRD,1,TRACK_TAMPING,0,MEDIUM,1,88.9,4.5,76.3,2,38,7,0,4,180,31,54.7,105,98.0,86.9,60,59.8,46.2,13,50.1
SIM-REQ-02734,SIMULATED,SIM-MRISK-2026.1,ENGG,0,RAIL_REPLACEMENT,1,LOW,0,66.9,8.2,71.5,1,0,1,0,3,30,29,60.6,68,66.1,37.3,180,49.3,42.4,20,32.3
SIM-REQ-02735,SIMULATED,SIM-MRISK-2026.1,SNT,2,BALLAST_CLEANING,4,LOW,0,59.7,11.7,68.3,1,7,-21,21,4,180,99,62.1,108,98.0,66.0,240,51.1,62.7,17,50.6
SIM-REQ-02736,SIMULATED,SIM-MRISK-2026.1,ENGG,0,WELD_REPAIR,6,MEDIUM,1,83.9,6.8,78.5,1,18,-22,22,3,60,57,81.0,91,87.7,53.9,60,45.0,94.9,8,50.4
SIM-REQ-02737,SIMULATED,SIM-MRISK-2026.1,TRD,1,TRACK_CIRCUIT,5,MEDIUM,1,87.5,8.9,61.3,2,0,1,0,5,60,67,71.1,113,98.0,112.5,150,60.1,75.4,10,41.1
SIM-REQ-02738,SIMULATED,SIM-MRISK-2026.1,ENGG,0,WELD_REPAIR,6,HIGH,2,37.1,21.9,77.7,1,41,-3,3,2,30,22,49.6,62,67.4,55.4,90,56.7,69.0,14,42.4
SIM-REQ-02739,SIMULATED,SIM-MRISK-2026.1,OPTG,3,POINT_OVERHAUL,3,LOW,0,87.7,4.4,74.2,2,17,26,0,4,30,29,84.1,49,63.1,83.1,60,60.1,80.8,14,29.8
SIM-REQ-02740,SIMULATED,SIM-MRISK-2026.1,ENGG,0,TRACK_CIRCUIT,5,LOW,0,75.1,4.1,67.6,2,10,17,0,5,30,44,70.3,109,98.0,105.5,60,63.2,41.4,19,40.2
SIM-REQ-02741,SIMULATED,SIM-MRISK-2026.1,ENGG,0,RAIL_REPLACEMENT,1,MEDIUM,1,94.2,2.3,90.1,1,28,-6,6,3,60,94,47.6,48,53.8,45.0,240,42.5,70.7,23,42.2
SIM-REQ-02742,SIMULATED,SIM-MRISK-2026.1,ENGG,0,TRACK_CIRCUIT,5,LOW,0,43.6,22.3,68.7,2,10,15,0,4,45,65,46.6,87,78.0,74.2,150,71.1,39.7,6,39.3
SIM-REQ-02743,SIMULATED,SIM-MRISK-2026.1,TRD,1,RAIL_REPLACEMENT,1,MEDIUM,1,81.3,6.1,78.6,2,16,26,0,2,90,95,65.8,95,79.5,38.8,60,61.7,91.7,4,42.5
SIM-REQ-02744,SIMULATED,SIM-MRISK-2026.1,TRD,1,TRACK_CIRCUIT,5,LOW,0,81.9,11.4,54.2,1,12,11,0,4,90,59,55.7,91,88.8,88.2,120,45.5,37.7,24,28.5
SIM-REQ-02745,SIMULATED,SIM-MRISK-2026.1,SNT,2,OHE_INSPECTION,2,LOW,0,50.5,12.0,67.3,1,23,-7,7,4,60,52,55.8,39,44.5,111.2,180,53.4,86.0,4,43.2
SIM-REQ-02746,SIMULATED,SIM-MRISK-2026.1,ENGG,0,OHE_INSPECTION,2,MEDIUM,1,76.1,10.4,64.3,2,3,-15,15,2,30,19,52.0,50,62.6,49.0,180,63.0,42.3,21,48.8
SIM-REQ-02747,SIMULATED,SIM-MRISK-2026.1,ENGG,0,RAIL_REPLACEMENT,1,MEDIUM,1,82.4,6.1,75.1,1,12,4,0,5,60,27,67.7,106,98.0,64.9,150,45.4,82.7,6,30.7
SIM-REQ-02748,SIMULATED,SIM-MRISK-2026.1,ENGG,0,WELD_REPAIR,6,LOW,0,79.4,10.4,71.0,2,4,16,0,4,45,12,43.7,57,65.0,78.7,240,62.1,94.3,9,33.2
SIM-REQ-02749,SIMULATED,SIM-MRISK-2026.1,TRD,1,OHE_INSPECTION,2,LOW,0,62.3,15.5,73.1,1,14,16,0,5,60,10,65.6,23,43.3,119.2,90,50.4,53.6,14,26.0
SIM-REQ-02750,SIMULATED,SIM-MRISK-2026.1,ENGG,0,OHE_INSPECTION,2,MEDIUM,1,63.7,8.0,31.0,3,1,13,0,5,60,48,70.0,47,54.5,59.5,90,82.1,84.4,12,32.5
SIM-REQ-02751,SIMULATED,SIM-MRISK-2026.1,TRD,1,TRACK_TAMPING,0,MEDIUM,1,85.0,9.0,59.0,1,11,0,0,3,60,41,81.9,66,70.3,77.4,240,44.8,37.2,4,29.7
SIM-REQ-02752,SIMULATED,SIM-MRISK-2026.1,OPTG,3,TRACK_CIRCUIT,5,MEDIUM,1,89.8,7.5,67.7,1,0,16,0,6,60,77,49.1,89,82.2,55.7,150,43.5,85.0,1,26.9
SIM-REQ-02753,SIMULATED,SIM-MRISK-2026.1,TRD,1,TRACK_TAMPING,0,MEDIUM,1,79.8,7.2,71.7,1,0,-1,1,5,90,119,69.9,25,36.9,55.1,180,46.0,58.7,12,33.9
SIM-REQ-02754,SIMULATED,SIM-MRISK-2026.1,ENGG,0,POINT_OVERHAUL,3,HIGH,2,47.4,14.3,81.9,2,1,19,0,1,180,95,81.6,35,54.6,37.6,120,70.2,80.0,17,35.2
SIM-REQ-02755,SIMULATED,SIM-MRISK-2026.1,SNT,2,TRACK_TAMPING,0,HIGH,2,87.2,3.6,54.6,1,7,-8,8,7,45,40,45.7,100,96.8,70.5,240,44.2,47.1,17,45.5
SIM-REQ-02756,SIMULATED,SIM-MRISK-2026.1,ENGG,0,TRACK_CIRCUIT,5,MEDIUM,1,87.9,9.1,46.4,1,41,10,0,5,180,65,92.8,86,91.1,96.9,180,44.0,51.7,8,31.3
SIM-REQ-02757,SIMULATED,SIM-MRISK-2026.1,TRD,1,TRACK_TAMPING,0,LOW,0,74.2,7.4,68.0,1,2,-18,18,2,30,14,93.6,107,96.2,42.4,180,47.5,80.5,8,53.8
SIM-REQ-02758,SIMULATED,SIM-MRISK-2026.1,SNT,2,BALLAST_CLEANING,4,MEDIUM,1,81.9,7.9,69.4,1,16,10,0,3,180,281,77.9,102,89.1,64.1,90,45.5,92.7,24,31.1
SIM-REQ-02759,SIMULATED,SIM-MRISK-2026.1,ENGG,0,POINT_OVERHAUL,3,MEDIUM,1,48.6,17.9,74.3,2,13,9,0,3,60,16,43.0,112,97.8,53.5,90,69.8,48.3,4,42.5
SIM-REQ-02760,SIMULATED,SIM-MRISK-2026.1,ENGG,0,TRACK_CIRCUIT,5,MEDIUM,1,68.9,9.5,73.3,1,4,7,0,7,60,20,70.9,30,38.7,178.9,150,48.8,68.1,18,31.9
SIM-REQ-02761,SIMULATED,SIM-MRISK-2026.1,ENGG,0,RAIL_REPLACEMENT,1,MEDIUM,1,70.3,14.2,92.4,1,33,7,0,6,30,30,89.6,82,78.0,87.7,240,48.4,50.8,12,38.0
SIM-REQ-02762,SIMULATED,SIM-MRISK-2026.1,TRD,1,TRACK_CIRCUIT,5,HIGH,2,57.0,9.9,58.0,2,8,-1,1,10,30,31,42.6,106,98.0,121.5,150,67.8,91.8,4,51.8
SIM-REQ-02763,SIMULATED,SIM-MRISK-2026.1,ENGG,0,POINT_OVERHAUL,3,LOW,0,94.0,1.8,75.7,2,3,4,0,3,180,74,46.0,108,93.0,41.0,90,58.5,88.9,11,41.1
SIM-REQ-02764,SIMULATED,SIM-MRISK-2026.1,OPTG,3,OHE_INSPECTION,2,HIGH,2,94.9,6.3,31.4,1,8,0,0,4,90,106,67.4,69,66.0,40.2,120,42.3,52.8,20,22.0
SIM-REQ-02765,SIMULATED,SIM-MRISK-2026.1,ENGG,0,TRACK_CIRCUIT,5,MEDIUM,1,26.2,26.1,39.5,3,28,3,0,6,45,36,60.0,70,64.2,127.7,240,91.5,86.8,5,57.3
SIM-REQ-02766,SIMULATED,SIM-MRISK-2026.1,ENGG,0,POINT_OVERHAUL,3,LOW,0,36.3,23.0,73.9,2,2,9,0,1,30,14,86.5,61,65.9,45.9,150,72.9,61.0,12,39.1
SIM-REQ-02767,SIMULATED,SIM-MRISK-2026.1,SNT,2,BALLAST_CLEANING,4,MEDIUM,1,59.0,15.1,68.4,1,19,-5,5,0,45,35,66.3,34,47.8,16.4,120,51.2,77.6,4,39.2
SIM-REQ-02768,SIMULATED,SIM-MRISK-2026.1,TRD,1,TRACK_TAMPING,0,MEDIUM,1,64.1,6.3,74.8,2,1,1,0,8,30,32,44.3,98,88.7,134.4,180,66.0,87.9,3,45.4
SIM-REQ-02769,SIMULATED,SIM-MRISK-2026.1,ENGG,0,RAIL_REPLACEMENT,1,LOW,0,98.2,7.9,87.1,1,6,5,0,8,90,104,97.4,96,94.6,191.6,60,41.5,71.1,0,38.0
SIM-REQ-02770,SIMULATED,SIM-MRISK-2026.1,SNT,2,BALLAST_CLEANING,4,LOW,0,85.3,7.2,77.0,1,23,7,0,3,30,15,76.5,93,88.8,80.7,120,44.7,85.0,14,32.7
SIM-REQ-02771,SIMULATED,SIM-MRISK-2026.1,ENGG,0,RAIL_REPLACEMENT,1,MEDIUM,1,37.4,26.2,97.6,3,25,-4,4,7,60,73,76.1,28,40.1,84.9,90,88.7,68.9,22,70.0
SIM-REQ-02772,SIMULATED,SIM-MRISK-2026.1,TRD,1,POINT_OVERHAUL,3,HIGH,2,70.0,7.0,91.9,1,18,-16,16,5,45,44,44.5,49,56.9,97.9,150,48.5,85.1,7,49.8
SIM-REQ-02773,SIMULATED,SIM-MRISK-2026.1,OPTG,3,TRACK_TAMPING,0,HIGH,2,59.1,11.3,50.4,3,3,15,0,4,60,77,55.5,37,50.9,51.4,90,83.2,41.5,19,44.0
SIM-REQ-02774,SIMULATED,SIM-MRISK-2026.1,ENGG,0,TRACK_CIRCUIT,5,MEDIUM,1,97.4,13.2,58.7,2,1,10,0,3,180,263,42.3,84,83.0,75.9,180,57.6,36.3,8,33.4
SIM-REQ-02775,SIMULATED,SIM-MRISK-2026.1,SNT,2,OHE_INSPECTION,2,MEDIUM,1,90.7,7.2,42.7,2,17,15,0,6,30,11,74.0,55,60.5,100.7,150,59.3,64.3,5,31.6
SIM-REQ-02776,SIMULATED,SIM-MRISK-2026.1,ENGG,0,TRACK_CIRCUIT,5,MEDIUM,1,82.9,7.3,46.3,1,7,16,0,2,45,66,80.4,60,68.8,29.4,150,45.3,49.0,20,25.6
SIM-REQ-02777,SIMULATED,SIM-MRISK-2026.1,OPTG,3,TRACK_CIRCUIT,5,MEDIUM,1,64.4,6.7,68.3,2,22,0,0,6,180,65,87.2,88,90.4,153.8,60,65.9,42.8,5,48.2
SIM-REQ-02778,SIMULATED,SIM-MRISK-2026.1,SNT,2,POINT_OVERHAUL,3,MEDIUM,1,70.6,11.0,84.7,2,9,-1,1,6,45,41,95.6,57,54.9,102.0,180,64.3,74.7,23,49.3
SIM-REQ-02779,SIMULATED,SIM-MRISK-2026.1,ENGG,0,WELD_REPAIR,6,MEDIUM,1,46.1,21.8,62.4,3,14,14,0,2,30,40,49.4,36,43.2,44.7,150,86.5,82.0,17,50.0
SIM-REQ-02780,SIMULATED,SIM-MRISK-2026.1,OPTG,3,WELD_REPAIR,6,HIGH,2,55.6,16.4,58.4,2,0,0,0,5,30,14,92.0,26,43.6,60.2,240,68.1,47.7,14,37.4
SIM-REQ-02781,SIMULATED,SIM-MRISK-2026.1,SNT,2,RAIL_REPLACEMENT,1,MEDIUM,1,57.1,5.6,80.9,1,4,2,0,5,90,20,71.4,56,63.0,81.1,180,51.7,41.5,2,30.6
SIM-REQ-02782,SIMULATED,SIM-MRISK-2026.1,SNT,2,TRACK_TAMPING,0,LOW,0,85.7,2.1,71.4,1,35,-5,5,4,30,29,79.1,51,54.5,94.5,120,44.6,41.2,0,43.6
SIM-REQ-02783,SIMULATED,SIM-MRISK-2026.1,OPTG,3,TRACK_TAMPING,0,MEDIUM,1,73.3,10.8,78.3,1,55,-1,1,3,180,218,88.5,27,39.0,74.1,60,47.7,58.9,2,34.8
SIM-REQ-02784,SIMULATED,SIM-MRISK-2026.1,ENGG,0,POINT_OVERHAUL,3,LOW,0,64.9,12.7,76.7,1,13,-4,4,1,60,80,78.3,35,50.1,36.5,240,49.8,69.2,15,40.2
SIM-REQ-02785,SIMULATED,SIM-MRISK-2026.1,TRD,1,WELD_REPAIR,6,LOW,0,65.2,13.6,53.2,1,7,20,0,4,30,38,60.0,109,94.9,69.2,240,49.7,61.8,3,32.6
SIM-REQ-02786,SIMULATED,SIM-MRISK-2026.1,ENGG,0,WELD_REPAIR,6,MEDIUM,1,57.5,16.6,83.1,3,2,11,0,4,90,98,73.1,28,43.6,57.8,120,83.6,43.8,9,46.9
SIM-REQ-02787,SIMULATED,SIM-MRISK-2026.1,ENGG,0,OHE_INSPECTION,2,LOW,0,82.8,9.8,58.2,2,20,11,0,5,180,38,63.1,76,73.4,80.0,150,61.3,91.6,12,36.1
SIM-REQ-02788,SIMULATED,SIM-MRISK-2026.1,ENGG,0,TRACK_CIRCUIT,5,MEDIUM,1,74.6,10.3,33.6,1,20,-14,14,3,90,37,57.0,78,76.3,66.3,240,47.4,54.1,15,43.0
SIM-REQ-02789,SIMULATED,SIM-MRISK-2026.1,ENGG,0,POINT_OVERHAUL,3,LOW,0,65.4,6.8,84.2,1,9,-8,8,3,180,151,48.0,34,47.0,81.4,150,49.6,45.7,5,44.1
SIM-REQ-02790,SIMULATED,SIM-MRISK-2026.1,OPTG,3,WELD_REPAIR,6,MEDIUM,1,83.5,13.9,73.8,1,2,3,0,6,90,88,56.5,100,93.8,129.6,60,45.1,36.3,23,34.5
SIM-REQ-02791,SIMULATED,SIM-MRISK-2026.1,TRD,1,OHE_INSPECTION,2,MEDIUM,1,78.2,10.1,51.7,2,24,9,0,6,90,52,56.1,81,74.4,131.1,240,62.5,82.7,16,42.9
SIM-REQ-02792,SIMULATED,SIM-MRISK-2026.1,TRD,1,POINT_OVERHAUL,3,LOW,0,96.8,2.5,89.1,2,30,-25,25,5,180,83,68.4,109,98.0,103.3,60,57.8,48.6,7,69.2
SIM-REQ-02793,SIMULATED,SIM-MRISK-2026.1,TRD,1,TRACK_TAMPING,0,MEDIUM,1,85.4,4.6,59.3,1,10,1,0,5,30,35,85.1,49,52.5,56.2,90,44.6,86.8,4,21.4
SIM-REQ-02794,SIMULATED,SIM-MRISK-2026.1,ENGG,0,WELD_REPAIR,6,HIGH,2,88.9,7.8,83.6,2,5,1,0,3,60,56,62.6,93,86.8,74.1,240,59.8,89.2,15,35.2
SIM-REQ-02795,SIMULATED,SIM-MRISK-2026.1,ENGG,0,RAIL_REPLACEMENT,1,LOW,0,66.1,8.8,85.4,1,5,31,0,7,45,50,48.1,53,65.2,177.1,60,49.5,37.9,17,29.7
SIM-REQ-02796,SIMULATED,SIM-MRISK-2026.1,ENGG,0,WELD_REPAIR,6,MEDIUM,1,72.3,9.1,65.9,2,17,-1,1,4,60,53,79.8,92,96.0,107.0,60,63.9,63.0,10,50.8
SIM-REQ-02797,SIMULATED,SIM-MRISK-2026.1,ENGG,0,WELD_REPAIR,6,MEDIUM,1,69.6,14.9,75.9,1,4,3,0,10,45,52,92.5,57,60.6,229.0,240,48.6,61.0,5,29.4
SIM-REQ-02798,SIMULATED,SIM-MRISK-2026.1,TRD,1,BALLAST_CLEANING,4,LOW,0,66.4,16.0,55.6,1,21,12,0,4,45,64,64.3,20,37.2,55.6,90,49.4,90.5,20,26.9
SIM-REQ-02799,SIMULATED,SIM-MRISK-2026.1,SNT,2,TRACK_TAMPING,0,MEDIUM,1,89.0,4.0,63.6,2,10,0,0,6,60,71,41.3,45,54.1,120.2,240,59.8,74.2,22,34.2
SIM-REQ-02800,SIMULATED,SIM-MRISK-2026.1,ENGG,0,TRACK_CIRCUIT,5,HIGH,2,59.2,3.7,43.8,2,14,14,0,6,90,133,72.6,62,67.8,128.0,90,67.2,38.3,15,38.8
SIM-REQ-02801,SIMULATED,SIM-MRISK-2026.1,SNT,2,OHE_INSPECTION,2,MEDIUM,1,81.8,11.1,44.6,1,52,-13,13,3,90,18,57.4,110,93.0,32.0,240,45.5,41.5,21,49.1
SIM-REQ-02802,SIMULATED,SIM-MRISK-2026.1,SNT,2,RAIL_REPLACEMENT,1,LOW,0,56.8,19.1,75.9,2,2,1,0,3,45,70,56.8,86,76.8,45.1,180,67.8,76.4,11,43.0
SIM-REQ-02803,SIMULATED,SIM-MRISK-2026.1,ENGG,0,TRACK_TAMPING,0,MEDIUM,1,90.8,9.4,55.9,1,13,5,0,3,45,51,55.3,93,79.6,29.4,60,43.3,94.5,14,26.3
SIM-REQ-02804,SIMULATED,SIM-MRISK-2026.1,ENGG,0,BALLAST_CLEANING,4,MEDIUM,1,100.0,7.1,60.2,2,5,-12,12,2,90,43,71.8,88,82.3,30.5,180,57.0,76.0,11,52.1
SIM-REQ-02805,SIMULATED,SIM-MRISK-2026.1,TRD,1,POINT_OVERHAUL,3,HIGH,2,67.5,9.1,75.1,2,20,0,0,5,60,73,88.4,95,86.0,138.0,180,65.1,94.0,23,46.8
SIM-REQ-02806,SIMULATED,SIM-MRISK-2026.1,ENGG,0,BALLAST_CLEANING,4,MEDIUM,1,61.7,11.0,84.5,1,19,0,0,5,30,36,60.0,111,90.6,60.0,240,50.6,53.7,21,40.0
SIM-REQ-02807,SIMULATED,SIM-MRISK-2026.1,ENGG,0,TRACK_TAMPING,0,MEDIUM,1,42.8,21.2,67.4,2,2,0,0,6,180,277,79.5,77,69.6,148.9,90,71.3,55.7,6,42.4
SIM-REQ-02808,SIMULATED,SIM-MRISK-2026.1,SNT,2,POINT_OVERHAUL,3,MEDIUM,1,70.2,11.7,81.4,1,1,3,0,5,90,130,96.3,89,95.5,53.2,90,48.5,68.7,12,37.9
SIM-REQ-02809,SIMULATED,SIM-MRISK-2026.1,ENGG,0,TRACK_CIRCUIT,5,HIGH,2,55.1,8.3,74.7,2,9,0,0,7,45,22,80.1,46,50.0,139.8,240,68.2,87.1,2,41.8
SIM-REQ-02810,SIMULATED,SIM-MRISK-2026.1,ENGG,0,WELD_REPAIR,6,HIGH,2,84.4,6.5,76.3,1,31,15,0,6,90,105,93.7,60,62.7,73.1,60,44.9,54.0,19,28.9
SIM-REQ-02811,SIMULATED,SIM-MRISK-2026.1,SNT,2,TRACK_TAMPING,0,MEDIUM,1,62.0,8.1,60.2,2,23,-8,8,3,90,125,83.8,78,80.7,63.5,240,66.5,45.2,15,57.3
SIM-REQ-02812,SIMULATED,SIM-MRISK-2026.1,ENGG,0,TRACK_TAMPING,0,HIGH,2,67.6,11.6,57.0,2,6,-12,12,9,30,24,41.5,74,73.0,230.8,120,65.1,37.3,0,54.4
SIM-REQ-02813,SIMULATED,SIM-MRISK-2026.1,ENGG,0,BALLAST_CLEANING,4,HIGH,2,56.0,9.1,52.0,1,13,12,0,2,90,86,53.4,62,64.0,61.7,90,52.0,66.0,11,26.4
SIM-REQ-02814,SIMULATED,SIM-MRISK-2026.1,ENGG,0,POINT_OVERHAUL,3,HIGH,2,86.0,4.5,89.2,2,22,14,0,6,30,10,87.7,91,97.6,55.5,150,60.5,35.8,1,44.8
SIM-REQ-02815,SIMULATED,SIM-MRISK-2026.1,OPTG,3,POINT_OVERHAUL,3,LOW,0,96.8,9.4,78.7,1,6,6,0,4,90,125,73.9,78,76.4,68.5,120,41.8,58.7,6,27.3
SIM-REQ-02816,SIMULATED,SIM-MRISK-2026.1,ENGG,0,BALLAST_CLEANING,4,MEDIUM,1,68.0,5.5,59.0,1,20,-3,3,4,180,228,53.0,83,73.8,70.9,150,49.0,81.9,23,39.3
SIM-REQ-02817,SIMULATED,SIM-MRISK-2026.1,TRD,1,TRACK_CIRCUIT,5,HIGH,2,73.7,7.3,34.5,1,1,-1,1,5,90,89,77.4,87,81.6,128.0,240,47.6,59.0,16,33.4
SIM-REQ-02818,SIMULATED,SIM-MRISK-2026.1,ENGG,0,OHE_INSPECTION,2,MEDIUM,1,57.1,5.3,39.5,2,0,3,0,3,90,26,88.2,94,87.1,79.6,60,67.7,60.7,3,42.7
SIM-REQ-02819,SIMULATED,SIM-MRISK-2026.1,TRD,1,BALLAST_CLEANING,4,MEDIUM,1,61.1,12.3,69.2,2,27,1,0,5,90,143,92.0,80,75.6,58.7,150,66.7,63.2,0,47.0
SIM-REQ-02820,SIMULATED,SIM-MRISK-2026.1,ENGG,0,WELD_REPAIR,6,MEDIUM,1,66.9,10.6,76.8,1,35,6,0,1,90,40,41.2,102,92.2,29.4,90,49.3,70.5,14,34.9
SIM-REQ-02821,SIMULATED,SIM-MRISK-2026.1,TRD,1,RAIL_REPLACEMENT,1,MEDIUM,1,71.8,12.3,93.4,1,0,5,0,6,45,47,88.0,25,43.2,107.2,240,48.0,51.7,16,33.7
SIM-REQ-02822,SIMULATED,SIM-MRISK-2026.1,ENGG,0,TRACK_TAMPING,0,LOW,0,97.8,6.2,58.3,1,3,-6,6,4,45,65,65.2,81,70.5,55.1,60,41.5,94.0,20,35.9
SIM-REQ-02823,SIMULATED,SIM-MRISK-2026.1,TRD,1,POINT_OVERHAUL,3,HIGH,2,68.1,9.6,70.6,2,5,-14,14,6,30,35,74.9,21,37.6,147.7,60,65.0,40.5,21,47.7
SIM-REQ-02824,SIMULATED,SIM-MRISK-2026.1,SNT,2,TRACK_CIRCUIT,5,MEDIUM,1,50.9,16.2,30.3,1,1,10,0,4,180,235,77.3,73,65.8,107.6,180,53.3,72.7,10,21.8
SIM-REQ-02825,SIMULATED,SIM-MRISK-2026.1,TRD,1,OHE_INSPECTION,2,HIGH,2,56.6,8.8,47.3,3,3,-1,1,6,45,14,53.2,37,49.7,149.1,150,83.8,47.2,24,51.6
SIM-REQ-02826,SIMULATED,SIM-MRISK-2026.1,TRD,1,TRACK_CIRCUIT,5,LOW,0,98.0,5.9,69.7,1,4,-12,12,5,180,89,88.1,40,47.5,86.3,240,41.5,75.1,19,39.4
SIM-REQ-02827,SIMULATED,SIM-MRISK-2026.1,SNT,2,RAIL_REPLACEMENT,1,MEDIUM,1,98.7,4.8,86.3,1,7,-4,4,5,180,248,59.7,89,83.9,61.8,150,41.3,72.3,14,44.8
SIM-REQ-02828,SIMULATED,SIM-MRISK-2026.1,ENGG,0,WELD_REPAIR,6,MEDIUM,1,25.8,26.4,75.3,3,63,1,0,3,60,89,50.6,22,42.1,62.5,240,91.5,79.7,23,63.9
SIM-REQ-02829,SIMULATED,SIM-MRISK-2026.1,ENGG,0,RAIL_REPLACEMENT,1,LOW,0,88.0,2.7,88.0,1,1,15,0,6,45,32,41.3,100,87.9,130.3,60,44.0,85.7,0,32.7
SIM-REQ-02830,SIMULATED,SIM-MRISK-2026.1,TRD,1,RAIL_REPLACEMENT,1,MEDIUM,1,88.0,11.5,87.1,1,1,8,0,4,180,202,63.5,63,65.8,86.3,120,44.0,63.8,19,26.0
SIM-REQ-02831,SIMULATED,SIM-MRISK-2026.1,ENGG,0,RAIL_REPLACEMENT,1,LOW,0,80.3,5.4,87.9,1,11,5,0,8,180,85,47.2,39,53.0,130.1,90,45.9,46.2,12,30.3
SIM-REQ-02832,SIMULATED,SIM-MRISK-2026.1,SNT,2,POINT_OVERHAUL,3,LOW,0,65.0,14.7,78.4,1,32,2,0,5,180,194,74.2,70,66.8,98.6,150,49.8,72.3,16,35.8
SIM-REQ-02833,SIMULATED,SIM-MRISK-2026.1,TRD,1,POINT_OVERHAUL,3,MEDIUM,1,44.6,8.8,94.8,3,19,11,0,3,90,86,63.2,98,93.3,56.0,120,86.8,67.3,3,60.4
SIM-REQ-02834,SIMULATED,SIM-MRISK-2026.1,SNT,2,TRACK_TAMPING,0,LOW,0,63.8,9.1,67.7,2,41,19,0,6,60,85,91.9,97,87.9,134.7,90,66.0,42.6,21,45.5
SIM-REQ-02835,SIMULATED,SIM-MRISK-2026.1,ENGG,0,POINT_OVERHAUL,3,MEDIUM,1,73.4,6.4,72.7,2,13,30,0,7,90,37,63.8,90,91.1,151.1,90,63.6,35.9,21,41.3
SIM-REQ-02836,SIMULATED,SIM-MRISK-2026.1,ENGG,0,BALLAST_CLEANING,4,MEDIUM,1,90.1,2.7,73.7,2,11,13,0,4,180,152,46.0,94,85.2,91.9,90,59.5,47.4,17,31.6
SIM-REQ-02837,SIMULATED,SIM-MRISK-2026.1,OPTG,3,RAIL_REPLACEMENT,1,LOW,0,43.4,22.7,89.2,3,17,13,0,2,180,76,70.7,81,82.9,67.6,150,87.2,69.7,0,53.3
SIM-REQ-02838,SIMULATED,SIM-MRISK-2026.1,TRD,1,WELD_REPAIR,6,MEDIUM,1,74.7,1.7,56.5,1,13,5,0,8,90,55,52.9,114,94.3,127.1,240,47.3,58.7,15,35.2
SIM-REQ-02839,SIMULATED,SIM-MRISK-2026.1,SNT,2,BALLAST_CLEANING,4,MEDIUM,1,61.4,9.5,71.4,1,4,2,0,6,30,33,78.0,109,98.0,80.8,60,50.6,52.7,18,39.3
SIM-REQ-02840,SIMULATED,SIM-MRISK-2026.1,ENGG,0,POINT_OVERHAUL,3,MEDIUM,1,70.9,13.0,74.5,1,1,0,0,5,180,126,71.3,43,53.1,64.9,60,48.3,88.1,5,31.6
SIM-REQ-02841,SIMULATED,SIM-MRISK-2026.1,OPTG,3,POINT_OVERHAUL,3,HIGH,2,74.8,6.8,85.2,1,12,1,0,2,30,28,89.3,40,43.0,43.3,120,47.3,39.8,15,28.7
SIM-REQ-02842,SIMULATED,SIM-MRISK-2026.1,TRD,1,TRACK_CIRCUIT,5,MEDIUM,1,73.2,6.1,54.0,1,10,7,0,7,90,20,88.1,31,44.1,116.3,60,47.7,87.5,11,25.4
SIM-REQ-02843,SIMULATED,SIM-MRISK-2026.1,ENGG,0,POINT_OVERHAUL,3,MEDIUM,1,66.3,5.4,81.6,1,9,14,0,8,180,103,96.2,56,59.9,176.9,60,49.4,65.2,6,33.4
SIM-REQ-02844,SIMULATED,SIM-MRISK-2026.1,SNT,2,WELD_REPAIR,6,MEDIUM,1,74.1,16.3,80.6,1,4,0,0,4,90,53,93.9,112,98.0,90.8,120,47.5,80.2,5,39.0
SIM-REQ-02845,SIMULATED,SIM-MRISK-2026.1,ENGG,0,RAIL_REPLACEMENT,1,HIGH,2,68.9,8.3,73.8,1,18,1,0,3,90,23,75.1,79,69.3,59.6,240,48.8,92.7,15,33.9
SIM-REQ-02846,SIMULATED,SIM-MRISK-2026.1,ENGG,0,WELD_REPAIR,6,LOW,0,75.7,12.4,78.2,1,10,19,0,6,90,135,89.5,57,61.5,154.9,60,47.1,62.2,0,29.2
SIM-REQ-02847,SIMULATED,SIM-MRISK-2026.1,SNT,2,TRACK_CIRCUIT,5,HIGH,2,38.5,28.7,69.0,2,3,5,0,3,60,70,59.6,54,55.6,80.1,60,72.4,62.1,13,36.6
SIM-REQ-02848,SIMULATED,SIM-MRISK-2026.1,ENGG,0,BALLAST_CLEANING,4,HIGH,2,90.6,3.7,51.0,2,8,10,0,3,90,69,53.4,58,67.7,45.5,90,59.4,81.1,7,35.0
SIM-REQ-02849,SIMULATED,SIM-MRISK-2026.1,TRD,1,WELD_REPAIR,6,HIGH,2,72.2,8.5,71.6,1,27,9,0,4,90,56,81.0,85,72.5,57.2,240,48.0,38.5,1,31.6
SIM-REQ-02850,SIMULATED,SIM-MRISK-2026.1,OPTG,3,TRACK_TAMPING,0,HIGH,2,81.8,9.1,65.9,1,15,12,0,3,60,30,85.0,47,64.0,73.7,150,45.5,36.1,23,26.3
SIM-REQ-02851,SIMULATED,SIM-MRISK-2026.1,SNT,2,RAIL_REPLACEMENT,1,MEDIUM,1,73.3,7.0,93.5,1,0,1,0,4,60,22,41.0,54,57.0,99.5,150,47.7,39.2,24,31.4
SIM-REQ-02852,SIMULATED,SIM-MRISK-2026.1,SNT,2,TRACK_CIRCUIT,5,LOW,0,82.1,6.8,62.9,2,35,10,0,3,60,33,58.3,102,93.1,56.9,60,61.5,87.4,9,40.3
SIM-REQ-02853,SIMULATED,SIM-MRISK-2026.1,OPTG,3,TRACK_CIRCUIT,5,LOW,0,79.0,7.8,36.6,1,0,16,0,2,60,60,82.3,24,43.8,30.3,180,46.2,54.3,13,15.0
SIM-REQ-02854,SIMULATED,SIM-MRISK-2026.1,TRD,1,OHE_INSPECTION,2,MEDIUM,1,67.5,14.3,45.3,1,1,10,0,1,30,23,56.7,39,49.4,36.4,60,49.1,42.2,17,19.8
SIM-REQ-02855,SIMULATED,SIM-MRISK-2026.1,TRD,1,BALLAST_CLEANING,4,HIGH,2,100.0,3.6,77.8,2,31,-7,7,6,45,64,69.3,68,65.2,76.3,240,57.0,36.5,4,56.2
SIM-REQ-02856,SIMULATED,SIM-MRISK-2026.1,SNT,2,RAIL_REPLACEMENT,1,HIGH,2,75.7,9.0,76.1,1,50,19,0,4,60,66,50.5,93,89.8,47.5,90,47.1,90.9,19,30.9
SIM-REQ-02857,SIMULATED,SIM-MRISK-2026.1,OPTG,3,BALLAST_CLEANING,4,MEDIUM,1,70.1,14.1,77.5,1,2,-2,2,3,180,283,88.3,53,55.0,67.1,120,48.5,88.3,2,40.2
SIM-REQ-02858,SIMULATED,SIM-MRISK-2026.1,ENGG,0,POINT_OVERHAUL,3,HIGH,2,82.5,11.8,88.7,2,1,3,0,4,90,71,89.8,109,94.9,98.5,240,61.4,86.2,5,47.8
SIM-REQ-02859,SIMULATED,SIM-MRISK-2026.1,ENGG,0,OHE_INSPECTION,2,HIGH,2,89.5,4.1,38.6,1,13,5,0,7,30,12,89.9,56,56.0,170.3,240,43.6,76.9,20,21.8
SIM-REQ-02860,SIMULATED,SIM-MRISK-2026.1,OPTG,3,RAIL_REPLACEMENT,1,LOW,0,59.0,21.2,84.0,2,5,0,0,5,90,83,87.0,71,69.9,74.9,90,67.2,76.3,12,46.2
SIM-REQ-02861,SIMULATED,SIM-MRISK-2026.1,SNT,2,TRACK_TAMPING,0,MEDIUM,1,67.7,10.8,81.4,1,21,-2,2,5,45,10,60.7,68,65.8,113.6,90,49.1,38.5,22,37.5
SIM-REQ-02862,SIMULATED,SIM-MRISK-2026.1,TRD,1,BALLAST_CLEANING,4,MEDIUM,1,28.5,26.2,66.3,3,69,1,0,3,180,274,49.8,44,44.9,65.6,150,90.9,38.2,10,68.3
SIM-REQ-02863,SIMULATED,SIM-MRISK-2026.1,OPTG,3,BALLAST_CLEANING,4,HIGH,2,80.7,9.4,61.8,1,12,-8,8,4,30,17,61.9,31,43.5,69.5,90,45.8,85.4,11,35.9
SIM-REQ-02864,SIMULATED,SIM-MRISK-2026.1,ENGG,0,POINT_OVERHAUL,3,MEDIUM,1,96.6,8.6,81.8,1,21,17,0,3,30,43,87.8,43,58.1,32.1,180,41.9,68.1,22,23.8
SIM-REQ-02865,SIMULATED,SIM-MRISK-2026.1,ENGG,0,POINT_OVERHAUL,3,HIGH,2,90.6,5.5,92.0,1,6,-1,1,3,60,18,44.7,59,80.7,50.5,180,43.4,46.7,2,38.4
SIM-REQ-02866,SIMULATED,SIM-MRISK-2026.1,ENGG,0,RAIL_REPLACEMENT,1,MEDIUM,1,75.1,7.5,86.7,1,1,-12,12,2,60,53,54.9,44,53.2,55.3,180,47.2,50.1,22,42.9
SIM-REQ-02867,SIMULATED,SIM-MRISK-2026.1,TRD,1,POINT_OVERHAUL,3,LOW,0,100.0,4.2,74.4,1,8,32,0,6,60,39,86.7,23,35.6,142.8,150,41.0,79.7,12,21.6
SIM-REQ-02868,SIMULATED,SIM-MRISK-2026.1,TRD,1,BALLAST_CLEANING,4,HIGH,2,83.1,1.8,74.5,2,13,11,0,5,180,188,45.7,71,73.2,107.5,240,61.2,69.5,5,37.9
SIM-REQ-02869,SIMULATED,SIM-MRISK-2026.1,TRD,1,TRACK_TAMPING,0,MEDIUM,1,97.7,4.1,73.6,1,34,-7,7,9,45,47,62.8,69,64.8,189.6,150,41.6,36.9,8,41.4
SIM-REQ-02870,SIMULATED,SIM-MRISK-2026.1,ENGG,0,WELD_REPAIR,6,LOW,0,61.9,16.3,73.1,2,0,5,0,4,30,45,50.4,29,36.1,71.8,120,66.5,58.1,8,36.4
SIM-REQ-02871,SIMULATED,SIM-MRISK-2026.1,OPTG,3,WELD_REPAIR,6,MEDIUM,1,70.2,9.3,61.7,2,2,0,0,8,90,11,92.3,78,76.4,162.8,90,64.5,38.8,10,45.4
SIM-REQ-02872,SIMULATED,SIM-MRISK-2026.1,TRD,1,RAIL_REPLACEMENT,1,MEDIUM,1,76.5,8.2,87.8,1,17,-7,7,5,45,12,87.6,84,80.5,70.8,180,46.9,47.7,12,52.1
SIM-REQ-02873,SIMULATED,SIM-MRISK-2026.1,TRD,1,OHE_INSPECTION,2,MEDIUM,1,79.3,6.0,52.4,1,45,-8,8,4,45,36,64.9,41,45.1,88.7,150,46.2,49.6,18,45.5
SIM-REQ-02874,SIMULATED,SIM-MRISK-2026.1,SNT,2,OHE_INSPECTION,2,MEDIUM,1,92.5,5.7,43.8,1,24,-15,15,5,45,56,77.5,38,45.5,59.9,240,42.9,72.3,2,37.2
SIM-REQ-02875,SIMULATED,SIM-MRISK-2026.1,SNT,2,TRACK_TAMPING,0,LOW,0,93.7,7.7,84.3,1,10,7,0,6,180,69,45.8,53,64.3,81.8,60,42.6,74.5,6,28.9
SIM-REQ-02876,SIMULATED,SIM-MRISK-2026.1,SNT,2,TRACK_TAMPING,0,LOW,0,53.5,11.8,55.6,2,20,-8,8,3,90,113,68.1,72,68.3,42.9,60,68.6,79.2,15,57.1
SIM-REQ-02877,SIMULATED,SIM-MRISK-2026.1,SNT,2,TRACK_CIRCUIT,5,LOW,0,39.7,25.0,61.3,2,0,3,0,7,60,13,57.5,46,50.9,89.3,150,72.1,49.7,20,41.5
SIM-REQ-02878,SIMULATED,SIM-MRISK-2026.1,ENGG,0,WELD_REPAIR,6,MEDIUM,1,25.4,17.5,76.3,3,15,6,0,9,180,215,41.2,38,53.5,157.5,180,91.7,66.0,12,59.0
SIM-REQ-02879,SIMULATED,SIM-MRISK-2026.1,SNT,2,BALLAST_CLEANING,4,HIGH,2,81.3,11.6,50.8,1,29,0,0,1,30,18,73.2,69,69.6,15.9,60,45.7,67.2,5,23.1
SIM-REQ-02880,SIMULATED,SIM-MRISK-2026.1,ENGG,0,BALLAST_CLEANING,4,MEDIUM,1,68.1,6.3,65.5,1,8,6,0,4,90,15,97.0,60,68.3,111.1,120,49.0,73.3,22,32.0
SIM-REQ-02881,SIMULATED,SIM-MRISK-2026.1,ENGG,0,OHE_INSPECTION,2,MEDIUM,1,39.3,12.3,68.1,2,54,10,0,7,60,53,75.0,42,43.8,135.7,180,72.2,90.0,14,44.2
SIM-REQ-02882,SIMULATED,SIM-MRISK-2026.1,SNT,2,TRACK_CIRCUIT,5,MEDIUM,1,50.0,16.7,68.9,2,21,1,0,6,180,220,52.2,102,92.3,70.4,60,69.5,51.1,23,50.6
SIM-REQ-02883,SIMULATED,SIM-MRISK-2026.1,ENGG,0,WELD_REPAIR,6,LOW,0,19.7,31.8,75.3,4,11,3,0,3,180,67,47.0,50,65.1,62.0,90,98.0,71.3,19,70.7
SIM-REQ-02884,SIMULATED,SIM-MRISK-2026.1,SNT,2,TRACK_TAMPING,0,LOW,0,76.2,8.4,53.8,2,6,11,0,3,90,96,51.2,92,81.7,49.2,90,63.0,91.7,11,37.8
SIM-REQ-02885,SIMULATED,SIM-MRISK-2026.1,ENGG,0,POINT_OVERHAUL,3,LOW,0,52.3,13.0,86.8,2,6,-5,5,5,180,280,45.4,104,98.0,83.8,120,68.9,62.9,21,58.5
SIM-REQ-02886,SIMULATED,SIM-MRISK-2026.1,SNT,2,BALLAST_CLEANING,4,MEDIUM,1,89.4,7.7,77.5,1,22,5,0,3,60,35,82.6,110,93.6,77.3,150,43.6,57.9,19,37.3
SIM-REQ-02887,SIMULATED,SIM-MRISK-2026.1,TRD,1,TRACK_CIRCUIT,5,HIGH,2,85.8,9.8,56.2,1,1,9,0,5,60,31,89.1,27,45.2,114.3,60,44.5,86.5,19,18.2
SIM-REQ-02888,SIMULATED,SIM-MRISK-2026.1,TRD,1,OHE_INSPECTION,2,MEDIUM,1,58.9,18.0,34.9,3,0,0,0,6,60,53,60.1,48,64.5,154.8,90,83.3,94.1,3,46.2
SIM-REQ-02889,SIMULATED,SIM-MRISK-2026.1,ENGG,0,POINT_OVERHAUL,3,MEDIUM,1,83.4,7.4,97.7,1,2,4,0,2,45,32,81.5,103,85.7,48.9,150,45.1,67.3,10,37.8
SIM-REQ-02890,SIMULATED,SIM-MRISK-2026.1,ENGG,0,TRACK_CIRCUIT,5,MEDIUM,1,75.0,14.7,58.6,1,16,5,0,8,45,65,87.4,48,61.5,111.3,90,47.2,57.2,4,25.1
SIM-REQ-02891,SIMULATED,SIM-MRISK-2026.1,SNT,2,RAIL_REPLACEMENT,1,MEDIUM,1,92.4,4.0,74.1,1,8,7,0,1,60,65,89.7,70,70.0,16.8,150,42.9,65.8,21,28.4
SIM-REQ-02892,SIMULATED,SIM-MRISK-2026.1,TRD,1,TRACK_CIRCUIT,5,MEDIUM,1,53.6,10.0,33.9,3,3,2,0,3,180,174,67.6,96,84.7,59.4,60,84.6,70.0,10,48.1
SIM-REQ-02893,SIMULATED,SIM-MRISK-2026.1,ENGG,0,WELD_REPAIR,6,MEDIUM,1,67.8,7.9,70.5,1,17,9,0,5,30,10,56.6,20,42.4,68.3,90,49.0,47.0,5,27.1
SIM-REQ-02894,SIMULATED,SIM-MRISK-2026.1,ENGG,0,RAIL_REPLACEMENT,1,MEDIUM,1,54.5,8.1,75.9,2,25,5,0,6,45,37,77.8,66,69.2,92.1,120,68.4,42.8,8,43.8
SIM-REQ-02895,SIMULATED,SIM-MRISK-2026.1,SNT,2,POINT_OVERHAUL,3,MEDIUM,1,63.6,15.6,90.5,1,7,25,0,3,30,15,79.2,83,90.5,59.1,60,50.1,61.5,15,35.9
SIM-REQ-02896,SIMULATED,SIM-MRISK-2026.1,SNT,2,BALLAST_CLEANING,4,HIGH,2,67.5,10.6,57.3,1,6,0,0,2,45,28,84.2,89,88.1,34.8,150,49.1,38.8,3,35.2
SIM-REQ-02897,SIMULATED,SIM-MRISK-2026.1,SNT,2,OHE_INSPECTION,2,MEDIUM,1,42.8,16.7,37.1,2,9,-1,1,6,180,138,69.2,79,77.8,116.0,150,71.3,58.3,23,49.6
SIM-REQ-02898,SIMULATED,SIM-MRISK-2026.1,SNT,2,POINT_OVERHAUL,3,LOW,0,93.5,5.8,84.8,2,29,-9,9,2,180,90,96.6,48,68.7,41.9,90,58.6,39.1,2,58.5
SIM-REQ-02899,SIMULATED,SIM-MRISK-2026.1,ENGG,0,BALLAST_CLEANING,4,MEDIUM,1,62.4,11.4,65.3,1,7,1,0,4,45,51,96.3,113,97.7,78.8,120,50.4,80.3,7,34.9
SIM-REQ-02900,SIMULATED,SIM-MRISK-2026.1,ENGG,0,OHE_INSPECTION,2,MEDIUM,1,63.4,6.5,32.9,2,4,3,0,2,90,124,93.3,106,96.6,53.8,180,66.2,92.3,23,37.8
SIM-REQ-02901,SIMULATED,SIM-MRISK-2026.1,SNT,2,TRACK_CIRCUIT,5,MEDIUM,1,74.1,12.4,58.2,1,5,24,0,4,30,27,50.1,49,51.8,54.1,60,47.5,82.4,16,21.1
SIM-REQ-02902,SIMULATED,SIM-MRISK-2026.1,ENGG,0,TRACK_CIRCUIT,5,LOW,0,75.8,7.3,43.4,1,8,33,0,4,60,16,47.0,54,57.3,57.2,150,47.0,70.2,2,28.3
SIM-REQ-02903,SIMULATED,SIM-MRISK-2026.1,ENGG,0,TRACK_CIRCUIT,5,HIGH,2,78.9,12.2,40.1,2,4,40,0,5,180,264,40.5,84,74.5,57.5,90,62.3,73.6,6,31.7
SIM-REQ-02904,SIMULATED,SIM-MRISK-2026.1,ENGG,0,OHE_INSPECTION,2,HIGH,2,47.8,17.2,45.1,1,2,15,0,5,180,133,50.5,22,38.4,142.8,60,54.0,88.1,13,20.8
SIM-REQ-02905,SIMULATED,SIM-MRISK-2026.1,SNT,2,WELD_REPAIR,6,MEDIUM,1,88.6,10.4,58.9,1,14,9,0,3,90,86,74.3,73,77.8,65.4,90,43.9,51.6,13,27.7
SIM-REQ-02906,SIMULATED,SIM-MRISK-2026.1,ENGG,0,TRACK_TAMPING,0,HIGH,2,81.6,6.1,61.2,2,20,14,0,2,180,141,87.2,66,68.4,46.1,240,61.6,41.5,7,36.5
SIM-REQ-02907,SIMULATED,SIM-MRISK-2026.1,ENGG,0,TRACK_CIRCUIT,5,HIGH,2,66.6,7.7,72.2,2,3,4,0,1,30,39,94.5,31,40.5,33.0,120,65.3,38.4,8,32.8
SIM-REQ-02908,SIMULATED,SIM-MRISK-2026.1,ENGG,0,BALLAST_CLEANING,4,MEDIUM,1,82.0,4.8,52.2,2,1,10,0,4,180,92,46.8,95,84.1,64.9,120,61.5,46.8,17,32.4
SIM-REQ-02909,SIMULATED,SIM-MRISK-2026.1,SNT,2,POINT_OVERHAUL,3,HIGH,2,68.7,7.7,85.6,1,5,-9,9,3,30,41,68.0,104,89.8,36.8,120,48.8,84.8,7,52.2
SIM-REQ-02910,SIMULATED,SIM-MRISK-2026.1,ENGG,0,POINT_OVERHAUL,3,MEDIUM,1,76.2,8.4,80.5,2,7,-3,3,4,30,43,43.7,87,80.4,55.8,240,63.0,73.3,4,46.0
SIM-REQ-02911,SIMULATED,SIM-MRISK-2026.1,TRD,1,POINT_OVERHAUL,3,HIGH,2,93.8,6.7,78.0,1,5,17,0,3,60,74,70.8,82,86.2,73.5,240,42.5,92.4,15,22.5
SIM-REQ-02912,SIMULATED,SIM-MRISK-2026.1,SNT,2,OHE_INSPECTION,2,MEDIUM,1,74.8,15.6,31.6,1,5,9,0,5,90,35,86.1,104,93.6,53.6,60,47.3,45.2,5,26.3
SIM-REQ-02913,SIMULATED,SIM-MRISK-2026.1,OPTG,3,TRACK_TAMPING,0,HIGH,2,57.4,19.4,55.1,2,6,24,0,7,60,34,55.3,73,71.0,87.8,240,67.7,91.6,0,33.9
SIM-REQ-02914,SIMULATED,SIM-MRISK-2026.1,ENGG,0,WELD_REPAIR,6,MEDIUM,1,55.9,17.9,53.4,2,12,2,0,7,45,35,63.7,48,51.4,101.4,60,68.0,62.4,23,32.7
SIM-REQ-02915,SIMULATED,SIM-MRISK-2026.1,SNT,2,POINT_OVERHAUL,3,MEDIUM,1,81.2,1.5,94.5,2,8,-4,4,7,60,83,63.5,60,64.5,70.0,60,61.7,75.8,24,49.0
SIM-REQ-02916,SIMULATED,SIM-MRISK-2026.1,TRD,1,TRACK_CIRCUIT,5,MEDIUM,1,68.5,9.9,74.1,1,12,7,0,8,30,22,83.5,67,69.9,109.2,120,48.9,87.5,20,34.0
SIM-REQ-02917,SIMULATED,SIM-MRISK-2026.1,ENGG,0,RAIL_REPLACEMENT,1,LOW,0,76.9,3.2,96.8,2,8,0,0,6,30,42,76.4,45,57.1,99.4,240,62.8,35.5,18,45.2
SIM-REQ-02918,SIMULATED,SIM-MRISK-2026.1,OPTG,3,TRACK_CIRCUIT,5,HIGH,2,73.6,6.3,58.9,1,0,10,0,5,45,37,41.7,54,64.8,109.6,150,47.6,91.0,12,30.8
SIM-REQ-02919,SIMULATED,SIM-MRISK-2026.1,ENGG,0,OHE_INSPECTION,2,MEDIUM,1,56.3,8.5,51.3,3,8,2,0,9,45,30,69.0,114,98.0,186.6,90,83.9,80.0,17,53.3
SIM-REQ-02920,SIMULATED,SIM-MRISK-2026.1,ENGG,0,RAIL_REPLACEMENT,1,MEDIUM,1,80.8,4.0,77.9,1,7,-5,5,5,180,212,48.1,68,74.2,69.5,120,45.8,35.5,9,44.6
SIM-REQ-02921,SIMULATED,SIM-MRISK-2026.1,TRD,1,BALLAST_CLEANING,4,HIGH,2,73.7,13.0,72.5,1,11,1,0,5,30,14,69.3,107,94.5,81.0,90,47.6,50.5,15,35.3
SIM-REQ-02922,SIMULATED,SIM-MRISK-2026.1,ENGG,0,WELD_REPAIR,6,HIGH,2,61.7,6.0,70.2,2,40,10,0,5,90,120,53.4,26,36.9,114.5,150,66.6,69.0,3,43.8
SIM-REQ-02923,SIMULATED,SIM-MRISK-2026.1,ENGG,0,BALLAST_CLEANING,4,MEDIUM,1,100.0,9.6,80.5,1,10,21,0,2,45,40,63.0,51,53.6,32.9,90,41.0,38.6,23,26.0
SIM-REQ-02924,SIMULATED,SIM-MRISK-2026.1,ENGG,0,POINT_OVERHAUL,3,LOW,0,88.8,5.7,78.1,2,7,9,0,2,90,121,91.1,100,86.4,52.0,60,59.8,66.1,22,40.3
SIM-REQ-02925,SIMULATED,SIM-MRISK-2026.1,ENGG,0,POINT_OVERHAUL,3,MEDIUM,1,45.6,28.5,94.4,1,4,11,0,6,60,13,64.0,70,68.7,77.0,240,54.6,49.6,19,38.2
SIM-REQ-02926,SIMULATED,SIM-MRISK-2026.1,TRD,1,RAIL_REPLACEMENT,1,HIGH,2,73.6,6.0,73.2,1,30,13,0,5,90,38,94.5,80,74.5,87.4,120,47.6,64.4,7,30.2
SIM-REQ-02927,SIMULATED,SIM-MRISK-2026.1,TRD,1,BALLAST_CLEANING,4,MEDIUM,1,59.4,12.5,60.9,1,6,7,0,6,45,31,85.7,86,77.1,161.2,90,51.1,87.1,14,35.0
SIM-REQ-02928,SIMULATED,SIM-MRISK-2026.1,ENGG,0,OHE_INSPECTION,2,MEDIUM,1,97.3,6.9,44.3,2,4,8,0,3,60,78,82.0,42,56.6,52.4,120,57.7,35.2,14,31.6
SIM-REQ-02929,SIMULATED,SIM-MRISK-2026.1,TRD,1,BALLAST_CLEANING,4,LOW,0,56.6,16.4,76.4,1,4,-1,1,6,90,45,87.2,91,75.6,86.6,90,51.9,61.8,17,41.6
SIM-REQ-02930,SIMULATED,SIM-MRISK-2026.1,SNT,2,WELD_REPAIR,6,HIGH,2,88.5,2.2,56.2,1,6,10,0,4,180,50,72.9,95,82.5,103.4,240,43.9,88.3,5,29.3
SIM-REQ-02931,SIMULATED,SIM-MRISK-2026.1,OPTG,3,TRACK_CIRCUIT,5,MEDIUM,1,62.9,7.0,35.7,2,6,12,0,5,30,35,46.1,101,88.2,77.1,180,66.3,69.6,9,37.2
SIM-REQ-02932,SIMULATED,SIM-MRISK-2026.1,ENGG,0,POINT_OVERHAUL,3,HIGH,2,46.3,16.9,86.9,1,5,4,0,5,180,282,90.8,74,79.5,78.2,180,54.4,88.5,11,41.3
SIM-REQ-02933,SIMULATED,SIM-MRISK-2026.1,ENGG,0,TRACK_CIRCUIT,5,MEDIUM,1,87.2,8.8,52.6,2,5,-7,7,4,60,39,97.4,40,58.7,57.4,150,60.2,72.4,13,50.7
SIM-REQ-02934,SIMULATED,SIM-MRISK-2026.1,SNT,2,TRACK_TAMPING,0,LOW,0,77.2,7.8,69.7,1,3,2,0,3,45,58,41.2,51,61.2,60.7,60,46.7,52.8,18,27.1
SIM-REQ-02935,SIMULATED,SIM-MRISK-2026.1,ENGG,0,OHE_INSPECTION,2,HIGH,2,70.3,8.8,58.6,1,1,11,0,8,30,41,40.0,94,77.8,97.9,180,48.4,43.8,14,31.1
SIM-REQ-02936,SIMULATED,SIM-MRISK-2026.1,ENGG,0,BALLAST_CLEANING,4,MEDIUM,1,55.6,14.5,76.9,3,4,8,0,5,180,248,40.2,60,71.0,126.9,150,84.1,51.2,23,52.3
SIM-REQ-02937,SIMULATED,SIM-MRISK-2026.1,ENGG,0,POINT_OVERHAUL,3,MEDIUM,1,86.4,3.4,71.6,1,5,4,0,2,45,22,89.2,102,92.0,34.5,180,44.4,53.2,3,33.8
SIM-REQ-02938,SIMULATED,SIM-MRISK-2026.1,ENGG,0,OHE_INSPECTION,2,MEDIUM,1,91.7,6.1,46.1,1,1,6,0,3,30,22,44.7,54,58.8,75.0,90,43.1,82.1,8,20.7
SIM-REQ-02939,SIMULATED,SIM-MRISK-2026.1,TRD,1,OHE_INSPECTION,2,LOW,0,99.9,6.9,37.2,2,33,11,0,3,90,55,67.0,98,86.2,25.5,90,57.0,80.1,14,38.7
SIM-REQ-02940,SIMULATED,SIM-MRISK-2026.1,TRD,1,BALLAST_CLEANING,4,MEDIUM,1,96.2,3.1,70.4,1,9,4,0,1,180,148,51.0,76,82.6,21.1,60,42.0,85.6,23,24.8
SIM-REQ-02941,SIMULATED,SIM-MRISK-2026.1,ENGG,0,TRACK_TAMPING,0,HIGH,2,72.7,11.3,81.6,1,37,0,0,6,45,12,46.9,83,79.2,66.2,60,47.8,84.3,2,32.7
SIM-REQ-02942,SIMULATED,SIM-MRISK-2026.1,TRD,1,TRACK_TAMPING,0,LOW,0,45.6,11.2,79.3,2,3,4,0,8,180,168,62.3,114,98.0,185.4,180,70.6,41.7,3,47.4
SIM-REQ-02943,SIMULATED,SIM-MRISK-2026.1,ENGG,0,BALLAST_CLEANING,4,HIGH,2,95.3,2.8,80.5,1,16,-7,7,3,60,36,42.6,62,63.5,31.9,180,42.2,63.4,9,37.5
SIM-REQ-02944,SIMULATED,SIM-MRISK-2026.1,ENGG,0,POINT_OVERHAUL,3,MEDIUM,1,67.1,3.1,78.5,1,8,3,0,4,30,32,65.1,25,42.4,51.1,90,49.2,67.2,5,26.5
SIM-REQ-02945,SIMULATED,SIM-MRISK-2026.1,ENGG,0,WELD_REPAIR,6,LOW,0,54.7,18.1,55.1,2,2,15,0,2,60,39,84.7,92,81.1,50.7,240,68.3,42.8,13,40.1
SIM-REQ-02946,SIMULATED,SIM-MRISK-2026.1,TRD,1,BALLAST_CLEANING,4,MEDIUM,1,86.2,5.5,82.2,1,6,17,0,5,90,139,57.1,50,55.4,99.7,90,44.5,91.7,10,26.1
SIM-REQ-02947,SIMULATED,SIM-MRISK-2026.1,ENGG,0,TRACK_TAMPING,0,MEDIUM,1,71.2,17.9,54.1,1,0,4,0,4,90,112,70.7,63,63.3,105.6,90,48.2,38.7,20,24.5
SIM-REQ-02948,SIMULATED,SIM-MRISK-2026.1,ENGG,0,BALLAST_CLEANING,4,LOW,0,22.2,20.0,73.7,3,11,-1,1,5,45,65,71.1,29,42.7,124.4,180,92.5,35.2,16,59.6
SIM-REQ-02949,SIMULATED,SIM-MRISK-2026.1,ENGG,0,BALLAST_CLEANING,4,LOW,0,72.3,16.1,72.3,1,53,2,0,4,45,28,74.6,113,98.0,87.5,180,47.9,49.4,9,39.3
SIM-REQ-02950,SIMULATED,SIM-MRISK-2026.1,OPTG,3,RAIL_REPLACEMENT,1,LOW,0,49.8,4.3,71.3,2,0,-7,7,7,60,59,54.2,39,45.1,76.7,60,69.5,86.4,0,58.1
SIM-REQ-02951,SIMULATED,SIM-MRISK-2026.1,ENGG,0,BALLAST_CLEANING,4,MEDIUM,1,79.7,3.0,72.6,1,28,0,0,5,180,251,58.3,98,95.5,60.0,180,46.1,38.2,0,37.6
SIM-REQ-02952,SIMULATED,SIM-MRISK-2026.1,TRD,1,TRACK_TAMPING,0,MEDIUM,1,51.6,7.2,53.1,2,5,6,0,5,180,11,71.1,69,66.7,114.8,90,69.1,64.5,1,41.4
SIM-REQ-02953,SIMULATED,SIM-MRISK-2026.1,ENGG,0,TRACK_TAMPING,0,HIGH,2,89.5,5.5,60.6,1,7,29,0,3,30,25,72.6,87,85.3,32.2,150,43.6,88.6,5,22.5
SIM-REQ-02954,SIMULATED,SIM-MRISK-2026.1,SNT,2,BALLAST_CLEANING,4,MEDIUM,1,75.0,5.9,69.4,2,12,10,0,5,90,46,59.1,92,87.6,99.8,90,63.2,60.2,5,43.6
SIM-REQ-02955,SIMULATED,SIM-MRISK-2026.1,ENGG,0,TRACK_TAMPING,0,MEDIUM,1,72.8,16.0,58.0,1,39,-3,3,3,90,130,61.4,100,91.1,82.2,240,47.8,69.7,22,40.9
SIM-REQ-02956,SIMULATED,SIM-MRISK-2026.1,SNT,2,TRACK_TAMPING,0,LOW,0,81.6,9.6,50.3,2,14,12,0,3,45,36,41.6,38,45.2,33.8,150,61.6,60.7,14,28.7
SIM-REQ-02957,SIMULATED,SIM-MRISK-2026.1,ENGG,0,WELD_REPAIR,6,MEDIUM,1,91.8,1.7,82.1,1,4,0,0,5,60,82,43.0,59,72.8,116.0,150,43.0,91.7,3,27.2
SIM-REQ-02958,SIMULATED,SIM-MRISK-2026.1,SNT,2,TRACK_TAMPING,0,MEDIUM,1,84.6,9.9,76.1,1,2,9,0,5,30,33,94.7,34,49.9,65.8,120,44.9,93.2,21,23.0
SIM-REQ-02959,SIMULATED,SIM-MRISK-2026.1,ENGG,0,RAIL_REPLACEMENT,1,LOW,0,68.2,8.4,71.5,1,0,20,0,4,45,12,43.3,48,56.4,53.6,180,49.0,71.6,4,21.6
SIM-REQ-02960,SIMULATED,SIM-MRISK-2026.1,TRD,1,TRACK_CIRCUIT,5,MEDIUM,1,44.8,20.6,40.7,2,10,1,0,6,180,279,78.3,106,89.8,71.8,120,70.8,66.9,1,47.8
SIM-REQ-02961,SIMULATED,SIM-MRISK-2026.1,ENGG,0,RAIL_REPLACEMENT,1,MEDIUM,1,49.8,23.1,74.6,2,37,-3,3,13,30,27,81.6,96,89.0,142.2,60,69.5,50.9,2,66.5
SIM-REQ-02962,SIMULATED,SIM-MRISK-2026.1,SNT,2,RAIL_REPLACEMENT,1,MEDIUM,1,72.6,15.7,93.7,2,2,-5,5,5,60,68,75.0,54,58.7,79.2,180,63.9,94.3,23,51.2
SIM-REQ-02963,SIMULATED,SIM-MRISK-2026.1,SNT,2,TRACK_CIRCUIT,5,LOW,0,57.5,14.7,72.7,2,7,1,0,8,45,65,91.8,72,62.3,126.1,240,67.6,45.8,5,43.7
SIM-REQ-02964,SIMULATED,SIM-MRISK-2026.1,ENGG,0,POINT_OVERHAUL,3,MEDIUM,1,87.3,6.2,84.8,1,15,3,0,3,90,30,53.5,78,71.9,44.0,60,44.2,83.3,14,29.2
SIM-REQ-02965,SIMULATED,SIM-MRISK-2026.1,SNT,2,POINT_OVERHAUL,3,LOW,0,77.0,14.1,80.3,1,0,0,0,5,90,67,64.3,48,57.2,130.4,240,46.8,48.8,1,30.1
SIM-REQ-02966,SIMULATED,SIM-MRISK-2026.1,TRD,1,OHE_INSPECTION,2,LOW,0,87.0,7.8,48.9,1,5,14,0,3,45,45,61.5,83,73.3,74.0,90,44.2,36.4,18,21.7
SIM-REQ-02967,SIMULATED,SIM-MRISK-2026.1,TRD,1,BALLAST_CLEANING,4,HIGH,2,77.3,8.3,73.0,2,1,4,0,4,60,16,89.5,64,66.9,106.9,90,62.7,92.8,9,43.6
SIM-REQ-02968,SIMULATED,SIM-MRISK-2026.1,ENGG,0,BALLAST_CLEANING,4,HIGH,2,88.1,7.9,59.5,1,3,3,0,5,30,45,86.7,104,96.7,91.2,240,44.0,47.2,21,32.5
SIM-REQ-02969,SIMULATED,SIM-MRISK-2026.1,TRD,1,OHE_INSPECTION,2,MEDIUM,1,64.1,7.7,67.6,2,0,-2,2,4,90,72,93.3,49,53.5,51.3,150,66.0,85.3,19,44.7
SIM-REQ-02970,SIMULATED,SIM-MRISK-2026.1,ENGG,0,WELD_REPAIR,6,MEDIUM,1,72.6,9.5,75.2,1,10,1,0,6,180,60,44.5,25,47.2,86.2,180,47.9,77.4,23,26.3
SIM-REQ-02971,SIMULATED,SIM-MRISK-2026.1,SNT,2,TRACK_TAMPING,0,LOW,0,72.7,7.7,65.9,2,15,2,0,4,60,50,94.7,87,72.9,58.6,120,63.8,89.5,3,38.1
SIM-REQ-02972,SIMULATED,SIM-MRISK-2026.1,SNT,2,BALLAST_CLEANING,4,LOW,0,80.4,9.1,51.5,2,38,9,0,5,60,32,60.9,111,94.3,94.7,150,61.9,62.6,10,44.6
SIM-REQ-02973,SIMULATED,SIM-MRISK-2026.1,TRD,1,RAIL_REPLACEMENT,1,MEDIUM,1,47.5,21.7,89.8,2,15,24,0,3,180,36,50.6,110,98.0,66.8,120,70.1,75.4,0,47.8
SIM-REQ-02974,SIMULATED,SIM-MRISK-2026.1,TRD,1,BALLAST_CLEANING,4,LOW,0,22.0,36.3,52.2,4,3,-14,14,5,60,36,91.2,92,73.9,100.7,60,98.0,88.1,22,82.1
SIM-REQ-02975,SIMULATED,SIM-MRISK-2026.1,SNT,2,TRACK_TAMPING,0,HIGH,2,81.7,5.3,61.0,2,24,-1,1,5,30,15,61.8,86,89.0,67.4,240,61.6,58.6,4,48.4
SIM-REQ-02976,SIMULATED,SIM-MRISK-2026.1,TRD,1,WELD_REPAIR,6,MEDIUM,1,99.2,2.2,70.7,2,3,11,0,3,45,66,56.5,48,60.6,34.0,60,57.2,43.1,10,30.7
SIM-REQ-02977,SIMULATED,SIM-MRISK-2026.1,ENGG,0,TRACK_CIRCUIT,5,MEDIUM,1,61.9,10.5,52.4,1,22,19,0,8,90,37,44.6,81,78.0,136.6,60,50.5,91.2,3,28.7
SIM-REQ-02978,SIMULATED,SIM-MRISK-2026.1,ENGG,0,TRACK_TAMPING,0,LOW,0,63.4,8.9,70.8,1,18,0,0,6,90,126,90.3,64,63.4,104.4,240,50.1,70.6,4,31.4
SIM-REQ-02979,SIMULATED,SIM-MRISK-2026.1,ENGG,0,TRACK_TAMPING,0,HIGH,2,100.0,10.0,53.1,2,15,12,0,7,45,56,83.6,20,36.6,84.7,150,57.0,74.5,5,32.1
SIM-REQ-02980,SIMULATED,SIM-MRISK-2026.1,OPTG,3,TRACK_CIRCUIT,5,MEDIUM,1,94.0,6.8,57.1,1,27,7,0,2,90,138,52.3,89,87.4,20.8,240,42.5,88.1,14,29.2
SIM-REQ-02981,SIMULATED,SIM-MRISK-2026.1,ENGG,0,WELD_REPAIR,6,MEDIUM,1,75.0,6.5,83.5,1,2,-12,12,3,60,67,75.0,74,81.7,41.3,240,47.2,79.7,2,45.5
SIM-REQ-02982,SIMULATED,SIM-MRISK-2026.1,SNT,2,POINT_OVERHAUL,3,MEDIUM,1,95.3,4.6,87.8,1,30,12,0,6,30,47,45.2,78,78.6,75.7,60,42.2,64.5,13,29.4
SIM-REQ-02983,SIMULATED,SIM-MRISK-2026.1,ENGG,0,TRACK_TAMPING,0,MEDIUM,1,100.0,0.7,71.0,2,4,-10,10,4,45,15,91.2,57,59.7,57.7,150,57.0,67.9,0,50.4
SIM-REQ-02984,SIMULATED,SIM-MRISK-2026.1,SNT,2,OHE_INSPECTION,2,MEDIUM,1,44.4,13.9,46.6,1,25,1,0,5,180,133,86.3,106,93.6,127.9,180,54.9,64.4,22,34.6
SIM-REQ-02985,SIMULATED,SIM-MRISK-2026.1,TRD,1,RAIL_REPLACEMENT,1,LOW,0,77.5,6.5,89.1,2,8,0,0,4,45,59,60.1,91,84.7,88.7,180,62.6,87.1,18,42.8
SIM-REQ-02986,SIMULATED,SIM-MRISK-2026.1,SNT,2,RAIL_REPLACEMENT,1,HIGH,2,86.1,6.1,87.0,1,14,14,0,3,180,42,68.6,99,92.6,69.2,150,44.5,55.8,16,37.2
SIM-REQ-02987,SIMULATED,SIM-MRISK-2026.1,OPTG,3,TRACK_TAMPING,0,HIGH,2,81.6,4.8,58.4,1,17,2,0,5,90,102,66.8,37,45.1,105.7,60,45.6,77.6,5,24.7
SIM-REQ-02988,SIMULATED,SIM-MRISK-2026.1,ENGG,0,RAIL_REPLACEMENT,1,MEDIUM,1,47.0,12.4,94.2,2,17,7,0,4,180,258,72.6,31,45.4,54.6,60,70.2,64.2,7,48.9
SIM-REQ-02989,SIMULATED,SIM-MRISK-2026.1,TRD,1,TRACK_TAMPING,0,MEDIUM,1,77.4,3.8,81.9,2,22,5,0,8,60,89,56.2,110,92.7,193.5,150,62.6,54.9,20,50.3
SIM-REQ-02990,SIMULATED,SIM-MRISK-2026.1,ENGG,0,TRACK_CIRCUIT,5,MEDIUM,1,92.8,5.2,50.3,2,15,4,0,5,45,14,58.1,101,91.4,56.0,150,58.8,73.2,15,37.3
SIM-REQ-02991,SIMULATED,SIM-MRISK-2026.1,ENGG,0,TRACK_TAMPING,0,MEDIUM,1,30.5,23.6,59.6,3,73,15,0,6,30,20,42.2,78,75.2,95.5,90,90.4,57.7,5,81.5
SIM-REQ-02992,SIMULATED,SIM-MRISK-2026.1,OPTG,3,OHE_INSPECTION,2,HIGH,2,90.9,8.1,56.3,1,22,15,0,4,90,30,87.7,66,70.2,38.3,60,43.3,59.3,3,25.3
SIM-REQ-02993,SIMULATED,SIM-MRISK-2026.1,ENGG,0,TRACK_TAMPING,0,LOW,0,67.6,15.6,54.3,1,31,5,0,6,60,78,90.7,98,91.9,126.3,150,49.1,51.4,13,32.2
SIM-REQ-02994,SIMULATED,SIM-MRISK-2026.1,TRD,1,OHE_INSPECTION,2,MEDIUM,1,79.9,9.7,74.1,1,13,24,0,4,45,23,62.4,34,48.4,83.5,180,46.0,58.9,17,21.3
SIM-REQ-02995,SIMULATED,SIM-MRISK-2026.1,ENGG,0,RAIL_REPLACEMENT,1,MEDIUM,1,87.1,6.9,91.3,1,12,-3,3,0,60,35,59.6,28,38.8,5.2,150,44.2,64.4,19,31.3
SIM-REQ-02996,SIMULATED,SIM-MRISK-2026.1,ENGG,0,RAIL_REPLACEMENT,1,HIGH,2,92.3,4.5,81.2,1,12,1,0,6,60,67,76.1,57,54.3,119.6,150,42.9,52.2,4,27.2
SIM-REQ-02997,SIMULATED,SIM-MRISK-2026.1,TRD,1,TRACK_CIRCUIT,5,MEDIUM,1,38.0,17.0,73.6,2,4,5,0,7,45,44,57.3,27,43.8,191.9,90,72.5,40.3,9,45.0
SIM-REQ-02998,SIMULATED,SIM-MRISK-2026.1,ENGG,0,POINT_OVERHAUL,3,HIGH,2,57.3,15.7,74.7,1,30,16,0,3,180,45,59.4,109,87.6,51.1,180,51.7,64.6,22,31.2
SIM-REQ-02999,SIMULATED,SIM-MRISK-2026.1,ENGG,0,RAIL_REPLACEMENT,1,MEDIUM,1,71.5,18.0,75.4,1,13,1,0,3,60,31,81.6,52,49.3,59.9,60,48.1,57.9,9,30.5
SIM-REQ-03000,SIMULATED,SIM-MRISK-2026.1,TRD,1,TRACK_CIRCUIT,5,MEDIUM,1,52.4,13.1,72.7,3,17,-21,21,4,60,74,94.7,65,71.4,91.8,120,84.9,46.9,9,73.0
